sample_id,sr_method,sr_filename,sr_path,dataset,test_case,rel_path,gt_path,lr_path,set_type,resnet_pca_000,resnet_pca_001,resnet_pca_002,resnet_pca_003,resnet_pca_004
QualiSR-Set120/PASD/1024x768___4962875195.npy.gz,PASD,1024x768___4962875195.png,../../../mnt/ssd2/29o_rya/datasets/iqa/QualiSR-Set120/sr/PASD/1024x768___4962875195.png,QualiSR-Set120,1024x768___4962875195,PASD/1024x768___4962875195.png,../../../mnt/ssd2/29o_rya/datasets/iqa/QualiSR-Set120/hr/1024x768___4962875195.png,../../../mnt/ssd2/29o_rya/datasets/iqa/QualiSR-Set120/lr/1024x768___4962875195.png,train,-0.6380513,-0.40738034,-1.3913939,-1.2599208,0.018696427
QualiSR-Set120/RealESRGAN/1024x768___4962875195.npy.gz,RealESRGAN,1024x768___4962875195.png,../../../mnt/ssd2/29o_rya/datasets/iqa/QualiSR-Set120/sr/RealESRGAN/1024x768___4962875195.png,QualiSR-Set120,1024x768___4962875195,RealESRGAN/1024x768___4962875195.png,../../../mnt/ssd2/29o_rya/datasets/iqa/QualiSR-Set120/hr/1024x768___4962875195.png,../../../mnt/ssd2/29o_rya/datasets/iqa/QualiSR-Set120/lr/1024x768___4962875195.png,train,-0.6380513,-0.40738034,-1.3913939,-1.2599208,0.018696427
QualiSR-Set120/SUPIR/1024x768___4962875195.npy.gz,SUPIR,1024x768___4962875195.png,../../../mnt/ssd2/29o_rya/datasets/iqa/QualiSR-Set120/sr/SUPIR/1024x768___4962875195.png,QualiSR-Set120,1024x768___4962875195,SUPIR/1024x768___4962875195.png,../../../mnt/ssd2/29o_rya/datasets/iqa/QualiSR-Set120/hr/1024x768___4962875195.png,../../../mnt/ssd2/29o_rya/datasets/iqa/QualiSR-Set120/lr/1024x768___4962875195.png,train,-0.6380513,-0.40738034,-1.3913939,-1.2599208,0.018696427
QualiSR-Set120/PASD/ava_images___101816.npy.gz,PASD,ava_images___101816.png,../../../mnt/ssd2/29o_rya/datasets/iqa/QualiSR-Set120/sr/PASD/ava_images___101816.png,QualiSR-Set120,ava_images___101816,PASD/ava_images___101816.png,../../../mnt/ssd2/29o_rya/datasets/iqa/QualiSR-Set120/hr/ava_images___101816.png,../../../mnt/ssd2/29o_rya/datasets/iqa/QualiSR-Set120/lr/ava_images___101816.png,train,1.4992558,1.1749134,2.144257,-1.7195958,-4.045351
QualiSR-Set120/RealESRGAN/ava_images___101816.npy.gz,RealESRGAN,ava_images___101816.png,../../../mnt/ssd2/29o_rya/datasets/iqa/QualiSR-Set120/sr/RealESRGAN/ava_images___101816.png,QualiSR-Set120,ava_images___101816,RealESRGAN/ava_images___101816.png,../../../mnt/ssd2/29o_rya/datasets/iqa/QualiSR-Set120/hr/ava_images___101816.png,../../../mnt/ssd2/29o_rya/datasets/iqa/QualiSR-Set120/lr/ava_images___101816.png,train,1.510161,1.14493,2.1260684,-1.7203739,-4.055505
QualiSR-Set120/SUPIR/ava_images___101816.npy.gz,SUPIR,ava_images___101816.png,../../../mnt/ssd2/29o_rya/datasets/iqa/QualiSR-Set120/sr/SUPIR/ava_images___101816.png,QualiSR-Set120,ava_images___101816,SUPIR/ava_images___101816.png,../../../mnt/ssd2/29o_rya/datasets/iqa/QualiSR-Set120/hr/ava_images___101816.png,../../../mnt/ssd2/29o_rya/datasets/iqa/QualiSR-Set120/lr/ava_images___101816.png,train,1.4992558,1.1749134,2.144257,-1.7195958,-4.045351
QualiSR-Set120/PASD/ava_images___158174.npy.gz,PASD,ava_images___158174.png,../../../mnt/ssd2/29o_rya/datasets/iqa/QualiSR-Set120/sr/PASD/ava_images___158174.png,QualiSR-Set120,ava_images___158174,PASD/ava_images___158174.png,../../../mnt/ssd2/29o_rya/datasets/iqa/QualiSR-Set120/hr/ava_images___158174.png,../../../mnt/ssd2/29o_rya/datasets/iqa/QualiSR-Set120/lr/ava_images___158174.png,train,-1.7426132,-5.102231,-7.928184,1.3979061,-0.16182768
QualiSR-Set120/RealESRGAN/ava_images___158174.npy.gz,RealESRGAN,ava_images___158174.png,../../../mnt/ssd2/29o_rya/datasets/iqa/QualiSR-Set120/sr/RealESRGAN/ava_images___158174.png,QualiSR-Set120,ava_images___158174,RealESRGAN/ava_images___158174.png,../../../mnt/ssd2/29o_rya/datasets/iqa/QualiSR-Set120/hr/ava_images___158174.png,../../../mnt/ssd2/29o_rya/datasets/iqa/QualiSR-Set120/lr/ava_images___158174.png,train,-1.7426132,-5.102231,-7.928184,1.3979061,-0.16182768
QualiSR-Set120/SUPIR/ava_images___158174.npy.gz,SUPIR,ava_images___158174.png,../../../mnt/ssd2/29o_rya/datasets/iqa/QualiSR-Set120/sr/SUPIR/ava_images___158174.png,QualiSR-Set120,ava_images___158174,SUPIR/ava_images___158174.png,../../../mnt/ssd2/29o_rya/datasets/iqa/QualiSR-Set120/hr/ava_images___158174.png,../../../mnt/ssd2/29o_rya/datasets/iqa/QualiSR-Set120/lr/ava_images___158174.png,train,-1.7426132,-5.102231,-7.928184,1.3979061,-0.16182768
QualiSR-Set120/PASD/ava_images___18037.npy.gz,PASD,ava_images___18037.png,../../../mnt/ssd2/29o_rya/datasets/iqa/QualiSR-Set120/sr/PASD/ava_images___18037.png,QualiSR-Set120,ava_images___18037,PASD/ava_images___18037.png,../../../mnt/ssd2/29o_rya/datasets/iqa/QualiSR-Set120/hr/ava_images___18037.png,../../../mnt/ssd2/29o_rya/datasets/iqa/QualiSR-Set120/lr/ava_images___18037.png,train,-3.3626034,8.549742,-1.2670228,3.4744084,0.1502155
QualiSR-Set120/RealESRGAN/ava_images___18037.npy.gz,RealESRGAN,ava_images___18037.png,../../../mnt/ssd2/29o_rya/datasets/iqa/QualiSR-Set120/sr/RealESRGAN/ava_images___18037.png,QualiSR-Set120,ava_images___18037,RealESRGAN/ava_images___18037.png,../../../mnt/ssd2/29o_rya/datasets/iqa/QualiSR-Set120/hr/ava_images___18037.png,../../../mnt/ssd2/29o_rya/datasets/iqa/QualiSR-Set120/lr/ava_images___18037.png,train,-3.3626034,8.549742,-1.2670228,3.4744084,0.1502155
QualiSR-Set120/SUPIR/ava_images___18037.npy.gz,SUPIR,ava_images___18037.png,../../../mnt/ssd2/29o_rya/datasets/iqa/QualiSR-Set120/sr/SUPIR/ava_images___18037.png,QualiSR-Set120,ava_images___18037,SUPIR/ava_images___18037.png,../../../mnt/ssd2/29o_rya/datasets/iqa/QualiSR-Set120/hr/ava_images___18037.png,../../../mnt/ssd2/29o_rya/datasets/iqa/QualiSR-Set120/lr/ava_images___18037.png,train,-3.3626034,8.549742,-1.2670228,3.4744084,0.1502155
QualiSR-Set120/PASD/ava_images___217590.npy.gz,PASD,ava_images___217590.png,../../../mnt/ssd2/29o_rya/datasets/iqa/QualiSR-Set120/sr/PASD/ava_images___217590.png,QualiSR-Set120,ava_images___217590,PASD/ava_images___217590.png,../../../mnt/ssd2/29o_rya/datasets/iqa/QualiSR-Set120/hr/ava_images___217590.png,../../../mnt/ssd2/29o_rya/datasets/iqa/QualiSR-Set120/lr/ava_images___217590.png,test,-2.2700777,4.4727554,-0.3297307,1.611166,-0.49756134
QualiSR-Set120/RealESRGAN/ava_images___217590.npy.gz,RealESRGAN,ava_images___217590.png,../../../mnt/ssd2/29o_rya/datasets/iqa/QualiSR-Set120/sr/RealESRGAN/ava_images___217590.png,QualiSR-Set120,ava_images___217590,RealESRGAN/ava_images___217590.png,../../../mnt/ssd2/29o_rya/datasets/iqa/QualiSR-Set120/hr/ava_images___217590.png,../../../mnt/ssd2/29o_rya/datasets/iqa/QualiSR-Set120/lr/ava_images___217590.png,test,-2.243442,4.458474,-0.32160717,1.5768104,-0.48735213
QualiSR-Set120/SUPIR/ava_images___217590.npy.gz,SUPIR,ava_images___217590.png,../../../mnt/ssd2/29o_rya/datasets/iqa/QualiSR-Set120/sr/SUPIR/ava_images___217590.png,QualiSR-Set120,ava_images___217590,SUPIR/ava_images___217590.png,../../../mnt/ssd2/29o_rya/datasets/iqa/QualiSR-Set120/hr/ava_images___217590.png,../../../mnt/ssd2/29o_rya/datasets/iqa/QualiSR-Set120/lr/ava_images___217590.png,test,-2.2700777,4.4727554,-0.3297307,1.611166,-0.49756134
QualiSR-Set120/PASD/ava_images___251530.npy.gz,PASD,ava_images___251530.png,../../../mnt/ssd2/29o_rya/datasets/iqa/QualiSR-Set120/sr/PASD/ava_images___251530.png,QualiSR-Set120,ava_images___251530,PASD/ava_images___251530.png,../../../mnt/ssd2/29o_rya/datasets/iqa/QualiSR-Set120/hr/ava_images___251530.png,../../../mnt/ssd2/29o_rya/datasets/iqa/QualiSR-Set120/lr/ava_images___251530.png,train,-0.9832257,4.30005,1.7151654,-5.0107865,0.7401284
QualiSR-Set120/RealESRGAN/ava_images___251530.npy.gz,RealESRGAN,ava_images___251530.png,../../../mnt/ssd2/29o_rya/datasets/iqa/QualiSR-Set120/sr/RealESRGAN/ava_images___251530.png,QualiSR-Set120,ava_images___251530,RealESRGAN/ava_images___251530.png,../../../mnt/ssd2/29o_rya/datasets/iqa/QualiSR-Set120/hr/ava_images___251530.png,../../../mnt/ssd2/29o_rya/datasets/iqa/QualiSR-Set120/lr/ava_images___251530.png,train,-0.9886427,4.363054,1.7294422,-5.0118656,0.74354756
QualiSR-Set120/SUPIR/ava_images___251530.npy.gz,SUPIR,ava_images___251530.png,../../../mnt/ssd2/29o_rya/datasets/iqa/QualiSR-Set120/sr/SUPIR/ava_images___251530.png,QualiSR-Set120,ava_images___251530,SUPIR/ava_images___251530.png,../../../mnt/ssd2/29o_rya/datasets/iqa/QualiSR-Set120/hr/ava_images___251530.png,../../../mnt/ssd2/29o_rya/datasets/iqa/QualiSR-Set120/lr/ava_images___251530.png,train,-0.9832257,4.30005,1.7151654,-5.0107865,0.7401284
QualiSR-Set120/PASD/ava_images___253900.npy.gz,PASD,ava_images___253900.png,../../../mnt/ssd2/29o_rya/datasets/iqa/QualiSR-Set120/sr/PASD/ava_images___253900.png,QualiSR-Set120,ava_images___253900,PASD/ava_images___253900.png,../../../mnt/ssd2/29o_rya/datasets/iqa/QualiSR-Set120/hr/ava_images___253900.png,../../../mnt/ssd2/29o_rya/datasets/iqa/QualiSR-Set120/lr/ava_images___253900.png,train,4.471296,6.358472,-3.183626,-1.1297222,4.855309
QualiSR-Set120/RealESRGAN/ava_images___253900.npy.gz,RealESRGAN,ava_images___253900.png,../../../mnt/ssd2/29o_rya/datasets/iqa/QualiSR-Set120/sr/RealESRGAN/ava_images___253900.png,QualiSR-Set120,ava_images___253900,RealESRGAN/ava_images___253900.png,../../../mnt/ssd2/29o_rya/datasets/iqa/QualiSR-Set120/hr/ava_images___253900.png,../../../mnt/ssd2/29o_rya/datasets/iqa/QualiSR-Set120/lr/ava_images___253900.png,train,4.4715405,6.4475884,-3.1634839,-1.1945773,4.9169893
QualiSR-Set120/SUPIR/ava_images___253900.npy.gz,SUPIR,ava_images___253900.png,../../../mnt/ssd2/29o_rya/datasets/iqa/QualiSR-Set120/sr/SUPIR/ava_images___253900.png,QualiSR-Set120,ava_images___253900,SUPIR/ava_images___253900.png,../../../mnt/ssd2/29o_rya/datasets/iqa/QualiSR-Set120/hr/ava_images___253900.png,../../../mnt/ssd2/29o_rya/datasets/iqa/QualiSR-Set120/lr/ava_images___253900.png,train,4.471296,6.358472,-3.183626,-1.1297222,4.855309
QualiSR-Set120/PASD/ava_images___273810.npy.gz,PASD,ava_images___273810.png,../../../mnt/ssd2/29o_rya/datasets/iqa/QualiSR-Set120/sr/PASD/ava_images___273810.png,QualiSR-Set120,ava_images___273810,PASD/ava_images___273810.png,../../../mnt/ssd2/29o_rya/datasets/iqa/QualiSR-Set120/hr/ava_images___273810.png,../../../mnt/ssd2/29o_rya/datasets/iqa/QualiSR-Set120/lr/ava_images___273810.png,train,-2.7801394,-4.743374,-3.7546208,0.6958611,-2.1513298
QualiSR-Set120/RealESRGAN/ava_images___273810.npy.gz,RealESRGAN,ava_images___273810.png,../../../mnt/ssd2/29o_rya/datasets/iqa/QualiSR-Set120/sr/RealESRGAN/ava_images___273810.png,QualiSR-Set120,ava_images___273810,RealESRGAN/ava_images___273810.png,../../../mnt/ssd2/29o_rya/datasets/iqa/QualiSR-Set120/hr/ava_images___273810.png,../../../mnt/ssd2/29o_rya/datasets/iqa/QualiSR-Set120/lr/ava_images___273810.png,train,-2.8306985,-4.76056,-3.7765954,0.7051443,-2.152617
QualiSR-Set120/SUPIR/ava_images___273810.npy.gz,SUPIR,ava_images___273810.png,../../../mnt/ssd2/29o_rya/datasets/iqa/QualiSR-Set120/sr/SUPIR/ava_images___273810.png,QualiSR-Set120,ava_images___273810,SUPIR/ava_images___273810.png,../../../mnt/ssd2/29o_rya/datasets/iqa/QualiSR-Set120/hr/ava_images___273810.png,../../../mnt/ssd2/29o_rya/datasets/iqa/QualiSR-Set120/lr/ava_images___273810.png,train,-2.7801394,-4.743374,-3.7546208,0.6958611,-2.1513298
QualiSR-Set120/PASD/ava_images___295451.npy.gz,PASD,ava_images___295451.png,../../../mnt/ssd2/29o_rya/datasets/iqa/QualiSR-Set120/sr/PASD/ava_images___295451.png,QualiSR-Set120,ava_images___295451,PASD/ava_images___295451.png,../../../mnt/ssd2/29o_rya/datasets/iqa/QualiSR-Set120/hr/ava_images___295451.png,../../../mnt/ssd2/29o_rya/datasets/iqa/QualiSR-Set120/lr/ava_images___295451.png,train,-2.2521832,-2.563722,-1.4342556,-0.24572378,-0.9073564
QualiSR-Set120/RealESRGAN/ava_images___295451.npy.gz,RealESRGAN,ava_images___295451.png,../../../mnt/ssd2/29o_rya/datasets/iqa/QualiSR-Set120/sr/RealESRGAN/ava_images___295451.png,QualiSR-Set120,ava_images___295451,RealESRGAN/ava_images___295451.png,../../../mnt/ssd2/29o_rya/datasets/iqa/QualiSR-Set120/hr/ava_images___295451.png,../../../mnt/ssd2/29o_rya/datasets/iqa/QualiSR-Set120/lr/ava_images___295451.png,train,-2.2853665,-2.5599368,-1.4265404,-0.23862639,-0.9196074
QualiSR-Set120/SUPIR/ava_images___295451.npy.gz,SUPIR,ava_images___295451.png,../../../mnt/ssd2/29o_rya/datasets/iqa/QualiSR-Set120/sr/SUPIR/ava_images___295451.png,QualiSR-Set120,ava_images___295451,SUPIR/ava_images___295451.png,../../../mnt/ssd2/29o_rya/datasets/iqa/QualiSR-Set120/hr/ava_images___295451.png,../../../mnt/ssd2/29o_rya/datasets/iqa/QualiSR-Set120/lr/ava_images___295451.png,train,-2.2521832,-2.563722,-1.4342556,-0.24572378,-0.9073564
QualiSR-Set120/PASD/ava_images___308473.npy.gz,PASD,ava_images___308473.png,../../../mnt/ssd2/29o_rya/datasets/iqa/QualiSR-Set120/sr/PASD/ava_images___308473.png,QualiSR-Set120,ava_images___308473,PASD/ava_images___308473.png,../../../mnt/ssd2/29o_rya/datasets/iqa/QualiSR-Set120/hr/ava_images___308473.png,../../../mnt/ssd2/29o_rya/datasets/iqa/QualiSR-Set120/lr/ava_images___308473.png,train,8.51733,3.9433134,-1.5976913,-2.8233566,4.9041233
QualiSR-Set120/RealESRGAN/ava_images___308473.npy.gz,RealESRGAN,ava_images___308473.png,../../../mnt/ssd2/29o_rya/datasets/iqa/QualiSR-Set120/sr/RealESRGAN/ava_images___308473.png,QualiSR-Set120,ava_images___308473,RealESRGAN/ava_images___308473.png,../../../mnt/ssd2/29o_rya/datasets/iqa/QualiSR-Set120/hr/ava_images___308473.png,../../../mnt/ssd2/29o_rya/datasets/iqa/QualiSR-Set120/lr/ava_images___308473.png,train,8.540449,3.9589646,-1.569536,-2.8115854,4.8358545
QualiSR-Set120/SUPIR/ava_images___308473.npy.gz,SUPIR,ava_images___308473.png,../../../mnt/ssd2/29o_rya/datasets/iqa/QualiSR-Set120/sr/SUPIR/ava_images___308473.png,QualiSR-Set120,ava_images___308473,SUPIR/ava_images___308473.png,../../../mnt/ssd2/29o_rya/datasets/iqa/QualiSR-Set120/hr/ava_images___308473.png,../../../mnt/ssd2/29o_rya/datasets/iqa/QualiSR-Set120/lr/ava_images___308473.png,train,8.51733,3.9433134,-1.5976913,-2.8233566,4.9041233
QualiSR-Set120/PASD/ava_images___321917.npy.gz,PASD,ava_images___321917.png,../../../mnt/ssd2/29o_rya/datasets/iqa/QualiSR-Set120/sr/PASD/ava_images___321917.png,QualiSR-Set120,ava_images___321917,PASD/ava_images___321917.png,../../../mnt/ssd2/29o_rya/datasets/iqa/QualiSR-Set120/hr/ava_images___321917.png,../../../mnt/ssd2/29o_rya/datasets/iqa/QualiSR-Set120/lr/ava_images___321917.png,train,0.4748267,3.0868573,4.0557594,-3.0229142,3.3973403
QualiSR-Set120/RealESRGAN/ava_images___321917.npy.gz,RealESRGAN,ava_images___321917.png,../../../mnt/ssd2/29o_rya/datasets/iqa/QualiSR-Set120/sr/RealESRGAN/ava_images___321917.png,QualiSR-Set120,ava_images___321917,RealESRGAN/ava_images___321917.png,../../../mnt/ssd2/29o_rya/datasets/iqa/QualiSR-Set120/hr/ava_images___321917.png,../../../mnt/ssd2/29o_rya/datasets/iqa/QualiSR-Set120/lr/ava_images___321917.png,train,0.4748267,3.0868573,4.0557594,-3.0229142,3.3973403
QualiSR-Set120/SUPIR/ava_images___321917.npy.gz,SUPIR,ava_images___321917.png,../../../mnt/ssd2/29o_rya/datasets/iqa/QualiSR-Set120/sr/SUPIR/ava_images___321917.png,QualiSR-Set120,ava_images___321917,SUPIR/ava_images___321917.png,../../../mnt/ssd2/29o_rya/datasets/iqa/QualiSR-Set120/hr/ava_images___321917.png,../../../mnt/ssd2/29o_rya/datasets/iqa/QualiSR-Set120/lr/ava_images___321917.png,train,0.4748267,3.0868573,4.0557594,-3.0229142,3.3973403
QualiSR-Set120/PASD/ava_images___360165.npy.gz,PASD,ava_images___360165.png,../../../mnt/ssd2/29o_rya/datasets/iqa/QualiSR-Set120/sr/PASD/ava_images___360165.png,QualiSR-Set120,ava_images___360165,PASD/ava_images___360165.png,../../../mnt/ssd2/29o_rya/datasets/iqa/QualiSR-Set120/hr/ava_images___360165.png,../../../mnt/ssd2/29o_rya/datasets/iqa/QualiSR-Set120/lr/ava_images___360165.png,train,-1.511297,-0.6238972,0.35049957,-0.20301929,-1.4184619
QualiSR-Set120/RealESRGAN/ava_images___360165.npy.gz,RealESRGAN,ava_images___360165.png,../../../mnt/ssd2/29o_rya/datasets/iqa/QualiSR-Set120/sr/RealESRGAN/ava_images___360165.png,QualiSR-Set120,ava_images___360165,RealESRGAN/ava_images___360165.png,../../../mnt/ssd2/29o_rya/datasets/iqa/QualiSR-Set120/hr/ava_images___360165.png,../../../mnt/ssd2/29o_rya/datasets/iqa/QualiSR-Set120/lr/ava_images___360165.png,train,-1.5029018,-0.6040742,0.36914754,-0.20845294,-1.4299802
QualiSR-Set120/SUPIR/ava_images___360165.npy.gz,SUPIR,ava_images___360165.png,../../../mnt/ssd2/29o_rya/datasets/iqa/QualiSR-Set120/sr/SUPIR/ava_images___360165.png,QualiSR-Set120,ava_images___360165,SUPIR/ava_images___360165.png,../../../mnt/ssd2/29o_rya/datasets/iqa/QualiSR-Set120/hr/ava_images___360165.png,../../../mnt/ssd2/29o_rya/datasets/iqa/QualiSR-Set120/lr/ava_images___360165.png,train,-1.511297,-0.6238972,0.35049957,-0.20301929,-1.4184619
QualiSR-Set120/PASD/ava_images___426629.npy.gz,PASD,ava_images___426629.png,../../../mnt/ssd2/29o_rya/datasets/iqa/QualiSR-Set120/sr/PASD/ava_images___426629.png,QualiSR-Set120,ava_images___426629,PASD/ava_images___426629.png,../../../mnt/ssd2/29o_rya/datasets/iqa/QualiSR-Set120/hr/ava_images___426629.png,../../../mnt/ssd2/29o_rya/datasets/iqa/QualiSR-Set120/lr/ava_images___426629.png,test,-0.2134043,4.265645,0.3524381,-0.92430866,0.8700081
QualiSR-Set120/RealESRGAN/ava_images___426629.npy.gz,RealESRGAN,ava_images___426629.png,../../../mnt/ssd2/29o_rya/datasets/iqa/QualiSR-Set120/sr/RealESRGAN/ava_images___426629.png,QualiSR-Set120,ava_images___426629,RealESRGAN/ava_images___426629.png,../../../mnt/ssd2/29o_rya/datasets/iqa/QualiSR-Set120/hr/ava_images___426629.png,../../../mnt/ssd2/29o_rya/datasets/iqa/QualiSR-Set120/lr/ava_images___426629.png,test,-0.2134043,4.265645,0.3524381,-0.92430866,0.8700081
QualiSR-Set120/SUPIR/ava_images___426629.npy.gz,SUPIR,ava_images___426629.png,../../../mnt/ssd2/29o_rya/datasets/iqa/QualiSR-Set120/sr/SUPIR/ava_images___426629.png,QualiSR-Set120,ava_images___426629,SUPIR/ava_images___426629.png,../../../mnt/ssd2/29o_rya/datasets/iqa/QualiSR-Set120/hr/ava_images___426629.png,../../../mnt/ssd2/29o_rya/datasets/iqa/QualiSR-Set120/lr/ava_images___426629.png,test,-0.2134043,4.265645,0.3524381,-0.92430866,0.8700081
QualiSR-Set120/PASD/ava_images___436880.npy.gz,PASD,ava_images___436880.png,../../../mnt/ssd2/29o_rya/datasets/iqa/QualiSR-Set120/sr/PASD/ava_images___436880.png,QualiSR-Set120,ava_images___436880,PASD/ava_images___436880.png,../../../mnt/ssd2/29o_rya/datasets/iqa/QualiSR-Set120/hr/ava_images___436880.png,../../../mnt/ssd2/29o_rya/datasets/iqa/QualiSR-Set120/lr/ava_images___436880.png,train,8.167823,1.00258,-0.56865984,-2.2228365,0.22596574
QualiSR-Set120/RealESRGAN/ava_images___436880.npy.gz,RealESRGAN,ava_images___436880.png,../../../mnt/ssd2/29o_rya/datasets/iqa/QualiSR-Set120/sr/RealESRGAN/ava_images___436880.png,QualiSR-Set120,ava_images___436880,RealESRGAN/ava_images___436880.png,../../../mnt/ssd2/29o_rya/datasets/iqa/QualiSR-Set120/hr/ava_images___436880.png,../../../mnt/ssd2/29o_rya/datasets/iqa/QualiSR-Set120/lr/ava_images___436880.png,train,8.167823,1.00258,-0.56865984,-2.2228365,0.22596574
QualiSR-Set120/SUPIR/ava_images___436880.npy.gz,SUPIR,ava_images___436880.png,../../../mnt/ssd2/29o_rya/datasets/iqa/QualiSR-Set120/sr/SUPIR/ava_images___436880.png,QualiSR-Set120,ava_images___436880,SUPIR/ava_images___436880.png,../../../mnt/ssd2/29o_rya/datasets/iqa/QualiSR-Set120/hr/ava_images___436880.png,../../../mnt/ssd2/29o_rya/datasets/iqa/QualiSR-Set120/lr/ava_images___436880.png,train,8.167823,1.00258,-0.56865984,-2.2228365,0.22596574
QualiSR-Set120/PASD/ava_images___46021.npy.gz,PASD,ava_images___46021.png,../../../mnt/ssd2/29o_rya/datasets/iqa/QualiSR-Set120/sr/PASD/ava_images___46021.png,QualiSR-Set120,ava_images___46021,PASD/ava_images___46021.png,../../../mnt/ssd2/29o_rya/datasets/iqa/QualiSR-Set120/hr/ava_images___46021.png,../../../mnt/ssd2/29o_rya/datasets/iqa/QualiSR-Set120/lr/ava_images___46021.png,train,-1.8868072,-2.2252865,0.9116119,-1.2876065,2.901434
QualiSR-Set120/RealESRGAN/ava_images___46021.npy.gz,RealESRGAN,ava_images___46021.png,../../../mnt/ssd2/29o_rya/datasets/iqa/QualiSR-Set120/sr/RealESRGAN/ava_images___46021.png,QualiSR-Set120,ava_images___46021,RealESRGAN/ava_images___46021.png,../../../mnt/ssd2/29o_rya/datasets/iqa/QualiSR-Set120/hr/ava_images___46021.png,../../../mnt/ssd2/29o_rya/datasets/iqa/QualiSR-Set120/lr/ava_images___46021.png,train,-1.8868072,-2.2252865,0.9116119,-1.2876065,2.901434
QualiSR-Set120/SUPIR/ava_images___46021.npy.gz,SUPIR,ava_images___46021.png,../../../mnt/ssd2/29o_rya/datasets/iqa/QualiSR-Set120/sr/SUPIR/ava_images___46021.png,QualiSR-Set120,ava_images___46021,SUPIR/ava_images___46021.png,../../../mnt/ssd2/29o_rya/datasets/iqa/QualiSR-Set120/hr/ava_images___46021.png,../../../mnt/ssd2/29o_rya/datasets/iqa/QualiSR-Set120/lr/ava_images___46021.png,train,-1.8868072,-2.2252865,0.9116119,-1.2876065,2.901434
QualiSR-Set120/PASD/ava_images___472713.npy.gz,PASD,ava_images___472713.png,../../../mnt/ssd2/29o_rya/datasets/iqa/QualiSR-Set120/sr/PASD/ava_images___472713.png,QualiSR-Set120,ava_images___472713,PASD/ava_images___472713.png,../../../mnt/ssd2/29o_rya/datasets/iqa/QualiSR-Set120/hr/ava_images___472713.png,../../../mnt/ssd2/29o_rya/datasets/iqa/QualiSR-Set120/lr/ava_images___472713.png,test,-0.87364805,-1.5942537,-0.022747278,0.8434472,-1.2944609
QualiSR-Set120/RealESRGAN/ava_images___472713.npy.gz,RealESRGAN,ava_images___472713.png,../../../mnt/ssd2/29o_rya/datasets/iqa/QualiSR-Set120/sr/RealESRGAN/ava_images___472713.png,QualiSR-Set120,ava_images___472713,RealESRGAN/ava_images___472713.png,../../../mnt/ssd2/29o_rya/datasets/iqa/QualiSR-Set120/hr/ava_images___472713.png,../../../mnt/ssd2/29o_rya/datasets/iqa/QualiSR-Set120/lr/ava_images___472713.png,test,-0.8338783,-1.595996,-0.02305895,0.8363545,-1.2733676
QualiSR-Set120/SUPIR/ava_images___472713.npy.gz,SUPIR,ava_images___472713.png,../../../mnt/ssd2/29o_rya/datasets/iqa/QualiSR-Set120/sr/SUPIR/ava_images___472713.png,QualiSR-Set120,ava_images___472713,SUPIR/ava_images___472713.png,../../../mnt/ssd2/29o_rya/datasets/iqa/QualiSR-Set120/hr/ava_images___472713.png,../../../mnt/ssd2/29o_rya/datasets/iqa/QualiSR-Set120/lr/ava_images___472713.png,test,-0.87364805,-1.5942537,-0.022747278,0.8434472,-1.2944609
QualiSR-Set120/PASD/ava_images___501777.npy.gz,PASD,ava_images___501777.png,../../../mnt/ssd2/29o_rya/datasets/iqa/QualiSR-Set120/sr/PASD/ava_images___501777.png,QualiSR-Set120,ava_images___501777,PASD/ava_images___501777.png,../../../mnt/ssd2/29o_rya/datasets/iqa/QualiSR-Set120/hr/ava_images___501777.png,../../../mnt/ssd2/29o_rya/datasets/iqa/QualiSR-Set120/lr/ava_images___501777.png,test,0.30332816,-1.1875322,-0.72808033,0.14056575,0.10521281
QualiSR-Set120/RealESRGAN/ava_images___501777.npy.gz,RealESRGAN,ava_images___501777.png,../../../mnt/ssd2/29o_rya/datasets/iqa/QualiSR-Set120/sr/RealESRGAN/ava_images___501777.png,QualiSR-Set120,ava_images___501777,RealESRGAN/ava_images___501777.png,../../../mnt/ssd2/29o_rya/datasets/iqa/QualiSR-Set120/hr/ava_images___501777.png,../../../mnt/ssd2/29o_rya/datasets/iqa/QualiSR-Set120/lr/ava_images___501777.png,test,0.30332816,-1.1875322,-0.72808033,0.14056575,0.10521281
QualiSR-Set120/SUPIR/ava_images___501777.npy.gz,SUPIR,ava_images___501777.png,../../../mnt/ssd2/29o_rya/datasets/iqa/QualiSR-Set120/sr/SUPIR/ava_images___501777.png,QualiSR-Set120,ava_images___501777,SUPIR/ava_images___501777.png,../../../mnt/ssd2/29o_rya/datasets/iqa/QualiSR-Set120/hr/ava_images___501777.png,../../../mnt/ssd2/29o_rya/datasets/iqa/QualiSR-Set120/lr/ava_images___501777.png,test,0.30332816,-1.1875322,-0.72808033,0.14056575,0.10521281
QualiSR-Set120/PASD/ava_images___564572.npy.gz,PASD,ava_images___564572.png,../../../mnt/ssd2/29o_rya/datasets/iqa/QualiSR-Set120/sr/PASD/ava_images___564572.png,QualiSR-Set120,ava_images___564572,PASD/ava_images___564572.png,../../../mnt/ssd2/29o_rya/datasets/iqa/QualiSR-Set120/hr/ava_images___564572.png,../../../mnt/ssd2/29o_rya/datasets/iqa/QualiSR-Set120/lr/ava_images___564572.png,train,-2.3253152,-0.46857476,1.6700666,-0.71715695,-0.9265576
QualiSR-Set120/RealESRGAN/ava_images___564572.npy.gz,RealESRGAN,ava_images___564572.png,../../../mnt/ssd2/29o_rya/datasets/iqa/QualiSR-Set120/sr/RealESRGAN/ava_images___564572.png,QualiSR-Set120,ava_images___564572,RealESRGAN/ava_images___564572.png,../../../mnt/ssd2/29o_rya/datasets/iqa/QualiSR-Set120/hr/ava_images___564572.png,../../../mnt/ssd2/29o_rya/datasets/iqa/QualiSR-Set120/lr/ava_images___564572.png,train,-2.3253152,-0.46857476,1.6700666,-0.71715695,-0.9265576
QualiSR-Set120/SUPIR/ava_images___564572.npy.gz,SUPIR,ava_images___564572.png,../../../mnt/ssd2/29o_rya/datasets/iqa/QualiSR-Set120/sr/SUPIR/ava_images___564572.png,QualiSR-Set120,ava_images___564572,SUPIR/ava_images___564572.png,../../../mnt/ssd2/29o_rya/datasets/iqa/QualiSR-Set120/hr/ava_images___564572.png,../../../mnt/ssd2/29o_rya/datasets/iqa/QualiSR-Set120/lr/ava_images___564572.png,train,-2.3253152,-0.46857476,1.6700666,-0.71715695,-0.9265576
QualiSR-Set120/PASD/ava_images___588008.npy.gz,PASD,ava_images___588008.png,../../../mnt/ssd2/29o_rya/datasets/iqa/QualiSR-Set120/sr/PASD/ava_images___588008.png,QualiSR-Set120,ava_images___588008,PASD/ava_images___588008.png,../../../mnt/ssd2/29o_rya/datasets/iqa/QualiSR-Set120/hr/ava_images___588008.png,../../../mnt/ssd2/29o_rya/datasets/iqa/QualiSR-Set120/lr/ava_images___588008.png,train,-5.134717,10.357655,-3.0323858,7.262537,-1.4013574
QualiSR-Set120/RealESRGAN/ava_images___588008.npy.gz,RealESRGAN,ava_images___588008.png,../../../mnt/ssd2/29o_rya/datasets/iqa/QualiSR-Set120/sr/RealESRGAN/ava_images___588008.png,QualiSR-Set120,ava_images___588008,RealESRGAN/ava_images___588008.png,../../../mnt/ssd2/29o_rya/datasets/iqa/QualiSR-Set120/hr/ava_images___588008.png,../../../mnt/ssd2/29o_rya/datasets/iqa/QualiSR-Set120/lr/ava_images___588008.png,train,-5.158614,10.359935,-3.064007,7.2795687,-1.3948933
QualiSR-Set120/SUPIR/ava_images___588008.npy.gz,SUPIR,ava_images___588008.png,../../../mnt/ssd2/29o_rya/datasets/iqa/QualiSR-Set120/sr/SUPIR/ava_images___588008.png,QualiSR-Set120,ava_images___588008,SUPIR/ava_images___588008.png,../../../mnt/ssd2/29o_rya/datasets/iqa/QualiSR-Set120/hr/ava_images___588008.png,../../../mnt/ssd2/29o_rya/datasets/iqa/QualiSR-Set120/lr/ava_images___588008.png,train,-5.134717,10.357655,-3.0323858,7.262537,-1.4013574
QualiSR-Set120/PASD/ava_images___645845.npy.gz,PASD,ava_images___645845.png,../../../mnt/ssd2/29o_rya/datasets/iqa/QualiSR-Set120/sr/PASD/ava_images___645845.png,QualiSR-Set120,ava_images___645845,PASD/ava_images___645845.png,../../../mnt/ssd2/29o_rya/datasets/iqa/QualiSR-Set120/hr/ava_images___645845.png,../../../mnt/ssd2/29o_rya/datasets/iqa/QualiSR-Set120/lr/ava_images___645845.png,test,0.52542126,1.8294504,0.74146104,0.2227217,-1.1948793
QualiSR-Set120/RealESRGAN/ava_images___645845.npy.gz,RealESRGAN,ava_images___645845.png,../../../mnt/ssd2/29o_rya/datasets/iqa/QualiSR-Set120/sr/RealESRGAN/ava_images___645845.png,QualiSR-Set120,ava_images___645845,RealESRGAN/ava_images___645845.png,../../../mnt/ssd2/29o_rya/datasets/iqa/QualiSR-Set120/hr/ava_images___645845.png,../../../mnt/ssd2/29o_rya/datasets/iqa/QualiSR-Set120/lr/ava_images___645845.png,test,0.5134243,1.8353056,0.74879694,0.20750332,-1.2064283
QualiSR-Set120/SUPIR/ava_images___645845.npy.gz,SUPIR,ava_images___645845.png,../../../mnt/ssd2/29o_rya/datasets/iqa/QualiSR-Set120/sr/SUPIR/ava_images___645845.png,QualiSR-Set120,ava_images___645845,SUPIR/ava_images___645845.png,../../../mnt/ssd2/29o_rya/datasets/iqa/QualiSR-Set120/hr/ava_images___645845.png,../../../mnt/ssd2/29o_rya/datasets/iqa/QualiSR-Set120/lr/ava_images___645845.png,test,0.52542126,1.8294504,0.74146104,0.2227217,-1.1948793
QualiSR-Set120/PASD/ava_images___699615.npy.gz,PASD,ava_images___699615.png,../../../mnt/ssd2/29o_rya/datasets/iqa/QualiSR-Set120/sr/PASD/ava_images___699615.png,QualiSR-Set120,ava_images___699615,PASD/ava_images___699615.png,../../../mnt/ssd2/29o_rya/datasets/iqa/QualiSR-Set120/hr/ava_images___699615.png,../../../mnt/ssd2/29o_rya/datasets/iqa/QualiSR-Set120/lr/ava_images___699615.png,train,-0.93543804,-1.1302133,3.0163708,-0.2606799,1.2781993
QualiSR-Set120/RealESRGAN/ava_images___699615.npy.gz,RealESRGAN,ava_images___699615.png,../../../mnt/ssd2/29o_rya/datasets/iqa/QualiSR-Set120/sr/RealESRGAN/ava_images___699615.png,QualiSR-Set120,ava_images___699615,RealESRGAN/ava_images___699615.png,../../../mnt/ssd2/29o_rya/datasets/iqa/QualiSR-Set120/hr/ava_images___699615.png,../../../mnt/ssd2/29o_rya/datasets/iqa/QualiSR-Set120/lr/ava_images___699615.png,train,-0.93543804,-1.1302133,3.0163708,-0.2606799,1.2781993
QualiSR-Set120/SUPIR/ava_images___699615.npy.gz,SUPIR,ava_images___699615.png,../../../mnt/ssd2/29o_rya/datasets/iqa/QualiSR-Set120/sr/SUPIR/ava_images___699615.png,QualiSR-Set120,ava_images___699615,SUPIR/ava_images___699615.png,../../../mnt/ssd2/29o_rya/datasets/iqa/QualiSR-Set120/hr/ava_images___699615.png,../../../mnt/ssd2/29o_rya/datasets/iqa/QualiSR-Set120/lr/ava_images___699615.png,train,-0.93543804,-1.1302133,3.0163708,-0.2606799,1.2781993
QualiSR-Set120/PASD/ava_images___710191.npy.gz,PASD,ava_images___710191.png,../../../mnt/ssd2/29o_rya/datasets/iqa/QualiSR-Set120/sr/PASD/ava_images___710191.png,QualiSR-Set120,ava_images___710191,PASD/ava_images___710191.png,../../../mnt/ssd2/29o_rya/datasets/iqa/QualiSR-Set120/hr/ava_images___710191.png,../../../mnt/ssd2/29o_rya/datasets/iqa/QualiSR-Set120/lr/ava_images___710191.png,train,-0.7133814,-4.060467,-2.4270592,0.7385626,0.022895336
QualiSR-Set120/RealESRGAN/ava_images___710191.npy.gz,RealESRGAN,ava_images___710191.png,../../../mnt/ssd2/29o_rya/datasets/iqa/QualiSR-Set120/sr/RealESRGAN/ava_images___710191.png,QualiSR-Set120,ava_images___710191,RealESRGAN/ava_images___710191.png,../../../mnt/ssd2/29o_rya/datasets/iqa/QualiSR-Set120/hr/ava_images___710191.png,../../../mnt/ssd2/29o_rya/datasets/iqa/QualiSR-Set120/lr/ava_images___710191.png,train,-0.6534054,-4.019936,-2.3818028,0.7190101,0.03533995
QualiSR-Set120/SUPIR/ava_images___710191.npy.gz,SUPIR,ava_images___710191.png,../../../mnt/ssd2/29o_rya/datasets/iqa/QualiSR-Set120/sr/SUPIR/ava_images___710191.png,QualiSR-Set120,ava_images___710191,SUPIR/ava_images___710191.png,../../../mnt/ssd2/29o_rya/datasets/iqa/QualiSR-Set120/hr/ava_images___710191.png,../../../mnt/ssd2/29o_rya/datasets/iqa/QualiSR-Set120/lr/ava_images___710191.png,train,-0.7133814,-4.060467,-2.4270592,0.7385626,0.022895336
QualiSR-Set120/PASD/ava_images___737450.npy.gz,PASD,ava_images___737450.png,../../../mnt/ssd2/29o_rya/datasets/iqa/QualiSR-Set120/sr/PASD/ava_images___737450.png,QualiSR-Set120,ava_images___737450,PASD/ava_images___737450.png,../../../mnt/ssd2/29o_rya/datasets/iqa/QualiSR-Set120/hr/ava_images___737450.png,../../../mnt/ssd2/29o_rya/datasets/iqa/QualiSR-Set120/lr/ava_images___737450.png,train,-2.3163652,-0.40408075,0.80610555,-0.32394367,-1.9436044
QualiSR-Set120/RealESRGAN/ava_images___737450.npy.gz,RealESRGAN,ava_images___737450.png,../../../mnt/ssd2/29o_rya/datasets/iqa/QualiSR-Set120/sr/RealESRGAN/ava_images___737450.png,QualiSR-Set120,ava_images___737450,RealESRGAN/ava_images___737450.png,../../../mnt/ssd2/29o_rya/datasets/iqa/QualiSR-Set120/hr/ava_images___737450.png,../../../mnt/ssd2/29o_rya/datasets/iqa/QualiSR-Set120/lr/ava_images___737450.png,train,-2.3123107,-0.39401478,0.80952984,-0.31853312,-1.9389303
QualiSR-Set120/SUPIR/ava_images___737450.npy.gz,SUPIR,ava_images___737450.png,../../../mnt/ssd2/29o_rya/datasets/iqa/QualiSR-Set120/sr/SUPIR/ava_images___737450.png,QualiSR-Set120,ava_images___737450,SUPIR/ava_images___737450.png,../../../mnt/ssd2/29o_rya/datasets/iqa/QualiSR-Set120/hr/ava_images___737450.png,../../../mnt/ssd2/29o_rya/datasets/iqa/QualiSR-Set120/lr/ava_images___737450.png,train,-2.3163652,-0.40408075,0.80610555,-0.32394367,-1.9436044
QualiSR-Set120/PASD/ava_images___74410.npy.gz,PASD,ava_images___74410.png,../../../mnt/ssd2/29o_rya/datasets/iqa/QualiSR-Set120/sr/PASD/ava_images___74410.png,QualiSR-Set120,ava_images___74410,PASD/ava_images___74410.png,../../../mnt/ssd2/29o_rya/datasets/iqa/QualiSR-Set120/hr/ava_images___74410.png,../../../mnt/ssd2/29o_rya/datasets/iqa/QualiSR-Set120/lr/ava_images___74410.png,train,-2.3549113,0.93946433,1.135755,-6.706688,-3.485075
QualiSR-Set120/RealESRGAN/ava_images___74410.npy.gz,RealESRGAN,ava_images___74410.png,../../../mnt/ssd2/29o_rya/datasets/iqa/QualiSR-Set120/sr/RealESRGAN/ava_images___74410.png,QualiSR-Set120,ava_images___74410,RealESRGAN/ava_images___74410.png,../../../mnt/ssd2/29o_rya/datasets/iqa/QualiSR-Set120/hr/ava_images___74410.png,../../../mnt/ssd2/29o_rya/datasets/iqa/QualiSR-Set120/lr/ava_images___74410.png,train,-2.3204677,0.9604339,1.1337228,-6.7267356,-3.4734726
QualiSR-Set120/SUPIR/ava_images___74410.npy.gz,SUPIR,ava_images___74410.png,../../../mnt/ssd2/29o_rya/datasets/iqa/QualiSR-Set120/sr/SUPIR/ava_images___74410.png,QualiSR-Set120,ava_images___74410,SUPIR/ava_images___74410.png,../../../mnt/ssd2/29o_rya/datasets/iqa/QualiSR-Set120/hr/ava_images___74410.png,../../../mnt/ssd2/29o_rya/datasets/iqa/QualiSR-Set120/lr/ava_images___74410.png,train,-2.3549113,0.93946433,1.135755,-6.706688,-3.485075
QualiSR-Set120/PASD/ava_images___751927.npy.gz,PASD,ava_images___751927.png,../../../mnt/ssd2/29o_rya/datasets/iqa/QualiSR-Set120/sr/PASD/ava_images___751927.png,QualiSR-Set120,ava_images___751927,PASD/ava_images___751927.png,../../../mnt/ssd2/29o_rya/datasets/iqa/QualiSR-Set120/hr/ava_images___751927.png,../../../mnt/ssd2/29o_rya/datasets/iqa/QualiSR-Set120/lr/ava_images___751927.png,train,-2.1936018,-0.24492802,1.318924,-0.5856285,-2.7272496
QualiSR-Set120/RealESRGAN/ava_images___751927.npy.gz,RealESRGAN,ava_images___751927.png,../../../mnt/ssd2/29o_rya/datasets/iqa/QualiSR-Set120/sr/RealESRGAN/ava_images___751927.png,QualiSR-Set120,ava_images___751927,RealESRGAN/ava_images___751927.png,../../../mnt/ssd2/29o_rya/datasets/iqa/QualiSR-Set120/hr/ava_images___751927.png,../../../mnt/ssd2/29o_rya/datasets/iqa/QualiSR-Set120/lr/ava_images___751927.png,train,-2.1965969,-0.23034962,1.3245311,-0.5849629,-2.7237253
QualiSR-Set120/SUPIR/ava_images___751927.npy.gz,SUPIR,ava_images___751927.png,../../../mnt/ssd2/29o_rya/datasets/iqa/QualiSR-Set120/sr/SUPIR/ava_images___751927.png,QualiSR-Set120,ava_images___751927,SUPIR/ava_images___751927.png,../../../mnt/ssd2/29o_rya/datasets/iqa/QualiSR-Set120/hr/ava_images___751927.png,../../../mnt/ssd2/29o_rya/datasets/iqa/QualiSR-Set120/lr/ava_images___751927.png,train,-2.1936018,-0.24492802,1.318924,-0.5856285,-2.7272496
QualiSR-Set120/PASD/ava_images___773899.npy.gz,PASD,ava_images___773899.png,../../../mnt/ssd2/29o_rya/datasets/iqa/QualiSR-Set120/sr/PASD/ava_images___773899.png,QualiSR-Set120,ava_images___773899,PASD/ava_images___773899.png,../../../mnt/ssd2/29o_rya/datasets/iqa/QualiSR-Set120/hr/ava_images___773899.png,../../../mnt/ssd2/29o_rya/datasets/iqa/QualiSR-Set120/lr/ava_images___773899.png,train,0.3840691,-1.8312998,-3.544865,-2.6440415,2.2382493
QualiSR-Set120/RealESRGAN/ava_images___773899.npy.gz,RealESRGAN,ava_images___773899.png,../../../mnt/ssd2/29o_rya/datasets/iqa/QualiSR-Set120/sr/RealESRGAN/ava_images___773899.png,QualiSR-Set120,ava_images___773899,RealESRGAN/ava_images___773899.png,../../../mnt/ssd2/29o_rya/datasets/iqa/QualiSR-Set120/hr/ava_images___773899.png,../../../mnt/ssd2/29o_rya/datasets/iqa/QualiSR-Set120/lr/ava_images___773899.png,train,0.35167158,-1.744454,-3.4639657,-2.653825,2.2045026
QualiSR-Set120/SUPIR/ava_images___773899.npy.gz,SUPIR,ava_images___773899.png,../../../mnt/ssd2/29o_rya/datasets/iqa/QualiSR-Set120/sr/SUPIR/ava_images___773899.png,QualiSR-Set120,ava_images___773899,SUPIR/ava_images___773899.png,../../../mnt/ssd2/29o_rya/datasets/iqa/QualiSR-Set120/hr/ava_images___773899.png,../../../mnt/ssd2/29o_rya/datasets/iqa/QualiSR-Set120/lr/ava_images___773899.png,train,0.3840691,-1.8312998,-3.544865,-2.6440415,2.2382493
QualiSR-Set120/PASD/ava_images___827653.npy.gz,PASD,ava_images___827653.png,../../../mnt/ssd2/29o_rya/datasets/iqa/QualiSR-Set120/sr/PASD/ava_images___827653.png,QualiSR-Set120,ava_images___827653,PASD/ava_images___827653.png,../../../mnt/ssd2/29o_rya/datasets/iqa/QualiSR-Set120/hr/ava_images___827653.png,../../../mnt/ssd2/29o_rya/datasets/iqa/QualiSR-Set120/lr/ava_images___827653.png,test,1.856424,0.17904449,-1.7293594,0.013142705,1.8402766
QualiSR-Set120/RealESRGAN/ava_images___827653.npy.gz,RealESRGAN,ava_images___827653.png,../../../mnt/ssd2/29o_rya/datasets/iqa/QualiSR-Set120/sr/RealESRGAN/ava_images___827653.png,QualiSR-Set120,ava_images___827653,RealESRGAN/ava_images___827653.png,../../../mnt/ssd2/29o_rya/datasets/iqa/QualiSR-Set120/hr/ava_images___827653.png,../../../mnt/ssd2/29o_rya/datasets/iqa/QualiSR-Set120/lr/ava_images___827653.png,test,1.856424,0.17904449,-1.7293594,0.013142705,1.8402766
QualiSR-Set120/SUPIR/ava_images___827653.npy.gz,SUPIR,ava_images___827653.png,../../../mnt/ssd2/29o_rya/datasets/iqa/QualiSR-Set120/sr/SUPIR/ava_images___827653.png,QualiSR-Set120,ava_images___827653,SUPIR/ava_images___827653.png,../../../mnt/ssd2/29o_rya/datasets/iqa/QualiSR-Set120/hr/ava_images___827653.png,../../../mnt/ssd2/29o_rya/datasets/iqa/QualiSR-Set120/lr/ava_images___827653.png,test,1.856424,0.17904449,-1.7293594,0.013142705,1.8402766
QualiSR-Set120/PASD/ava_images___842206.npy.gz,PASD,ava_images___842206.png,../../../mnt/ssd2/29o_rya/datasets/iqa/QualiSR-Set120/sr/PASD/ava_images___842206.png,QualiSR-Set120,ava_images___842206,PASD/ava_images___842206.png,../../../mnt/ssd2/29o_rya/datasets/iqa/QualiSR-Set120/hr/ava_images___842206.png,../../../mnt/ssd2/29o_rya/datasets/iqa/QualiSR-Set120/lr/ava_images___842206.png,test,-0.4898485,-2.0128565,3.1609373,2.4554784,0.73063433
QualiSR-Set120/RealESRGAN/ava_images___842206.npy.gz,RealESRGAN,ava_images___842206.png,../../../mnt/ssd2/29o_rya/datasets/iqa/QualiSR-Set120/sr/RealESRGAN/ava_images___842206.png,QualiSR-Set120,ava_images___842206,RealESRGAN/ava_images___842206.png,../../../mnt/ssd2/29o_rya/datasets/iqa/QualiSR-Set120/hr/ava_images___842206.png,../../../mnt/ssd2/29o_rya/datasets/iqa/QualiSR-Set120/lr/ava_images___842206.png,test,-0.4898485,-2.0128565,3.1609373,2.4554784,0.73063433
QualiSR-Set120/SUPIR/ava_images___842206.npy.gz,SUPIR,ava_images___842206.png,../../../mnt/ssd2/29o_rya/datasets/iqa/QualiSR-Set120/sr/SUPIR/ava_images___842206.png,QualiSR-Set120,ava_images___842206,SUPIR/ava_images___842206.png,../../../mnt/ssd2/29o_rya/datasets/iqa/QualiSR-Set120/hr/ava_images___842206.png,../../../mnt/ssd2/29o_rya/datasets/iqa/QualiSR-Set120/lr/ava_images___842206.png,test,-0.4898485,-2.0128565,3.1609373,2.4554784,0.73063433
QualiSR-Set120/PASD/ava_images___846773.npy.gz,PASD,ava_images___846773.png,../../../mnt/ssd2/29o_rya/datasets/iqa/QualiSR-Set120/sr/PASD/ava_images___846773.png,QualiSR-Set120,ava_images___846773,PASD/ava_images___846773.png,../../../mnt/ssd2/29o_rya/datasets/iqa/QualiSR-Set120/hr/ava_images___846773.png,../../../mnt/ssd2/29o_rya/datasets/iqa/QualiSR-Set120/lr/ava_images___846773.png,train,-2.1530633,-3.3428504,7.992511,3.6761718,6.6949577
QualiSR-Set120/RealESRGAN/ava_images___846773.npy.gz,RealESRGAN,ava_images___846773.png,../../../mnt/ssd2/29o_rya/datasets/iqa/QualiSR-Set120/sr/RealESRGAN/ava_images___846773.png,QualiSR-Set120,ava_images___846773,RealESRGAN/ava_images___846773.png,../../../mnt/ssd2/29o_rya/datasets/iqa/QualiSR-Set120/hr/ava_images___846773.png,../../../mnt/ssd2/29o_rya/datasets/iqa/QualiSR-Set120/lr/ava_images___846773.png,train,-2.1530633,-3.3428504,7.992511,3.6761718,6.6949577
QualiSR-Set120/SUPIR/ava_images___846773.npy.gz,SUPIR,ava_images___846773.png,../../../mnt/ssd2/29o_rya/datasets/iqa/QualiSR-Set120/sr/SUPIR/ava_images___846773.png,QualiSR-Set120,ava_images___846773,SUPIR/ava_images___846773.png,../../../mnt/ssd2/29o_rya/datasets/iqa/QualiSR-Set120/hr/ava_images___846773.png,../../../mnt/ssd2/29o_rya/datasets/iqa/QualiSR-Set120/lr/ava_images___846773.png,train,-2.1530633,-3.3428504,7.992511,3.6761718,6.6949577
QualiSR-Set120/PASD/ava_images___857447.npy.gz,PASD,ava_images___857447.png,../../../mnt/ssd2/29o_rya/datasets/iqa/QualiSR-Set120/sr/PASD/ava_images___857447.png,QualiSR-Set120,ava_images___857447,PASD/ava_images___857447.png,../../../mnt/ssd2/29o_rya/datasets/iqa/QualiSR-Set120/hr/ava_images___857447.png,../../../mnt/ssd2/29o_rya/datasets/iqa/QualiSR-Set120/lr/ava_images___857447.png,train,-0.84651494,-3.2528317,4.768632,4.2552133,2.6287942
QualiSR-Set120/RealESRGAN/ava_images___857447.npy.gz,RealESRGAN,ava_images___857447.png,../../../mnt/ssd2/29o_rya/datasets/iqa/QualiSR-Set120/sr/RealESRGAN/ava_images___857447.png,QualiSR-Set120,ava_images___857447,RealESRGAN/ava_images___857447.png,../../../mnt/ssd2/29o_rya/datasets/iqa/QualiSR-Set120/hr/ava_images___857447.png,../../../mnt/ssd2/29o_rya/datasets/iqa/QualiSR-Set120/lr/ava_images___857447.png,train,-0.83264863,-3.2416658,4.7379217,4.2533555,2.5976257
QualiSR-Set120/SUPIR/ava_images___857447.npy.gz,SUPIR,ava_images___857447.png,../../../mnt/ssd2/29o_rya/datasets/iqa/QualiSR-Set120/sr/SUPIR/ava_images___857447.png,QualiSR-Set120,ava_images___857447,SUPIR/ava_images___857447.png,../../../mnt/ssd2/29o_rya/datasets/iqa/QualiSR-Set120/hr/ava_images___857447.png,../../../mnt/ssd2/29o_rya/datasets/iqa/QualiSR-Set120/lr/ava_images___857447.png,train,-0.84651494,-3.2528317,4.768632,4.2552133,2.6287942
QualiSR-Set120/PASD/ava_images___864250.npy.gz,PASD,ava_images___864250.png,../../../mnt/ssd2/29o_rya/datasets/iqa/QualiSR-Set120/sr/PASD/ava_images___864250.png,QualiSR-Set120,ava_images___864250,PASD/ava_images___864250.png,../../../mnt/ssd2/29o_rya/datasets/iqa/QualiSR-Set120/hr/ava_images___864250.png,../../../mnt/ssd2/29o_rya/datasets/iqa/QualiSR-Set120/lr/ava_images___864250.png,train,2.1191049,-2.9850016,1.3742402,3.1207156,0.31458616
QualiSR-Set120/RealESRGAN/ava_images___864250.npy.gz,RealESRGAN,ava_images___864250.png,../../../mnt/ssd2/29o_rya/datasets/iqa/QualiSR-Set120/sr/RealESRGAN/ava_images___864250.png,QualiSR-Set120,ava_images___864250,RealESRGAN/ava_images___864250.png,../../../mnt/ssd2/29o_rya/datasets/iqa/QualiSR-Set120/hr/ava_images___864250.png,../../../mnt/ssd2/29o_rya/datasets/iqa/QualiSR-Set120/lr/ava_images___864250.png,train,2.1191049,-2.9850016,1.3742402,3.1207156,0.31458616
QualiSR-Set120/SUPIR/ava_images___864250.npy.gz,SUPIR,ava_images___864250.png,../../../mnt/ssd2/29o_rya/datasets/iqa/QualiSR-Set120/sr/SUPIR/ava_images___864250.png,QualiSR-Set120,ava_images___864250,SUPIR/ava_images___864250.png,../../../mnt/ssd2/29o_rya/datasets/iqa/QualiSR-Set120/hr/ava_images___864250.png,../../../mnt/ssd2/29o_rya/datasets/iqa/QualiSR-Set120/lr/ava_images___864250.png,train,2.1191049,-2.9850016,1.3742402,3.1207156,0.31458616
QualiSR-Set120/PASD/ava_images___865616.npy.gz,PASD,ava_images___865616.png,../../../mnt/ssd2/29o_rya/datasets/iqa/QualiSR-Set120/sr/PASD/ava_images___865616.png,QualiSR-Set120,ava_images___865616,PASD/ava_images___865616.png,../../../mnt/ssd2/29o_rya/datasets/iqa/QualiSR-Set120/hr/ava_images___865616.png,../../../mnt/ssd2/29o_rya/datasets/iqa/QualiSR-Set120/lr/ava_images___865616.png,train,6.7749004,1.2229763,1.4961436,0.3098685,-0.5716579
QualiSR-Set120/RealESRGAN/ava_images___865616.npy.gz,RealESRGAN,ava_images___865616.png,../../../mnt/ssd2/29o_rya/datasets/iqa/QualiSR-Set120/sr/RealESRGAN/ava_images___865616.png,QualiSR-Set120,ava_images___865616,RealESRGAN/ava_images___865616.png,../../../mnt/ssd2/29o_rya/datasets/iqa/QualiSR-Set120/hr/ava_images___865616.png,../../../mnt/ssd2/29o_rya/datasets/iqa/QualiSR-Set120/lr/ava_images___865616.png,train,6.8238783,1.2405157,1.50739,0.31201506,-0.60196126
QualiSR-Set120/SUPIR/ava_images___865616.npy.gz,SUPIR,ava_images___865616.png,../../../mnt/ssd2/29o_rya/datasets/iqa/QualiSR-Set120/sr/SUPIR/ava_images___865616.png,QualiSR-Set120,ava_images___865616,SUPIR/ava_images___865616.png,../../../mnt/ssd2/29o_rya/datasets/iqa/QualiSR-Set120/hr/ava_images___865616.png,../../../mnt/ssd2/29o_rya/datasets/iqa/QualiSR-Set120/lr/ava_images___865616.png,train,6.7749004,1.2229763,1.4961436,0.3098685,-0.5716579
QualiSR-Set120/PASD/ava_images___953752.npy.gz,PASD,ava_images___953752.png,../../../mnt/ssd2/29o_rya/datasets/iqa/QualiSR-Set120/sr/PASD/ava_images___953752.png,QualiSR-Set120,ava_images___953752,PASD/ava_images___953752.png,../../../mnt/ssd2/29o_rya/datasets/iqa/QualiSR-Set120/hr/ava_images___953752.png,../../../mnt/ssd2/29o_rya/datasets/iqa/QualiSR-Set120/lr/ava_images___953752.png,train,1.2218543,1.5332316,0.4300188,-1.1950125,-1.0107019
QualiSR-Set120/RealESRGAN/ava_images___953752.npy.gz,RealESRGAN,ava_images___953752.png,../../../mnt/ssd2/29o_rya/datasets/iqa/QualiSR-Set120/sr/RealESRGAN/ava_images___953752.png,QualiSR-Set120,ava_images___953752,RealESRGAN/ava_images___953752.png,../../../mnt/ssd2/29o_rya/datasets/iqa/QualiSR-Set120/hr/ava_images___953752.png,../../../mnt/ssd2/29o_rya/datasets/iqa/QualiSR-Set120/lr/ava_images___953752.png,train,1.1983889,1.5340793,0.42659336,-1.1959319,-0.9994175
QualiSR-Set120/SUPIR/ava_images___953752.npy.gz,SUPIR,ava_images___953752.png,../../../mnt/ssd2/29o_rya/datasets/iqa/QualiSR-Set120/sr/SUPIR/ava_images___953752.png,QualiSR-Set120,ava_images___953752,SUPIR/ava_images___953752.png,../../../mnt/ssd2/29o_rya/datasets/iqa/QualiSR-Set120/hr/ava_images___953752.png,../../../mnt/ssd2/29o_rya/datasets/iqa/QualiSR-Set120/lr/ava_images___953752.png,train,1.2218543,1.5332316,0.4300188,-1.1950125,-1.0107019
QualiSR-Set120/PASD/blur_dataset___out_of_focus0685.npy.gz,PASD,blur_dataset___out_of_focus0685.png,../../../mnt/ssd2/29o_rya/datasets/iqa/QualiSR-Set120/sr/PASD/blur_dataset___out_of_focus0685.png,QualiSR-Set120,blur_dataset___out_of_focus0685,PASD/blur_dataset___out_of_focus0685.png,../../../mnt/ssd2/29o_rya/datasets/iqa/QualiSR-Set120/hr/blur_dataset___out_of_focus0685.png,../../../mnt/ssd2/29o_rya/datasets/iqa/QualiSR-Set120/lr/blur_dataset___out_of_focus0685.png,train,-1.4716979,-2.481857,-3.068454,-1.7274427,-0.40181506
QualiSR-Set120/RealESRGAN/blur_dataset___out_of_focus0685.npy.gz,RealESRGAN,blur_dataset___out_of_focus0685.png,../../../mnt/ssd2/29o_rya/datasets/iqa/QualiSR-Set120/sr/RealESRGAN/blur_dataset___out_of_focus0685.png,QualiSR-Set120,blur_dataset___out_of_focus0685,RealESRGAN/blur_dataset___out_of_focus0685.png,../../../mnt/ssd2/29o_rya/datasets/iqa/QualiSR-Set120/hr/blur_dataset___out_of_focus0685.png,../../../mnt/ssd2/29o_rya/datasets/iqa/QualiSR-Set120/lr/blur_dataset___out_of_focus0685.png,train,-1.4716979,-2.481857,-3.068454,-1.7274427,-0.40181506
QualiSR-Set120/SUPIR/blur_dataset___out_of_focus0685.npy.gz,SUPIR,blur_dataset___out_of_focus0685.png,../../../mnt/ssd2/29o_rya/datasets/iqa/QualiSR-Set120/sr/SUPIR/blur_dataset___out_of_focus0685.png,QualiSR-Set120,blur_dataset___out_of_focus0685,SUPIR/blur_dataset___out_of_focus0685.png,../../../mnt/ssd2/29o_rya/datasets/iqa/QualiSR-Set120/hr/blur_dataset___out_of_focus0685.png,../../../mnt/ssd2/29o_rya/datasets/iqa/QualiSR-Set120/lr/blur_dataset___out_of_focus0685.png,train,-1.4716979,-2.481857,-3.068454,-1.7274427,-0.40181506
QualiSR-Set120/PASD/voc_emotic_ava___EMOTIC__COCO_train2014_000000244530.npy.gz,PASD,voc_emotic_ava___EMOTIC__COCO_train2014_000000244530.png,../../../mnt/ssd2/29o_rya/datasets/iqa/QualiSR-Set120/sr/PASD/voc_emotic_ava___EMOTIC__COCO_train2014_000000244530.png,QualiSR-Set120,voc_emotic_ava___EMOTIC__COCO_train2014_000000244530,PASD/voc_emotic_ava___EMOTIC__COCO_train2014_000000244530.png,../../../mnt/ssd2/29o_rya/datasets/iqa/QualiSR-Set120/hr/voc_emotic_ava___EMOTIC__COCO_train2014_000000244530.png,../../../mnt/ssd2/29o_rya/datasets/iqa/QualiSR-Set120/lr/voc_emotic_ava___EMOTIC__COCO_train2014_000000244530.png,train,9.574243,0.20330931,-2.2779832,2.6837363,1.2019476
QualiSR-Set120/RealESRGAN/voc_emotic_ava___EMOTIC__COCO_train2014_000000244530.npy.gz,RealESRGAN,voc_emotic_ava___EMOTIC__COCO_train2014_000000244530.png,../../../mnt/ssd2/29o_rya/datasets/iqa/QualiSR-Set120/sr/RealESRGAN/voc_emotic_ava___EMOTIC__COCO_train2014_000000244530.png,QualiSR-Set120,voc_emotic_ava___EMOTIC__COCO_train2014_000000244530,RealESRGAN/voc_emotic_ava___EMOTIC__COCO_train2014_000000244530.png,../../../mnt/ssd2/29o_rya/datasets/iqa/QualiSR-Set120/hr/voc_emotic_ava___EMOTIC__COCO_train2014_000000244530.png,../../../mnt/ssd2/29o_rya/datasets/iqa/QualiSR-Set120/lr/voc_emotic_ava___EMOTIC__COCO_train2014_000000244530.png,train,9.574243,0.20330931,-2.2779832,2.6837363,1.2019476
QualiSR-Set120/SUPIR/voc_emotic_ava___EMOTIC__COCO_train2014_000000244530.npy.gz,SUPIR,voc_emotic_ava___EMOTIC__COCO_train2014_000000244530.png,../../../mnt/ssd2/29o_rya/datasets/iqa/QualiSR-Set120/sr/SUPIR/voc_emotic_ava___EMOTIC__COCO_train2014_000000244530.png,QualiSR-Set120,voc_emotic_ava___EMOTIC__COCO_train2014_000000244530,SUPIR/voc_emotic_ava___EMOTIC__COCO_train2014_000000244530.png,../../../mnt/ssd2/29o_rya/datasets/iqa/QualiSR-Set120/hr/voc_emotic_ava___EMOTIC__COCO_train2014_000000244530.png,../../../mnt/ssd2/29o_rya/datasets/iqa/QualiSR-Set120/lr/voc_emotic_ava___EMOTIC__COCO_train2014_000000244530.png,train,9.574243,0.20330931,-2.2779832,2.6837363,1.2019476
QualiSR-Set120/PASD/voc_emotic_ava___EMOTIC__COCO_train2014_000000247190.npy.gz,PASD,voc_emotic_ava___EMOTIC__COCO_train2014_000000247190.png,../../../mnt/ssd2/29o_rya/datasets/iqa/QualiSR-Set120/sr/PASD/voc_emotic_ava___EMOTIC__COCO_train2014_000000247190.png,QualiSR-Set120,voc_emotic_ava___EMOTIC__COCO_train2014_000000247190,PASD/voc_emotic_ava___EMOTIC__COCO_train2014_000000247190.png,../../../mnt/ssd2/29o_rya/datasets/iqa/QualiSR-Set120/hr/voc_emotic_ava___EMOTIC__COCO_train2014_000000247190.png,../../../mnt/ssd2/29o_rya/datasets/iqa/QualiSR-Set120/lr/voc_emotic_ava___EMOTIC__COCO_train2014_000000247190.png,train,2.8604593,1.4006878,2.3990865,-0.76217276,-3.7950358
QualiSR-Set120/RealESRGAN/voc_emotic_ava___EMOTIC__COCO_train2014_000000247190.npy.gz,RealESRGAN,voc_emotic_ava___EMOTIC__COCO_train2014_000000247190.png,../../../mnt/ssd2/29o_rya/datasets/iqa/QualiSR-Set120/sr/RealESRGAN/voc_emotic_ava___EMOTIC__COCO_train2014_000000247190.png,QualiSR-Set120,voc_emotic_ava___EMOTIC__COCO_train2014_000000247190,RealESRGAN/voc_emotic_ava___EMOTIC__COCO_train2014_000000247190.png,../../../mnt/ssd2/29o_rya/datasets/iqa/QualiSR-Set120/hr/voc_emotic_ava___EMOTIC__COCO_train2014_000000247190.png,../../../mnt/ssd2/29o_rya/datasets/iqa/QualiSR-Set120/lr/voc_emotic_ava___EMOTIC__COCO_train2014_000000247190.png,train,2.8252292,1.3835974,2.3967943,-0.758919,-3.7966576
QualiSR-Set120/SUPIR/voc_emotic_ava___EMOTIC__COCO_train2014_000000247190.npy.gz,SUPIR,voc_emotic_ava___EMOTIC__COCO_train2014_000000247190.png,../../../mnt/ssd2/29o_rya/datasets/iqa/QualiSR-Set120/sr/SUPIR/voc_emotic_ava___EMOTIC__COCO_train2014_000000247190.png,QualiSR-Set120,voc_emotic_ava___EMOTIC__COCO_train2014_000000247190,SUPIR/voc_emotic_ava___EMOTIC__COCO_train2014_000000247190.png,../../../mnt/ssd2/29o_rya/datasets/iqa/QualiSR-Set120/hr/voc_emotic_ava___EMOTIC__COCO_train2014_000000247190.png,../../../mnt/ssd2/29o_rya/datasets/iqa/QualiSR-Set120/lr/voc_emotic_ava___EMOTIC__COCO_train2014_000000247190.png,train,2.8604593,1.4006878,2.3990865,-0.76217276,-3.7950358
QualiSR-Set120/PASD/voc_emotic_ava___EMOTIC__COCO_val2014_000000020598.npy.gz,PASD,voc_emotic_ava___EMOTIC__COCO_val2014_000000020598.png,../../../mnt/ssd2/29o_rya/datasets/iqa/QualiSR-Set120/sr/PASD/voc_emotic_ava___EMOTIC__COCO_val2014_000000020598.png,QualiSR-Set120,voc_emotic_ava___EMOTIC__COCO_val2014_000000020598,PASD/voc_emotic_ava___EMOTIC__COCO_val2014_000000020598.png,../../../mnt/ssd2/29o_rya/datasets/iqa/QualiSR-Set120/hr/voc_emotic_ava___EMOTIC__COCO_val2014_000000020598.png,../../../mnt/ssd2/29o_rya/datasets/iqa/QualiSR-Set120/lr/voc_emotic_ava___EMOTIC__COCO_val2014_000000020598.png,train,10.318319,-0.65688956,0.9512062,4.238885,-3.4249146
QualiSR-Set120/RealESRGAN/voc_emotic_ava___EMOTIC__COCO_val2014_000000020598.npy.gz,RealESRGAN,voc_emotic_ava___EMOTIC__COCO_val2014_000000020598.png,../../../mnt/ssd2/29o_rya/datasets/iqa/QualiSR-Set120/sr/RealESRGAN/voc_emotic_ava___EMOTIC__COCO_val2014_000000020598.png,QualiSR-Set120,voc_emotic_ava___EMOTIC__COCO_val2014_000000020598,RealESRGAN/voc_emotic_ava___EMOTIC__COCO_val2014_000000020598.png,../../../mnt/ssd2/29o_rya/datasets/iqa/QualiSR-Set120/hr/voc_emotic_ava___EMOTIC__COCO_val2014_000000020598.png,../../../mnt/ssd2/29o_rya/datasets/iqa/QualiSR-Set120/lr/voc_emotic_ava___EMOTIC__COCO_val2014_000000020598.png,train,10.318319,-0.65688956,0.9512062,4.238885,-3.4249146
QualiSR-Set120/SUPIR/voc_emotic_ava___EMOTIC__COCO_val2014_000000020598.npy.gz,SUPIR,voc_emotic_ava___EMOTIC__COCO_val2014_000000020598.png,../../../mnt/ssd2/29o_rya/datasets/iqa/QualiSR-Set120/sr/SUPIR/voc_emotic_ava___EMOTIC__COCO_val2014_000000020598.png,QualiSR-Set120,voc_emotic_ava___EMOTIC__COCO_val2014_000000020598,SUPIR/voc_emotic_ava___EMOTIC__COCO_val2014_000000020598.png,../../../mnt/ssd2/29o_rya/datasets/iqa/QualiSR-Set120/hr/voc_emotic_ava___EMOTIC__COCO_val2014_000000020598.png,../../../mnt/ssd2/29o_rya/datasets/iqa/QualiSR-Set120/lr/voc_emotic_ava___EMOTIC__COCO_val2014_000000020598.png,train,10.318319,-0.65688956,0.9512062,4.238885,-3.4249146
QualiSR-Set120/PASD/voc_emotic_ava___JPEGImages__2008_003883.npy.gz,PASD,voc_emotic_ava___JPEGImages__2008_003883.png,../../../mnt/ssd2/29o_rya/datasets/iqa/QualiSR-Set120/sr/PASD/voc_emotic_ava___JPEGImages__2008_003883.png,QualiSR-Set120,voc_emotic_ava___JPEGImages__2008_003883,PASD/voc_emotic_ava___JPEGImages__2008_003883.png,../../../mnt/ssd2/29o_rya/datasets/iqa/QualiSR-Set120/hr/voc_emotic_ava___JPEGImages__2008_003883.png,../../../mnt/ssd2/29o_rya/datasets/iqa/QualiSR-Set120/lr/voc_emotic_ava___JPEGImages__2008_003883.png,test,9.090107,1.054375,0.17666453,-1.0349298,-0.7829678
QualiSR-Set120/RealESRGAN/voc_emotic_ava___JPEGImages__2008_003883.npy.gz,RealESRGAN,voc_emotic_ava___JPEGImages__2008_003883.png,../../../mnt/ssd2/29o_rya/datasets/iqa/QualiSR-Set120/sr/RealESRGAN/voc_emotic_ava___JPEGImages__2008_003883.png,QualiSR-Set120,voc_emotic_ava___JPEGImages__2008_003883,RealESRGAN/voc_emotic_ava___JPEGImages__2008_003883.png,../../../mnt/ssd2/29o_rya/datasets/iqa/QualiSR-Set120/hr/voc_emotic_ava___JPEGImages__2008_003883.png,../../../mnt/ssd2/29o_rya/datasets/iqa/QualiSR-Set120/lr/voc_emotic_ava___JPEGImages__2008_003883.png,test,9.037826,1.0647994,0.15681511,-1.0455532,-0.7742414
QualiSR-Set120/SUPIR/voc_emotic_ava___JPEGImages__2008_003883.npy.gz,SUPIR,voc_emotic_ava___JPEGImages__2008_003883.png,../../../mnt/ssd2/29o_rya/datasets/iqa/QualiSR-Set120/sr/SUPIR/voc_emotic_ava___JPEGImages__2008_003883.png,QualiSR-Set120,voc_emotic_ava___JPEGImages__2008_003883,SUPIR/voc_emotic_ava___JPEGImages__2008_003883.png,../../../mnt/ssd2/29o_rya/datasets/iqa/QualiSR-Set120/hr/voc_emotic_ava___JPEGImages__2008_003883.png,../../../mnt/ssd2/29o_rya/datasets/iqa/QualiSR-Set120/lr/voc_emotic_ava___JPEGImages__2008_003883.png,test,9.090107,1.054375,0.17666453,-1.0349298,-0.7829678
QualiSR-Set120/PASD/voc_emotic_ava___VOC2012__2010_004399.npy.gz,PASD,voc_emotic_ava___VOC2012__2010_004399.png,../../../mnt/ssd2/29o_rya/datasets/iqa/QualiSR-Set120/sr/PASD/voc_emotic_ava___VOC2012__2010_004399.png,QualiSR-Set120,voc_emotic_ava___VOC2012__2010_004399,PASD/voc_emotic_ava___VOC2012__2010_004399.png,../../../mnt/ssd2/29o_rya/datasets/iqa/QualiSR-Set120/hr/voc_emotic_ava___VOC2012__2010_004399.png,../../../mnt/ssd2/29o_rya/datasets/iqa/QualiSR-Set120/lr/voc_emotic_ava___VOC2012__2010_004399.png,train,2.328226,-0.22802012,2.7137313,0.6452929,-3.8276434
QualiSR-Set120/RealESRGAN/voc_emotic_ava___VOC2012__2010_004399.npy.gz,RealESRGAN,voc_emotic_ava___VOC2012__2010_004399.png,../../../mnt/ssd2/29o_rya/datasets/iqa/QualiSR-Set120/sr/RealESRGAN/voc_emotic_ava___VOC2012__2010_004399.png,QualiSR-Set120,voc_emotic_ava___VOC2012__2010_004399,RealESRGAN/voc_emotic_ava___VOC2012__2010_004399.png,../../../mnt/ssd2/29o_rya/datasets/iqa/QualiSR-Set120/hr/voc_emotic_ava___VOC2012__2010_004399.png,../../../mnt/ssd2/29o_rya/datasets/iqa/QualiSR-Set120/lr/voc_emotic_ava___VOC2012__2010_004399.png,train,2.4141946,-0.26031226,2.7329836,0.6687194,-3.8654919
QualiSR-Set120/SUPIR/voc_emotic_ava___VOC2012__2010_004399.npy.gz,SUPIR,voc_emotic_ava___VOC2012__2010_004399.png,../../../mnt/ssd2/29o_rya/datasets/iqa/QualiSR-Set120/sr/SUPIR/voc_emotic_ava___VOC2012__2010_004399.png,QualiSR-Set120,voc_emotic_ava___VOC2012__2010_004399,SUPIR/voc_emotic_ava___VOC2012__2010_004399.png,../../../mnt/ssd2/29o_rya/datasets/iqa/QualiSR-Set120/hr/voc_emotic_ava___VOC2012__2010_004399.png,../../../mnt/ssd2/29o_rya/datasets/iqa/QualiSR-Set120/lr/voc_emotic_ava___VOC2012__2010_004399.png,train,2.328226,-0.22802012,2.7137313,0.6452929,-3.8276434
QualiSR-Set120/PASD/voc_emotic_ava___VOC2012__2012_004043.npy.gz,PASD,voc_emotic_ava___VOC2012__2012_004043.png,../../../mnt/ssd2/29o_rya/datasets/iqa/QualiSR-Set120/sr/PASD/voc_emotic_ava___VOC2012__2012_004043.png,QualiSR-Set120,voc_emotic_ava___VOC2012__2012_004043,PASD/voc_emotic_ava___VOC2012__2012_004043.png,../../../mnt/ssd2/29o_rya/datasets/iqa/QualiSR-Set120/hr/voc_emotic_ava___VOC2012__2012_004043.png,../../../mnt/ssd2/29o_rya/datasets/iqa/QualiSR-Set120/lr/voc_emotic_ava___VOC2012__2012_004043.png,train,9.880776,1.0146624,2.8542924,0.29640675,-5.718022
QualiSR-Set120/RealESRGAN/voc_emotic_ava___VOC2012__2012_004043.npy.gz,RealESRGAN,voc_emotic_ava___VOC2012__2012_004043.png,../../../mnt/ssd2/29o_rya/datasets/iqa/QualiSR-Set120/sr/RealESRGAN/voc_emotic_ava___VOC2012__2012_004043.png,QualiSR-Set120,voc_emotic_ava___VOC2012__2012_004043,RealESRGAN/voc_emotic_ava___VOC2012__2012_004043.png,../../../mnt/ssd2/29o_rya/datasets/iqa/QualiSR-Set120/hr/voc_emotic_ava___VOC2012__2012_004043.png,../../../mnt/ssd2/29o_rya/datasets/iqa/QualiSR-Set120/lr/voc_emotic_ava___VOC2012__2012_004043.png,train,9.865399,1.0471776,2.8584175,0.2768342,-5.689875
QualiSR-Set120/SUPIR/voc_emotic_ava___VOC2012__2012_004043.npy.gz,SUPIR,voc_emotic_ava___VOC2012__2012_004043.png,../../../mnt/ssd2/29o_rya/datasets/iqa/QualiSR-Set120/sr/SUPIR/voc_emotic_ava___VOC2012__2012_004043.png,QualiSR-Set120,voc_emotic_ava___VOC2012__2012_004043,SUPIR/voc_emotic_ava___VOC2012__2012_004043.png,../../../mnt/ssd2/29o_rya/datasets/iqa/QualiSR-Set120/hr/voc_emotic_ava___VOC2012__2012_004043.png,../../../mnt/ssd2/29o_rya/datasets/iqa/QualiSR-Set120/lr/voc_emotic_ava___VOC2012__2012_004043.png,train,9.880776,1.0146624,2.8542924,0.29640675,-5.718022
