sample_id,sr_method,sr_filename,sr_path,dataset,test_case,rel_path,gt_path,lr_path,set_type,resnet_pca_000,resnet_pca_001,resnet_pca_002,resnet_pca_003,resnet_pca_004,resnet_pca_005,resnet_pca_006,resnet_pca_007,resnet_pca_008,resnet_pca_009,resnet_pca_010,resnet_pca_011,resnet_pca_012,resnet_pca_013,resnet_pca_014,resnet_pca_015,resnet_pca_016,resnet_pca_017,resnet_pca_018,resnet_pca_019,resnet_pca_020,resnet_pca_021,resnet_pca_022,resnet_pca_023,resnet_pca_024
QualiSR-Set120/PASD/1024x768___4962875195.npy.gz,PASD,1024x768___4962875195.png,../../../mnt/ssd2/29o_rya/datasets/iqa/QualiSR-Set120/sr/PASD/1024x768___4962875195.png,QualiSR-Set120,1024x768___4962875195,PASD/1024x768___4962875195.png,../../../mnt/ssd2/29o_rya/datasets/iqa/QualiSR-Set120/hr/1024x768___4962875195.png,../../../mnt/ssd2/29o_rya/datasets/iqa/QualiSR-Set120/lr/1024x768___4962875195.png,train,-0.92464113,-0.30640095,-1.2390928,-1.1655195,-0.027873516,5.7210665,-4.078964,-4.1161933,-2.574322,1.6544954,-3.2502046,0.2997851,3.4844613,-2.26227,-0.77976656,0.5140808,3.8877158,2.5209744,2.175334,-1.6588918,0.18716212,-0.12151733,-0.46119547,0.5332417,0.44547758
QualiSR-Set120/RealESRGAN/1024x768___4962875195.npy.gz,RealESRGAN,1024x768___4962875195.png,../../../mnt/ssd2/29o_rya/datasets/iqa/QualiSR-Set120/sr/RealESRGAN/1024x768___4962875195.png,QualiSR-Set120,1024x768___4962875195,RealESRGAN/1024x768___4962875195.png,../../../mnt/ssd2/29o_rya/datasets/iqa/QualiSR-Set120/hr/1024x768___4962875195.png,../../../mnt/ssd2/29o_rya/datasets/iqa/QualiSR-Set120/lr/1024x768___4962875195.png,train,-0.9767518,-0.3982234,-1.4904413,-0.9681978,0.07845819,5.497514,-4.1639667,-3.806232,-2.4435084,1.4171181,-3.261223,0.14205599,3.3563733,-2.1421719,-0.892153,0.5094261,3.5462685,2.202583,2.211996,-1.7151706,0.07947777,-0.011856943,-0.43876672,0.4160093,0.4915053
QualiSR-Set120/SUPIR/1024x768___4962875195.npy.gz,SUPIR,1024x768___4962875195.png,../../../mnt/ssd2/29o_rya/datasets/iqa/QualiSR-Set120/sr/SUPIR/1024x768___4962875195.png,QualiSR-Set120,1024x768___4962875195,SUPIR/1024x768___4962875195.png,../../../mnt/ssd2/29o_rya/datasets/iqa/QualiSR-Set120/hr/1024x768___4962875195.png,../../../mnt/ssd2/29o_rya/datasets/iqa/QualiSR-Set120/lr/1024x768___4962875195.png,train,-0.84697866,-0.417453,-1.27038,-1.1912225,0.022023082,5.8312335,-4.3002987,-4.14583,-2.6306822,1.6883109,-3.5055816,0.21218158,3.5906816,-2.3716712,-0.84088886,0.6002099,4.070033,2.5205593,2.336811,-1.6368084,0.120764896,-0.069313705,-0.5320802,0.5930733,0.5312054
QualiSR-Set120/PASD/ava_images___101816.npy.gz,PASD,ava_images___101816.png,../../../mnt/ssd2/29o_rya/datasets/iqa/QualiSR-Set120/sr/PASD/ava_images___101816.png,QualiSR-Set120,ava_images___101816,PASD/ava_images___101816.png,../../../mnt/ssd2/29o_rya/datasets/iqa/QualiSR-Set120/hr/ava_images___101816.png,../../../mnt/ssd2/29o_rya/datasets/iqa/QualiSR-Set120/lr/ava_images___101816.png,train,-1.5266473,0.44009417,1.6888348,-0.7656573,-2.8427343,1.573973,0.26853815,-1.8780911,-0.32272363,-0.009228751,0.37548953,-0.5952499,-1.0540676,-0.4334173,0.10147263,-0.7760571,-1.2436621,0.5882267,-0.6339371,1.5821894,-0.25569946,-1.4121151,0.9976035,-2.8210433,1.0937636
QualiSR-Set120/RealESRGAN/ava_images___101816.npy.gz,RealESRGAN,ava_images___101816.png,../../../mnt/ssd2/29o_rya/datasets/iqa/QualiSR-Set120/sr/RealESRGAN/ava_images___101816.png,QualiSR-Set120,ava_images___101816,RealESRGAN/ava_images___101816.png,../../../mnt/ssd2/29o_rya/datasets/iqa/QualiSR-Set120/hr/ava_images___101816.png,../../../mnt/ssd2/29o_rya/datasets/iqa/QualiSR-Set120/lr/ava_images___101816.png,train,-1.2513832,0.72532755,1.6379454,-1.3753405,-3.1685333,1.0091238,0.13294055,-1.770793,-0.14890538,0.25270784,-0.0972946,-0.54481095,-0.87657964,-0.1868245,0.558097,-0.71922445,-1.3651366,0.4852233,-0.5152881,2.3265245,-0.4590758,-1.6673634,0.8900177,-3.6417334,1.9464333
QualiSR-Set120/SUPIR/ava_images___101816.npy.gz,SUPIR,ava_images___101816.png,../../../mnt/ssd2/29o_rya/datasets/iqa/QualiSR-Set120/sr/SUPIR/ava_images___101816.png,QualiSR-Set120,ava_images___101816,SUPIR/ava_images___101816.png,../../../mnt/ssd2/29o_rya/datasets/iqa/QualiSR-Set120/hr/ava_images___101816.png,../../../mnt/ssd2/29o_rya/datasets/iqa/QualiSR-Set120/lr/ava_images___101816.png,train,-1.5336276,0.50861377,1.6664174,-1.0499804,-2.996719,1.4334941,0.13424961,-1.8225486,-0.28324962,0.1729548,0.2894181,-0.5624592,-1.1212066,-0.3745251,0.36492607,-0.8968242,-1.3870854,0.5721399,-0.63735914,1.8659345,-0.45355755,-1.571121,0.98952097,-3.3971486,1.3056736
QualiSR-Set120/PASD/ava_images___158174.npy.gz,PASD,ava_images___158174.png,../../../mnt/ssd2/29o_rya/datasets/iqa/QualiSR-Set120/sr/PASD/ava_images___158174.png,QualiSR-Set120,ava_images___158174,PASD/ava_images___158174.png,../../../mnt/ssd2/29o_rya/datasets/iqa/QualiSR-Set120/hr/ava_images___158174.png,../../../mnt/ssd2/29o_rya/datasets/iqa/QualiSR-Set120/lr/ava_images___158174.png,train,-2.0860486,-4.2381067,-7.066931,1.1607394,0.15616024,-1.99546,2.5006666,2.8821545,-1.4011567,3.7333465,-0.74251664,-4.1127286,1.2267679,-0.460305,0.69997656,-4.229661,0.032361418,2.5047843,-0.11993845,0.14107114,0.57847816,0.5426275,0.12423214,-0.6469309,0.35414776
QualiSR-Set120/RealESRGAN/ava_images___158174.npy.gz,RealESRGAN,ava_images___158174.png,../../../mnt/ssd2/29o_rya/datasets/iqa/QualiSR-Set120/sr/RealESRGAN/ava_images___158174.png,QualiSR-Set120,ava_images___158174,RealESRGAN/ava_images___158174.png,../../../mnt/ssd2/29o_rya/datasets/iqa/QualiSR-Set120/hr/ava_images___158174.png,../../../mnt/ssd2/29o_rya/datasets/iqa/QualiSR-Set120/lr/ava_images___158174.png,train,-1.747775,-4.5323706,-7.134662,1.3528688,0.66394246,-2.0947526,2.536919,3.3501215,-1.5839583,4.011021,-0.58230567,-4.5703464,1.0342778,-0.770043,1.0807092,-4.256788,0.23102337,2.2699456,0.13169816,0.15559971,0.72430706,0.49086756,-0.5188781,-0.93739194,0.26255766
QualiSR-Set120/SUPIR/ava_images___158174.npy.gz,SUPIR,ava_images___158174.png,../../../mnt/ssd2/29o_rya/datasets/iqa/QualiSR-Set120/sr/SUPIR/ava_images___158174.png,QualiSR-Set120,ava_images___158174,SUPIR/ava_images___158174.png,../../../mnt/ssd2/29o_rya/datasets/iqa/QualiSR-Set120/hr/ava_images___158174.png,../../../mnt/ssd2/29o_rya/datasets/iqa/QualiSR-Set120/lr/ava_images___158174.png,train,-2.4462864,-4.8789864,-7.8506646,1.3729489,0.2554438,-2.507115,2.9502585,3.3562407,-1.050406,3.8354373,-0.7698034,-3.5315666,1.3223604,-0.7746681,0.82074475,-4.5447063,-0.23722738,2.735675,-0.11127788,0.44106668,0.070962444,0.2887678,0.38874787,-0.372073,0.30759522
QualiSR-Set120/PASD/ava_images___18037.npy.gz,PASD,ava_images___18037.png,../../../mnt/ssd2/29o_rya/datasets/iqa/QualiSR-Set120/sr/PASD/ava_images___18037.png,QualiSR-Set120,ava_images___18037,PASD/ava_images___18037.png,../../../mnt/ssd2/29o_rya/datasets/iqa/QualiSR-Set120/hr/ava_images___18037.png,../../../mnt/ssd2/29o_rya/datasets/iqa/QualiSR-Set120/lr/ava_images___18037.png,train,-4.213095,8.69507,-1.1769845,3.6401129,0.1850332,-1.2938912,0.40902272,0.30547535,-0.41749132,-0.07009678,-0.382768,0.6013346,-0.45455033,-0.11693153,0.05278659,1.1611004,0.7570881,0.052898362,0.6016518,-1.0413396,-0.47852266,2.1768527,5.3490925,-1.1959884,0.96392775
QualiSR-Set120/RealESRGAN/ava_images___18037.npy.gz,RealESRGAN,ava_images___18037.png,../../../mnt/ssd2/29o_rya/datasets/iqa/QualiSR-Set120/sr/RealESRGAN/ava_images___18037.png,QualiSR-Set120,ava_images___18037,RealESRGAN/ava_images___18037.png,../../../mnt/ssd2/29o_rya/datasets/iqa/QualiSR-Set120/hr/ava_images___18037.png,../../../mnt/ssd2/29o_rya/datasets/iqa/QualiSR-Set120/lr/ava_images___18037.png,train,-4.406584,9.505528,-1.6206145,4.292923,0.0890156,-1.3518283,0.44397953,0.44657624,-0.36516666,-0.13534898,-0.42572036,0.5323217,-0.07300717,0.15878223,0.082527444,1.0986123,0.84614354,0.02361402,0.49830395,-0.95410615,-0.33182764,2.0721447,5.0583034,-1.205641,0.87720203
QualiSR-Set120/SUPIR/ava_images___18037.npy.gz,SUPIR,ava_images___18037.png,../../../mnt/ssd2/29o_rya/datasets/iqa/QualiSR-Set120/sr/SUPIR/ava_images___18037.png,QualiSR-Set120,ava_images___18037,SUPIR/ava_images___18037.png,../../../mnt/ssd2/29o_rya/datasets/iqa/QualiSR-Set120/hr/ava_images___18037.png,../../../mnt/ssd2/29o_rya/datasets/iqa/QualiSR-Set120/lr/ava_images___18037.png,train,-4.260322,8.606981,-1.0414889,3.401117,0.33341432,-1.1679709,0.39083722,0.32197607,-0.4547993,-0.05196964,-0.39295498,0.7259102,-0.55834115,-0.10426599,0.06959011,1.1784661,0.7864062,0.066536084,0.60651684,-1.1320336,-0.5007199,2.2666938,5.4975977,-1.1650844,0.99218774
QualiSR-Set120/PASD/ava_images___217590.npy.gz,PASD,ava_images___217590.png,../../../mnt/ssd2/29o_rya/datasets/iqa/QualiSR-Set120/sr/PASD/ava_images___217590.png,QualiSR-Set120,ava_images___217590,PASD/ava_images___217590.png,../../../mnt/ssd2/29o_rya/datasets/iqa/QualiSR-Set120/hr/ava_images___217590.png,../../../mnt/ssd2/29o_rya/datasets/iqa/QualiSR-Set120/lr/ava_images___217590.png,test,-2.488053,3.9659312,-0.23257285,1.7675314,-0.7457057,0.372087,-0.08103539,-0.25007325,-0.82679796,-0.05617573,-0.18784365,0.042390212,-0.3662539,0.3630169,-0.02066356,-0.0064810812,-0.3155396,-0.2131903,-0.080810025,0.18255015,-0.35234177,0.31609803,1.2509065,-0.24569829,0.2532154
QualiSR-Set120/RealESRGAN/ava_images___217590.npy.gz,RealESRGAN,ava_images___217590.png,../../../mnt/ssd2/29o_rya/datasets/iqa/QualiSR-Set120/sr/RealESRGAN/ava_images___217590.png,QualiSR-Set120,ava_images___217590,RealESRGAN/ava_images___217590.png,../../../mnt/ssd2/29o_rya/datasets/iqa/QualiSR-Set120/hr/ava_images___217590.png,../../../mnt/ssd2/29o_rya/datasets/iqa/QualiSR-Set120/lr/ava_images___217590.png,test,-2.5844374,4.120676,-0.44726592,2.0971332,-0.7178467,0.24486005,-0.14196073,-0.055768967,-0.7682445,-0.10776257,-0.17052391,0.10345625,-0.36593783,0.5065225,-0.057098627,0.07492685,-0.22684371,-0.309174,-0.052539155,0.17670123,-0.36372465,0.36468083,1.1939433,-0.29796714,0.2706155
QualiSR-Set120/SUPIR/ava_images___217590.npy.gz,SUPIR,ava_images___217590.png,../../../mnt/ssd2/29o_rya/datasets/iqa/QualiSR-Set120/sr/SUPIR/ava_images___217590.png,QualiSR-Set120,ava_images___217590,SUPIR/ava_images___217590.png,../../../mnt/ssd2/29o_rya/datasets/iqa/QualiSR-Set120/hr/ava_images___217590.png,../../../mnt/ssd2/29o_rya/datasets/iqa/QualiSR-Set120/lr/ava_images___217590.png,test,-2.534455,4.097741,-0.40231186,1.9435463,-0.72883,0.3110447,-0.033163577,-0.14047563,-0.7921028,-0.07280593,-0.18312791,0.030209541,-0.338978,0.39023146,-0.043958724,0.048198402,-0.20901671,-0.22132717,-0.026416183,0.14854304,-0.33392456,0.399157,1.4891008,-0.28602165,0.3025715
QualiSR-Set120/PASD/ava_images___251530.npy.gz,PASD,ava_images___251530.png,../../../mnt/ssd2/29o_rya/datasets/iqa/QualiSR-Set120/sr/PASD/ava_images___251530.png,QualiSR-Set120,ava_images___251530,PASD/ava_images___251530.png,../../../mnt/ssd2/29o_rya/datasets/iqa/QualiSR-Set120/hr/ava_images___251530.png,../../../mnt/ssd2/29o_rya/datasets/iqa/QualiSR-Set120/lr/ava_images___251530.png,train,-1.7976295,5.4000793,2.8030593,-7.2620707,1.2653319,-5.9753585,-1.6817752,2.1349325,-8.035776,3.7619922,-4.493597,1.6137302,-1.0279936,1.6126393,-1.9593627,-0.29102623,-1.9069886,0.21951482,-0.92411023,-0.915325,-0.24434935,0.17775935,-1.5620869,0.29320568,0.053540558
QualiSR-Set120/RealESRGAN/ava_images___251530.npy.gz,RealESRGAN,ava_images___251530.png,../../../mnt/ssd2/29o_rya/datasets/iqa/QualiSR-Set120/sr/RealESRGAN/ava_images___251530.png,QualiSR-Set120,ava_images___251530,RealESRGAN/ava_images___251530.png,../../../mnt/ssd2/29o_rya/datasets/iqa/QualiSR-Set120/hr/ava_images___251530.png,../../../mnt/ssd2/29o_rya/datasets/iqa/QualiSR-Set120/lr/ava_images___251530.png,train,-2.0134172,5.785575,2.265442,-6.330735,1.9085807,-5.5357203,-1.2687715,1.6322407,-7.1847253,3.1083229,-3.5952206,2.3476553,-1.2842681,1.4152669,-1.7166669,0.19606,-2.701232,0.27262014,-0.7547204,-0.8687971,-0.2202721,0.24863464,-1.028421,0.34508407,0.1971601
QualiSR-Set120/SUPIR/ava_images___251530.npy.gz,SUPIR,ava_images___251530.png,../../../mnt/ssd2/29o_rya/datasets/iqa/QualiSR-Set120/sr/SUPIR/ava_images___251530.png,QualiSR-Set120,ava_images___251530,SUPIR/ava_images___251530.png,../../../mnt/ssd2/29o_rya/datasets/iqa/QualiSR-Set120/hr/ava_images___251530.png,../../../mnt/ssd2/29o_rya/datasets/iqa/QualiSR-Set120/lr/ava_images___251530.png,train,-2.485532,5.648758,2.7379909,-7.4341927,2.097158,-6.6010957,-1.6869981,2.551248,-7.3202395,3.4819727,-4.042303,2.2866333,-0.86534077,1.3523263,-1.7760816,0.023994654,-2.6790602,0.57758135,-1.1999495,-1.1508629,-0.3284517,0.35120118,-1.3472338,0.47635514,0.09915432
QualiSR-Set120/PASD/ava_images___253900.npy.gz,PASD,ava_images___253900.png,../../../mnt/ssd2/29o_rya/datasets/iqa/QualiSR-Set120/sr/PASD/ava_images___253900.png,QualiSR-Set120,ava_images___253900,PASD/ava_images___253900.png,../../../mnt/ssd2/29o_rya/datasets/iqa/QualiSR-Set120/hr/ava_images___253900.png,../../../mnt/ssd2/29o_rya/datasets/iqa/QualiSR-Set120/lr/ava_images___253900.png,train,2.081984,3.4565651,-3.8355682,-1.6797081,5.438577,-1.089071,1.4166172,-2.0548499,-0.8573184,-3.0361865,1.3736554,-2.893204,-4.4274397,-5.534026,2.8830404,0.9513996,1.1136558,-0.43187708,0.35806936,-0.56152105,-1.3210416,-0.8604058,-1.2205052,0.29060924,0.1840165
QualiSR-Set120/RealESRGAN/ava_images___253900.npy.gz,RealESRGAN,ava_images___253900.png,../../../mnt/ssd2/29o_rya/datasets/iqa/QualiSR-Set120/sr/RealESRGAN/ava_images___253900.png,QualiSR-Set120,ava_images___253900,RealESRGAN/ava_images___253900.png,../../../mnt/ssd2/29o_rya/datasets/iqa/QualiSR-Set120/hr/ava_images___253900.png,../../../mnt/ssd2/29o_rya/datasets/iqa/QualiSR-Set120/lr/ava_images___253900.png,train,1.6646119,3.588621,-4.614938,-0.86184597,6.272149,-1.5283084,1.1505512,-1.3762654,-0.8185234,-3.3628347,0.7925127,-2.2583861,-3.7442403,-5.0757833,3.010073,1.2182755,1.4479816,-0.46716344,0.6495888,-0.8129341,-0.6094901,0.0058210194,-0.6895946,-0.06423959,1.1314563
QualiSR-Set120/SUPIR/ava_images___253900.npy.gz,SUPIR,ava_images___253900.png,../../../mnt/ssd2/29o_rya/datasets/iqa/QualiSR-Set120/sr/SUPIR/ava_images___253900.png,QualiSR-Set120,ava_images___253900,SUPIR/ava_images___253900.png,../../../mnt/ssd2/29o_rya/datasets/iqa/QualiSR-Set120/hr/ava_images___253900.png,../../../mnt/ssd2/29o_rya/datasets/iqa/QualiSR-Set120/lr/ava_images___253900.png,train,1.5972861,4.0226574,-4.063879,-1.4692882,6.117708,-1.5829856,1.0335683,-1.5080926,-0.52786404,-2.150792,0.9091773,-2.248354,-3.9997077,-5.042387,2.8958526,0.9747637,1.0927913,-0.4084813,-0.2718432,-1.0311736,-1.190015,-0.059951246,-0.13478611,-0.107656635,0.7649647
QualiSR-Set120/PASD/ava_images___273810.npy.gz,PASD,ava_images___273810.png,../../../mnt/ssd2/29o_rya/datasets/iqa/QualiSR-Set120/sr/PASD/ava_images___273810.png,QualiSR-Set120,ava_images___273810,PASD/ava_images___273810.png,../../../mnt/ssd2/29o_rya/datasets/iqa/QualiSR-Set120/hr/ava_images___273810.png,../../../mnt/ssd2/29o_rya/datasets/iqa/QualiSR-Set120/lr/ava_images___273810.png,train,-3.395878,-3.8094409,-3.263677,0.35101908,-2.2811532,0.7640691,2.082714,1.1875454,0.46006665,4.540043,0.4902475,1.7525421,-1.8367321,-1.3680302,-2.5116072,5.0093913,0.6769627,-2.9538167,0.96536815,0.5816788,0.46940297,-0.6320665,-1.2956036,-0.81816554,0.63284504
QualiSR-Set120/RealESRGAN/ava_images___273810.npy.gz,RealESRGAN,ava_images___273810.png,../../../mnt/ssd2/29o_rya/datasets/iqa/QualiSR-Set120/sr/RealESRGAN/ava_images___273810.png,QualiSR-Set120,ava_images___273810,RealESRGAN/ava_images___273810.png,../../../mnt/ssd2/29o_rya/datasets/iqa/QualiSR-Set120/hr/ava_images___273810.png,../../../mnt/ssd2/29o_rya/datasets/iqa/QualiSR-Set120/lr/ava_images___273810.png,train,-3.4904585,-4.350708,-3.694599,0.56638646,-2.1011949,0.39916325,2.199962,1.9802989,0.1985721,4.885102,0.677044,1.874122,-1.6553562,-1.7421982,-2.061341,5.495013,0.56161696,-3.037567,0.9780978,0.47369844,0.8553736,-0.55240744,-1.4571047,-1.0173842,1.0464381
QualiSR-Set120/SUPIR/ava_images___273810.npy.gz,SUPIR,ava_images___273810.png,../../../mnt/ssd2/29o_rya/datasets/iqa/QualiSR-Set120/sr/SUPIR/ava_images___273810.png,QualiSR-Set120,ava_images___273810,SUPIR/ava_images___273810.png,../../../mnt/ssd2/29o_rya/datasets/iqa/QualiSR-Set120/hr/ava_images___273810.png,../../../mnt/ssd2/29o_rya/datasets/iqa/QualiSR-Set120/lr/ava_images___273810.png,train,-3.489709,-4.430709,-3.6075604,0.5834434,-2.283581,0.37219596,2.3189824,1.9490536,0.6862626,5.340821,0.47096795,1.9309555,-2.1083665,-1.7016588,-2.7130945,6.1980243,0.78316027,-3.505075,1.1337981,0.30006653,0.61322105,-0.7509166,-1.4416844,-1.1853906,1.0418568
QualiSR-Set120/PASD/ava_images___295451.npy.gz,PASD,ava_images___295451.png,../../../mnt/ssd2/29o_rya/datasets/iqa/QualiSR-Set120/sr/PASD/ava_images___295451.png,QualiSR-Set120,ava_images___295451,PASD/ava_images___295451.png,../../../mnt/ssd2/29o_rya/datasets/iqa/QualiSR-Set120/hr/ava_images___295451.png,../../../mnt/ssd2/29o_rya/datasets/iqa/QualiSR-Set120/lr/ava_images___295451.png,train,-2.4916377,-2.7799945,-1.650007,-0.44182965,-0.5405417,0.6390773,1.0571965,-0.4250937,-0.56031156,0.3178031,1.275503,0.7941446,0.21121013,1.3984609,-0.26499435,1.3488739,-1.0862339,0.49113727,-1.5292958,-1.1571484,-3.1204827,-1.3122954,3.9623325,4.419633,-2.6609695
QualiSR-Set120/RealESRGAN/ava_images___295451.npy.gz,RealESRGAN,ava_images___295451.png,../../../mnt/ssd2/29o_rya/datasets/iqa/QualiSR-Set120/sr/RealESRGAN/ava_images___295451.png,QualiSR-Set120,ava_images___295451,RealESRGAN/ava_images___295451.png,../../../mnt/ssd2/29o_rya/datasets/iqa/QualiSR-Set120/hr/ava_images___295451.png,../../../mnt/ssd2/29o_rya/datasets/iqa/QualiSR-Set120/lr/ava_images___295451.png,train,-2.490908,-3.601218,-2.606171,-0.13363814,0.14596808,-0.19649434,1.0957745,-0.021690965,-0.55614436,0.25236392,1.3920766,0.8937194,0.5659374,1.1893538,-0.5212468,1.8780363,-1.1278309,0.48227793,-1.6051527,-1.3685697,-2.787832,-1.3078029,3.8087943,4.714832,-2.1511114
QualiSR-Set120/SUPIR/ava_images___295451.npy.gz,SUPIR,ava_images___295451.png,../../../mnt/ssd2/29o_rya/datasets/iqa/QualiSR-Set120/sr/SUPIR/ava_images___295451.png,QualiSR-Set120,ava_images___295451,SUPIR/ava_images___295451.png,../../../mnt/ssd2/29o_rya/datasets/iqa/QualiSR-Set120/hr/ava_images___295451.png,../../../mnt/ssd2/29o_rya/datasets/iqa/QualiSR-Set120/lr/ava_images___295451.png,train,-2.3924897,-2.1827722,-1.126121,-0.40656415,-0.67935365,0.98429906,0.6919639,-0.6736495,-0.514908,-0.029344331,1.2868686,0.68878245,0.21819139,1.2269102,-0.19200604,0.9249883,-1.1924686,0.5667788,-1.2491112,-1.1624168,-2.772816,-1.2651713,3.5257454,3.9160335,-2.3716645
QualiSR-Set120/PASD/ava_images___308473.npy.gz,PASD,ava_images___308473.png,../../../mnt/ssd2/29o_rya/datasets/iqa/QualiSR-Set120/sr/PASD/ava_images___308473.png,QualiSR-Set120,ava_images___308473,PASD/ava_images___308473.png,../../../mnt/ssd2/29o_rya/datasets/iqa/QualiSR-Set120/hr/ava_images___308473.png,../../../mnt/ssd2/29o_rya/datasets/iqa/QualiSR-Set120/lr/ava_images___308473.png,train,3.173234,0.8338438,-3.2052763,-1.8372667,6.0649343,2.396676,-1.359128,-2.9931808,-0.14859208,2.0031173,3.4533486,-1.1490986,0.6175972,0.5719606,-2.0082445,-0.11884493,-0.35549784,-0.57319844,-5.4889,-1.2206563,4.267125,-0.33112714,0.6726877,-1.5933808,-1.258744
QualiSR-Set120/RealESRGAN/ava_images___308473.npy.gz,RealESRGAN,ava_images___308473.png,../../../mnt/ssd2/29o_rya/datasets/iqa/QualiSR-Set120/sr/RealESRGAN/ava_images___308473.png,QualiSR-Set120,ava_images___308473,RealESRGAN/ava_images___308473.png,../../../mnt/ssd2/29o_rya/datasets/iqa/QualiSR-Set120/hr/ava_images___308473.png,../../../mnt/ssd2/29o_rya/datasets/iqa/QualiSR-Set120/lr/ava_images___308473.png,train,2.233251,1.1741792,-2.8619828,-1.9362977,5.331764,2.564605,-0.71253926,-2.871783,0.11302245,1.4811447,3.3281753,-1.1219912,0.55631804,0.6728834,-1.5973357,0.07407969,-0.47465053,-0.47177035,-4.7894077,-1.3217247,3.8312118,-0.23053305,0.6251434,-1.5856291,-0.7410768
QualiSR-Set120/SUPIR/ava_images___308473.npy.gz,SUPIR,ava_images___308473.png,../../../mnt/ssd2/29o_rya/datasets/iqa/QualiSR-Set120/sr/SUPIR/ava_images___308473.png,QualiSR-Set120,ava_images___308473,SUPIR/ava_images___308473.png,../../../mnt/ssd2/29o_rya/datasets/iqa/QualiSR-Set120/hr/ava_images___308473.png,../../../mnt/ssd2/29o_rya/datasets/iqa/QualiSR-Set120/lr/ava_images___308473.png,train,3.0550833,0.92412907,-3.5803664,-2.7703037,6.123561,2.3556674,-0.95369536,-2.6116614,0.16641104,1.7965927,3.1433442,-1.0029798,0.54110944,1.1268234,-1.7544484,0.552579,-0.54946756,-0.049259737,-5.590532,-0.93572444,3.5730264,-0.1362279,0.377451,-1.546406,-0.9184115
QualiSR-Set120/PASD/ava_images___321917.npy.gz,PASD,ava_images___321917.png,../../../mnt/ssd2/29o_rya/datasets/iqa/QualiSR-Set120/sr/PASD/ava_images___321917.png,QualiSR-Set120,ava_images___321917,PASD/ava_images___321917.png,../../../mnt/ssd2/29o_rya/datasets/iqa/QualiSR-Set120/hr/ava_images___321917.png,../../../mnt/ssd2/29o_rya/datasets/iqa/QualiSR-Set120/lr/ava_images___321917.png,train,-1.7041202,1.3435179,2.9840205,-2.0404036,2.2150855,2.0803895,1.1278884,2.0261397,-1.1560922,-0.65942496,-1.0967387,0.032581348,-0.3793342,-0.14120245,-0.7336488,-1.2488178,1.0539708,-0.48004806,0.19817266,1.4053895,1.1746644,-0.28945273,0.1539383,-0.42410868,-1.7208261
QualiSR-Set120/RealESRGAN/ava_images___321917.npy.gz,RealESRGAN,ava_images___321917.png,../../../mnt/ssd2/29o_rya/datasets/iqa/QualiSR-Set120/sr/RealESRGAN/ava_images___321917.png,QualiSR-Set120,ava_images___321917,RealESRGAN/ava_images___321917.png,../../../mnt/ssd2/29o_rya/datasets/iqa/QualiSR-Set120/hr/ava_images___321917.png,../../../mnt/ssd2/29o_rya/datasets/iqa/QualiSR-Set120/lr/ava_images___321917.png,train,-1.5746003,1.9326288,2.8342311,-2.6528542,3.341035,1.1923735,1.0675664,2.6763468,-1.6649841,-0.4798032,-1.8930676,0.30385864,-0.17651153,0.046719283,-0.8366368,-1.2022557,0.813067,-0.52286696,-0.13478377,1.3978775,1.4196432,-0.1357995,-0.3068599,-0.53941023,-1.5995396
QualiSR-Set120/SUPIR/ava_images___321917.npy.gz,SUPIR,ava_images___321917.png,../../../mnt/ssd2/29o_rya/datasets/iqa/QualiSR-Set120/sr/SUPIR/ava_images___321917.png,QualiSR-Set120,ava_images___321917,SUPIR/ava_images___321917.png,../../../mnt/ssd2/29o_rya/datasets/iqa/QualiSR-Set120/hr/ava_images___321917.png,../../../mnt/ssd2/29o_rya/datasets/iqa/QualiSR-Set120/lr/ava_images___321917.png,train,-1.8855692,1.6398443,3.5892372,-2.5151355,3.092682,1.7709415,1.205098,2.7437701,-1.6376878,-0.6249765,-1.650851,0.41441125,-0.32156134,-0.13294187,-0.7777946,-1.4023652,1.2294922,-0.6255956,0.45201552,1.674927,1.2063955,-0.0892978,0.15316753,-0.4335339,-1.8270633
QualiSR-Set120/PASD/ava_images___360165.npy.gz,PASD,ava_images___360165.png,../../../mnt/ssd2/29o_rya/datasets/iqa/QualiSR-Set120/sr/PASD/ava_images___360165.png,QualiSR-Set120,ava_images___360165,PASD/ava_images___360165.png,../../../mnt/ssd2/29o_rya/datasets/iqa/QualiSR-Set120/hr/ava_images___360165.png,../../../mnt/ssd2/29o_rya/datasets/iqa/QualiSR-Set120/lr/ava_images___360165.png,train,-2.086262,-0.13882576,0.7967377,-0.43529353,-1.6351144,1.9042084,-0.300062,-1.3307698,-0.33315635,-0.06498376,0.6086104,-0.2810126,-0.90978616,-0.07465519,0.021219404,-0.3705383,-0.44062495,0.19555067,-0.3794383,0.7910908,-0.16485935,-0.8549535,0.6183235,0.29078072,-1.0566945
QualiSR-Set120/RealESRGAN/ava_images___360165.npy.gz,RealESRGAN,ava_images___360165.png,../../../mnt/ssd2/29o_rya/datasets/iqa/QualiSR-Set120/sr/RealESRGAN/ava_images___360165.png,QualiSR-Set120,ava_images___360165,RealESRGAN/ava_images___360165.png,../../../mnt/ssd2/29o_rya/datasets/iqa/QualiSR-Set120/hr/ava_images___360165.png,../../../mnt/ssd2/29o_rya/datasets/iqa/QualiSR-Set120/lr/ava_images___360165.png,train,-2.1128995,-0.37119877,0.10301483,-0.012462497,-1.2616521,1.724941,-0.3720891,-1.1825498,-0.20997816,0.0100306645,0.47563347,-0.5346699,-0.55300236,-0.14004865,0.02472438,-0.4465941,-0.28833735,0.1489572,-0.4191715,0.9748863,-0.01140739,-0.93630826,0.32972834,0.613275,-1.5149593
QualiSR-Set120/SUPIR/ava_images___360165.npy.gz,SUPIR,ava_images___360165.png,../../../mnt/ssd2/29o_rya/datasets/iqa/QualiSR-Set120/sr/SUPIR/ava_images___360165.png,QualiSR-Set120,ava_images___360165,SUPIR/ava_images___360165.png,../../../mnt/ssd2/29o_rya/datasets/iqa/QualiSR-Set120/hr/ava_images___360165.png,../../../mnt/ssd2/29o_rya/datasets/iqa/QualiSR-Set120/lr/ava_images___360165.png,train,-2.1418412,-0.21293415,0.76479834,-0.45825765,-1.6384976,1.9467478,-0.33699578,-1.3360755,-0.3220527,-0.06352692,0.659801,-0.42580384,-0.79661834,-0.18588251,0.028254818,-0.41393974,-0.34459782,0.19919336,-0.437806,0.85222375,-0.20452401,-0.931726,0.6857666,0.42943025,-1.3329608
QualiSR-Set120/PASD/ava_images___426629.npy.gz,PASD,ava_images___426629.png,../../../mnt/ssd2/29o_rya/datasets/iqa/QualiSR-Set120/sr/PASD/ava_images___426629.png,QualiSR-Set120,ava_images___426629,PASD/ava_images___426629.png,../../../mnt/ssd2/29o_rya/datasets/iqa/QualiSR-Set120/hr/ava_images___426629.png,../../../mnt/ssd2/29o_rya/datasets/iqa/QualiSR-Set120/lr/ava_images___426629.png,test,-0.97647774,2.9910326,-7.909536e-05,-0.7035974,0.9237169,-2.778225,-0.16819753,0.5549909,-3.45445,1.536415,-1.6421764,-0.07809824,-0.6800165,0.2960633,0.30795285,-0.68770826,-0.24593155,-0.025153056,-0.63089365,-0.3903401,-0.22730184,0.59068793,1.2982925,-0.22314814,0.23010531
QualiSR-Set120/RealESRGAN/ava_images___426629.npy.gz,RealESRGAN,ava_images___426629.png,../../../mnt/ssd2/29o_rya/datasets/iqa/QualiSR-Set120/sr/RealESRGAN/ava_images___426629.png,QualiSR-Set120,ava_images___426629,RealESRGAN/ava_images___426629.png,../../../mnt/ssd2/29o_rya/datasets/iqa/QualiSR-Set120/hr/ava_images___426629.png,../../../mnt/ssd2/29o_rya/datasets/iqa/QualiSR-Set120/lr/ava_images___426629.png,test,-0.89873517,3.5009027,-0.14424866,-0.73247,1.0700971,-2.453877,-0.26676884,0.6211095,-3.420798,1.4957052,-1.4509315,-0.04887049,-0.5123082,-0.19074684,0.19731888,-0.56604534,-0.52034056,0.055134043,-0.69701546,-0.43420875,-0.27591753,0.36608875,1.0455358,-0.10893843,0.3817388
QualiSR-Set120/SUPIR/ava_images___426629.npy.gz,SUPIR,ava_images___426629.png,../../../mnt/ssd2/29o_rya/datasets/iqa/QualiSR-Set120/sr/SUPIR/ava_images___426629.png,QualiSR-Set120,ava_images___426629,SUPIR/ava_images___426629.png,../../../mnt/ssd2/29o_rya/datasets/iqa/QualiSR-Set120/hr/ava_images___426629.png,../../../mnt/ssd2/29o_rya/datasets/iqa/QualiSR-Set120/lr/ava_images___426629.png,test,-1.0582514,2.82399,0.1568805,-0.9407471,0.8073963,-2.7075124,-0.06961245,0.49709153,-3.359202,1.3833164,-1.5305016,0.117642544,-0.7821613,0.22079791,0.1701541,-0.7906761,-0.23708795,0.2451368,-0.58709675,-0.27551454,-0.26933903,0.43950605,1.2617718,0.04958923,0.09465507
QualiSR-Set120/PASD/ava_images___436880.npy.gz,PASD,ava_images___436880.png,../../../mnt/ssd2/29o_rya/datasets/iqa/QualiSR-Set120/sr/PASD/ava_images___436880.png,QualiSR-Set120,ava_images___436880,PASD/ava_images___436880.png,../../../mnt/ssd2/29o_rya/datasets/iqa/QualiSR-Set120/hr/ava_images___436880.png,../../../mnt/ssd2/29o_rya/datasets/iqa/QualiSR-Set120/lr/ava_images___436880.png,train,2.9518108,-1.11597,-1.5505981,-1.0699255,0.846645,0.86018646,-1.2231054,-1.7056332,0.38323775,1.0101035,-3.3951797,0.6675654,-0.6744976,4.784711,4.8513246,2.639546,2.306422,0.62652296,-3.2810678,3.898437,-0.57465285,1.8647218,0.54857415,-0.9310697,-0.32497913
QualiSR-Set120/RealESRGAN/ava_images___436880.npy.gz,RealESRGAN,ava_images___436880.png,../../../mnt/ssd2/29o_rya/datasets/iqa/QualiSR-Set120/sr/RealESRGAN/ava_images___436880.png,QualiSR-Set120,ava_images___436880,RealESRGAN/ava_images___436880.png,../../../mnt/ssd2/29o_rya/datasets/iqa/QualiSR-Set120/hr/ava_images___436880.png,../../../mnt/ssd2/29o_rya/datasets/iqa/QualiSR-Set120/lr/ava_images___436880.png,train,3.155573,-0.79527336,-2.4184847,-1.800881,2.0179577,1.1246835,-0.8944474,-2.0531769,0.67569923,0.49297056,-2.3753948,0.50218815,-0.7109549,4.905234,4.04261,2.5877125,2.350693,0.8132012,-3.0405498,4.761219,-0.7526693,1.8222153,0.36902654,-0.4649176,0.09663603
QualiSR-Set120/SUPIR/ava_images___436880.npy.gz,SUPIR,ava_images___436880.png,../../../mnt/ssd2/29o_rya/datasets/iqa/QualiSR-Set120/sr/SUPIR/ava_images___436880.png,QualiSR-Set120,ava_images___436880,SUPIR/ava_images___436880.png,../../../mnt/ssd2/29o_rya/datasets/iqa/QualiSR-Set120/hr/ava_images___436880.png,../../../mnt/ssd2/29o_rya/datasets/iqa/QualiSR-Set120/lr/ava_images___436880.png,train,2.4453192,-1.1689038,-1.8308008,-1.7305048,0.32754457,0.052307606,-0.9252521,-1.4439852,0.6415169,0.30629522,-3.4615939,0.541212,-0.5475836,4.193363,4.381015,2.726792,2.0174139,0.8254513,-2.9924364,4.009269,-1.006194,1.6800601,0.4469775,-0.8136317,0.06389013
QualiSR-Set120/PASD/ava_images___46021.npy.gz,PASD,ava_images___46021.png,../../../mnt/ssd2/29o_rya/datasets/iqa/QualiSR-Set120/sr/PASD/ava_images___46021.png,QualiSR-Set120,ava_images___46021,PASD/ava_images___46021.png,../../../mnt/ssd2/29o_rya/datasets/iqa/QualiSR-Set120/hr/ava_images___46021.png,../../../mnt/ssd2/29o_rya/datasets/iqa/QualiSR-Set120/lr/ava_images___46021.png,train,-2.787538,-2.0093563,0.7465766,-1.035393,1.8671397,3.176517,-0.8981596,4.876047,-1.6765057,-2.540885,3.245383,-0.62886816,3.7478862,0.068229124,2.5325766,3.7864044,-2.7840555,2.219061,0.02166757,-0.6638722,-1.1238128,-0.015300095,-0.4261034,-1.2347546,0.45390818
QualiSR-Set120/RealESRGAN/ava_images___46021.npy.gz,RealESRGAN,ava_images___46021.png,../../../mnt/ssd2/29o_rya/datasets/iqa/QualiSR-Set120/sr/RealESRGAN/ava_images___46021.png,QualiSR-Set120,ava_images___46021,RealESRGAN/ava_images___46021.png,../../../mnt/ssd2/29o_rya/datasets/iqa/QualiSR-Set120/hr/ava_images___46021.png,../../../mnt/ssd2/29o_rya/datasets/iqa/QualiSR-Set120/lr/ava_images___46021.png,train,-2.4132388,-2.177668,0.30888814,-0.9989231,2.2412586,2.824246,-1.5030024,5.016188,-1.5453115,-2.7600844,3.032516,-0.66460025,4.117038,0.13443297,2.8987274,3.4519107,-2.5604746,1.9855704,-0.18181744,-0.9107998,-0.6600542,-0.22171164,-0.9888613,-1.5720105,0.47578523
QualiSR-Set120/SUPIR/ava_images___46021.npy.gz,SUPIR,ava_images___46021.png,../../../mnt/ssd2/29o_rya/datasets/iqa/QualiSR-Set120/sr/SUPIR/ava_images___46021.png,QualiSR-Set120,ava_images___46021,SUPIR/ava_images___46021.png,../../../mnt/ssd2/29o_rya/datasets/iqa/QualiSR-Set120/hr/ava_images___46021.png,../../../mnt/ssd2/29o_rya/datasets/iqa/QualiSR-Set120/lr/ava_images___46021.png,train,-2.8812072,-2.4409978,0.60256076,-1.1992226,2.4794922,2.8998628,-0.8129929,5.6415863,-1.6866195,-2.9254403,3.4919605,-0.64081734,4.2047944,0.20944579,2.967638,4.471142,-3.1589723,2.376876,0.05549237,-1.0341177,-1.0790408,0.007824838,-0.6604363,-1.3836951,0.73475075
QualiSR-Set120/PASD/ava_images___472713.npy.gz,PASD,ava_images___472713.png,../../../mnt/ssd2/29o_rya/datasets/iqa/QualiSR-Set120/sr/PASD/ava_images___472713.png,QualiSR-Set120,ava_images___472713,PASD/ava_images___472713.png,../../../mnt/ssd2/29o_rya/datasets/iqa/QualiSR-Set120/hr/ava_images___472713.png,../../../mnt/ssd2/29o_rya/datasets/iqa/QualiSR-Set120/lr/ava_images___472713.png,test,-2.0022502,-2.2104654,-0.77882236,0.7168726,-1.1808715,1.5592821,-0.16034177,0.86510146,-0.14156589,0.031480014,-0.16925356,0.7629382,-1.2758833,-0.12182316,-0.4789342,0.9147883,0.7361372,-0.4142391,-0.018011987,-0.09113951,1.432142,0.3311568,0.397762,0.14134815,-0.86384535
QualiSR-Set120/RealESRGAN/ava_images___472713.npy.gz,RealESRGAN,ava_images___472713.png,../../../mnt/ssd2/29o_rya/datasets/iqa/QualiSR-Set120/sr/RealESRGAN/ava_images___472713.png,QualiSR-Set120,ava_images___472713,RealESRGAN/ava_images___472713.png,../../../mnt/ssd2/29o_rya/datasets/iqa/QualiSR-Set120/hr/ava_images___472713.png,../../../mnt/ssd2/29o_rya/datasets/iqa/QualiSR-Set120/lr/ava_images___472713.png,test,-1.9976207,-1.574854,-0.43690747,0.9782218,-1.5251759,1.4410853,-0.025317064,0.9823128,-0.006151259,-0.27722776,-0.040750235,0.59316087,-1.4534029,0.2869246,-0.1439723,1.1413686,0.36123693,-0.67918223,0.14563823,-0.15564598,1.4666781,0.23430598,-0.2429028,-0.054065198,-0.7661214
QualiSR-Set120/SUPIR/ava_images___472713.npy.gz,SUPIR,ava_images___472713.png,../../../mnt/ssd2/29o_rya/datasets/iqa/QualiSR-Set120/sr/SUPIR/ava_images___472713.png,QualiSR-Set120,ava_images___472713,SUPIR/ava_images___472713.png,../../../mnt/ssd2/29o_rya/datasets/iqa/QualiSR-Set120/hr/ava_images___472713.png,../../../mnt/ssd2/29o_rya/datasets/iqa/QualiSR-Set120/lr/ava_images___472713.png,test,-2.1326087,-1.9770982,-0.54499024,0.68042135,-1.2418451,1.497991,-0.018674267,0.86265886,0.095612496,0.05773989,-0.048926145,0.6542381,-1.2602683,0.05601023,-0.4219541,1.0255332,0.35068965,-0.7405367,0.25314343,-0.2191347,1.1525574,0.3523168,0.12514031,-0.06731242,-0.85581607
QualiSR-Set120/PASD/ava_images___501777.npy.gz,PASD,ava_images___501777.png,../../../mnt/ssd2/29o_rya/datasets/iqa/QualiSR-Set120/sr/PASD/ava_images___501777.png,QualiSR-Set120,ava_images___501777,PASD/ava_images___501777.png,../../../mnt/ssd2/29o_rya/datasets/iqa/QualiSR-Set120/hr/ava_images___501777.png,../../../mnt/ssd2/29o_rya/datasets/iqa/QualiSR-Set120/lr/ava_images___501777.png,test,0.144184,-2.6420138,-2.3348525,-0.31070858,0.9483696,-0.7442448,-0.44040027,0.05868256,-1.4094855,-0.9482121,1.7624135,-0.020649716,1.1304106,1.0946685,-0.47981128,1.5530014,0.06704396,-0.047143638,-1.5574002,-0.027130857,-0.2779716,0.1516158,1.1249323,1.4893472,-0.9694387
QualiSR-Set120/RealESRGAN/ava_images___501777.npy.gz,RealESRGAN,ava_images___501777.png,../../../mnt/ssd2/29o_rya/datasets/iqa/QualiSR-Set120/sr/RealESRGAN/ava_images___501777.png,QualiSR-Set120,ava_images___501777,RealESRGAN/ava_images___501777.png,../../../mnt/ssd2/29o_rya/datasets/iqa/QualiSR-Set120/hr/ava_images___501777.png,../../../mnt/ssd2/29o_rya/datasets/iqa/QualiSR-Set120/lr/ava_images___501777.png,test,0.5195261,-1.8403549,-1.695457,0.551973,0.79817593,-0.47024322,-1.0297201,-0.28744006,-1.0610496,-0.6819985,0.9617442,-0.2645275,0.80670285,-0.01603672,-0.35371298,1.6418667,-0.6157815,-0.21763562,-1.8662169,0.4903803,0.65553635,1.3813927,0.013730764,0.3397625,-0.09048596
QualiSR-Set120/SUPIR/ava_images___501777.npy.gz,SUPIR,ava_images___501777.png,../../../mnt/ssd2/29o_rya/datasets/iqa/QualiSR-Set120/sr/SUPIR/ava_images___501777.png,QualiSR-Set120,ava_images___501777,SUPIR/ava_images___501777.png,../../../mnt/ssd2/29o_rya/datasets/iqa/QualiSR-Set120/hr/ava_images___501777.png,../../../mnt/ssd2/29o_rya/datasets/iqa/QualiSR-Set120/lr/ava_images___501777.png,test,-0.34788263,-2.751186,-1.9037807,0.13355887,0.9100102,-1.0105734,-0.19490829,0.34643793,-0.54014766,-1.3808709,0.43486506,-0.017240934,0.6588962,0.108206734,-0.04557906,1.6661041,-0.85384625,-0.11347167,-1.6897279,0.2727454,-0.30966341,1.2913656,0.076070145,1.3446386,-0.4909637
QualiSR-Set120/PASD/ava_images___564572.npy.gz,PASD,ava_images___564572.png,../../../mnt/ssd2/29o_rya/datasets/iqa/QualiSR-Set120/sr/PASD/ava_images___564572.png,QualiSR-Set120,ava_images___564572,PASD/ava_images___564572.png,../../../mnt/ssd2/29o_rya/datasets/iqa/QualiSR-Set120/hr/ava_images___564572.png,../../../mnt/ssd2/29o_rya/datasets/iqa/QualiSR-Set120/lr/ava_images___564572.png,train,-2.960734,-0.38725126,2.6280258,-0.85224926,-0.27448046,2.5773258,0.18385981,1.2067076,0.11599088,-0.60675275,0.14956707,0.93534076,-1.5747657,0.6271578,1.9661313,-2.0933094,0.35164344,-1.0278791,-1.5506371,-0.5777841,1.8167682,-1.3523786,-0.37008262,3.5885797,4.358842
QualiSR-Set120/RealESRGAN/ava_images___564572.npy.gz,RealESRGAN,ava_images___564572.png,../../../mnt/ssd2/29o_rya/datasets/iqa/QualiSR-Set120/sr/RealESRGAN/ava_images___564572.png,QualiSR-Set120,ava_images___564572,RealESRGAN/ava_images___564572.png,../../../mnt/ssd2/29o_rya/datasets/iqa/QualiSR-Set120/hr/ava_images___564572.png,../../../mnt/ssd2/29o_rya/datasets/iqa/QualiSR-Set120/lr/ava_images___564572.png,train,-2.5492473,-0.29427475,1.3401124,-0.6120137,-1.3765335,1.720902,-0.19906156,-0.29554218,0.12863103,-0.3868223,0.34490532,0.7874685,-1.8310598,0.7142674,1.9220177,-1.7993233,-0.0631606,-0.7660968,-1.8138483,-0.88131267,1.7708004,-1.459125,-0.72457296,3.6803186,4.5768056
QualiSR-Set120/SUPIR/ava_images___564572.npy.gz,SUPIR,ava_images___564572.png,../../../mnt/ssd2/29o_rya/datasets/iqa/QualiSR-Set120/sr/SUPIR/ava_images___564572.png,QualiSR-Set120,ava_images___564572,SUPIR/ava_images___564572.png,../../../mnt/ssd2/29o_rya/datasets/iqa/QualiSR-Set120/hr/ava_images___564572.png,../../../mnt/ssd2/29o_rya/datasets/iqa/QualiSR-Set120/lr/ava_images___564572.png,train,-3.1365736,-0.07454632,1.8589504,-0.80567575,-0.4723041,1.9200348,-0.19103219,0.9781712,0.43808421,-0.7454941,0.15839943,1.0723325,-1.6639011,0.9668964,2.1819603,-2.07799,0.16770124,-1.1454211,-1.9183948,-1.1344897,2.2345016,-1.5134981,-0.93706584,4.2325363,5.349193
QualiSR-Set120/PASD/ava_images___588008.npy.gz,PASD,ava_images___588008.png,../../../mnt/ssd2/29o_rya/datasets/iqa/QualiSR-Set120/sr/PASD/ava_images___588008.png,QualiSR-Set120,ava_images___588008,PASD/ava_images___588008.png,../../../mnt/ssd2/29o_rya/datasets/iqa/QualiSR-Set120/hr/ava_images___588008.png,../../../mnt/ssd2/29o_rya/datasets/iqa/QualiSR-Set120/lr/ava_images___588008.png,train,-5.3140435,10.499214,-2.9458637,7.340299,-1.3880789,0.20316684,-0.8310837,0.6995418,1.8778008,-0.5544197,-0.3768616,0.056148097,2.6471438,2.1612847,-0.4538612,-0.0033192337,-0.028508127,-0.60441273,-0.9400973,1.1906452,0.44229412,-1.3055456,-3.7464578,0.6876272,-0.9770813
QualiSR-Set120/RealESRGAN/ava_images___588008.npy.gz,RealESRGAN,ava_images___588008.png,../../../mnt/ssd2/29o_rya/datasets/iqa/QualiSR-Set120/sr/RealESRGAN/ava_images___588008.png,QualiSR-Set120,ava_images___588008,RealESRGAN/ava_images___588008.png,../../../mnt/ssd2/29o_rya/datasets/iqa/QualiSR-Set120/hr/ava_images___588008.png,../../../mnt/ssd2/29o_rya/datasets/iqa/QualiSR-Set120/lr/ava_images___588008.png,train,-4.992986,9.731445,-2.8007047,6.5295315,-1.2221389,0.2615707,-0.83395356,0.629092,1.6498944,-0.41968292,-0.31398472,-0.038494267,2.436027,1.8726976,-0.44475845,-0.0696899,0.09010023,-0.45761257,-0.8298895,0.99336845,0.3548509,-0.9905476,-3.3945396,0.69841343,-0.8964107
QualiSR-Set120/SUPIR/ava_images___588008.npy.gz,SUPIR,ava_images___588008.png,../../../mnt/ssd2/29o_rya/datasets/iqa/QualiSR-Set120/sr/SUPIR/ava_images___588008.png,QualiSR-Set120,ava_images___588008,SUPIR/ava_images___588008.png,../../../mnt/ssd2/29o_rya/datasets/iqa/QualiSR-Set120/hr/ava_images___588008.png,../../../mnt/ssd2/29o_rya/datasets/iqa/QualiSR-Set120/lr/ava_images___588008.png,train,-4.904845,9.613609,-2.6864717,6.506594,-1.3267994,0.18503034,-0.6740419,0.6534027,1.5407245,-0.48084927,-0.3694667,0.09349885,2.2040067,1.871847,-0.43136308,-0.025645375,-0.17261809,-0.4790662,-0.96130633,1.0171453,0.3253522,-1.1414404,-3.1388855,0.5640333,-0.7594235
QualiSR-Set120/PASD/ava_images___645845.npy.gz,PASD,ava_images___645845.png,../../../mnt/ssd2/29o_rya/datasets/iqa/QualiSR-Set120/sr/PASD/ava_images___645845.png,QualiSR-Set120,ava_images___645845,PASD/ava_images___645845.png,../../../mnt/ssd2/29o_rya/datasets/iqa/QualiSR-Set120/hr/ava_images___645845.png,../../../mnt/ssd2/29o_rya/datasets/iqa/QualiSR-Set120/lr/ava_images___645845.png,test,-1.0217683,1.2234796,0.815482,0.2351672,-1.4315801,0.4548837,-0.018150726,-0.623894,-1.7547462,0.121289544,-0.19464085,-0.6063739,-0.6613144,0.22376612,0.24748254,-0.47577775,-0.11203402,-0.7530176,-0.5918298,-0.31192595,0.22724877,-0.43217552,0.33614868,-0.18010819,-1.2113705
QualiSR-Set120/RealESRGAN/ava_images___645845.npy.gz,RealESRGAN,ava_images___645845.png,../../../mnt/ssd2/29o_rya/datasets/iqa/QualiSR-Set120/sr/RealESRGAN/ava_images___645845.png,QualiSR-Set120,ava_images___645845,RealESRGAN/ava_images___645845.png,../../../mnt/ssd2/29o_rya/datasets/iqa/QualiSR-Set120/hr/ava_images___645845.png,../../../mnt/ssd2/29o_rya/datasets/iqa/QualiSR-Set120/lr/ava_images___645845.png,test,-0.8360394,1.0241141,0.8753301,0.45694447,-1.5647705,0.43620574,0.13218369,-0.788978,-1.461012,-0.091111064,-0.07790509,-0.85352105,-0.6447812,0.062038362,0.43857712,-0.30599964,0.07076788,-0.585998,-0.6456742,-0.37450713,0.17023067,-0.23144451,0.31039608,-0.16561352,-1.1891946
QualiSR-Set120/SUPIR/ava_images___645845.npy.gz,SUPIR,ava_images___645845.png,../../../mnt/ssd2/29o_rya/datasets/iqa/QualiSR-Set120/sr/SUPIR/ava_images___645845.png,QualiSR-Set120,ava_images___645845,SUPIR/ava_images___645845.png,../../../mnt/ssd2/29o_rya/datasets/iqa/QualiSR-Set120/hr/ava_images___645845.png,../../../mnt/ssd2/29o_rya/datasets/iqa/QualiSR-Set120/lr/ava_images___645845.png,test,-0.8570845,0.8161953,0.7465268,0.2624191,-1.671946,0.28139424,0.08014372,-0.7478632,-1.4083049,-0.13088048,-0.085639566,-0.96069366,-0.6498898,0.121113464,0.45579988,-0.34119838,-0.0024345517,-0.5752002,-0.72502154,-0.44934493,0.29697388,-0.12101534,0.22636634,-0.11230776,-1.2085638
QualiSR-Set120/PASD/ava_images___699615.npy.gz,PASD,ava_images___699615.png,../../../mnt/ssd2/29o_rya/datasets/iqa/QualiSR-Set120/sr/PASD/ava_images___699615.png,QualiSR-Set120,ava_images___699615,PASD/ava_images___699615.png,../../../mnt/ssd2/29o_rya/datasets/iqa/QualiSR-Set120/hr/ava_images___699615.png,../../../mnt/ssd2/29o_rya/datasets/iqa/QualiSR-Set120/lr/ava_images___699615.png,train,-2.8432148,-1.3323568,2.8920808,-0.22915056,1.1624588,3.6502726,1.3572446,4.4674864,0.6001693,-1.7671303,-0.470463,0.6909115,-2.1634598,-0.31475222,-0.41823652,-1.1551929,2.2239676,-0.85082275,1.4873306,1.6976328,3.217919,2.4982824,0.8597301,-0.15586159,-1.7028486
QualiSR-Set120/RealESRGAN/ava_images___699615.npy.gz,RealESRGAN,ava_images___699615.png,../../../mnt/ssd2/29o_rya/datasets/iqa/QualiSR-Set120/sr/RealESRGAN/ava_images___699615.png,QualiSR-Set120,ava_images___699615,RealESRGAN/ava_images___699615.png,../../../mnt/ssd2/29o_rya/datasets/iqa/QualiSR-Set120/hr/ava_images___699615.png,../../../mnt/ssd2/29o_rya/datasets/iqa/QualiSR-Set120/lr/ava_images___699615.png,train,-2.8176615,-1.551029,2.3716085,-0.19857758,1.4390782,3.5765128,1.3460698,4.61949,0.5527257,-1.9218606,-0.44675103,0.60970426,-1.7337728,-0.23151454,-0.3438892,-1.2854488,2.0147576,-0.6554755,1.7126722,1.5159299,3.0834777,2.3293076,0.9755577,-0.020707183,-1.5746089
QualiSR-Set120/SUPIR/ava_images___699615.npy.gz,SUPIR,ava_images___699615.png,../../../mnt/ssd2/29o_rya/datasets/iqa/QualiSR-Set120/sr/SUPIR/ava_images___699615.png,QualiSR-Set120,ava_images___699615,SUPIR/ava_images___699615.png,../../../mnt/ssd2/29o_rya/datasets/iqa/QualiSR-Set120/hr/ava_images___699615.png,../../../mnt/ssd2/29o_rya/datasets/iqa/QualiSR-Set120/lr/ava_images___699615.png,train,-2.6369238,-1.2433952,2.7610452,-0.21594372,1.2507378,3.711864,1.4804633,4.3796062,0.7372978,-1.9116174,-0.44360057,0.5691699,-2.1436033,-0.28440756,-0.36085054,-1.2748661,2.2102528,-0.98835415,1.774881,1.5830181,3.176903,2.5536973,0.89274293,-0.027488336,-1.7876405
QualiSR-Set120/PASD/ava_images___710191.npy.gz,PASD,ava_images___710191.png,../../../mnt/ssd2/29o_rya/datasets/iqa/QualiSR-Set120/sr/PASD/ava_images___710191.png,QualiSR-Set120,ava_images___710191,PASD/ava_images___710191.png,../../../mnt/ssd2/29o_rya/datasets/iqa/QualiSR-Set120/hr/ava_images___710191.png,../../../mnt/ssd2/29o_rya/datasets/iqa/QualiSR-Set120/lr/ava_images___710191.png,train,-1.8091408,-3.1797907,-2.3334198,0.28223187,0.27090287,-2.7369938,0.7153564,-1.8845036,-1.8771982,-2.8002763,1.3154292,5.692377,1.8894545,-1.2084959,-0.06415585,-1.8350546,1.1274807,-1.1980538,-1.0424802,0.38747597,-0.10951974,0.31358373,-0.6925731,-1.4069105,0.4758754
QualiSR-Set120/RealESRGAN/ava_images___710191.npy.gz,RealESRGAN,ava_images___710191.png,../../../mnt/ssd2/29o_rya/datasets/iqa/QualiSR-Set120/sr/RealESRGAN/ava_images___710191.png,QualiSR-Set120,ava_images___710191,RealESRGAN/ava_images___710191.png,../../../mnt/ssd2/29o_rya/datasets/iqa/QualiSR-Set120/hr/ava_images___710191.png,../../../mnt/ssd2/29o_rya/datasets/iqa/QualiSR-Set120/lr/ava_images___710191.png,train,-0.95063436,-4.276431,-3.1864922,1.032299,0.67390907,-3.4143453,0.2711343,-1.8131506,-2.847218,-3.1740878,2.083895,7.7690578,3.1812882,-1.6428908,0.18579414,-2.556814,2.487511,-2.073073,-1.100105,0.47907376,-0.42380357,0.48994905,-0.7112862,-1.8893721,0.22497794
QualiSR-Set120/SUPIR/ava_images___710191.npy.gz,SUPIR,ava_images___710191.png,../../../mnt/ssd2/29o_rya/datasets/iqa/QualiSR-Set120/sr/SUPIR/ava_images___710191.png,QualiSR-Set120,ava_images___710191,SUPIR/ava_images___710191.png,../../../mnt/ssd2/29o_rya/datasets/iqa/QualiSR-Set120/hr/ava_images___710191.png,../../../mnt/ssd2/29o_rya/datasets/iqa/QualiSR-Set120/lr/ava_images___710191.png,train,-1.7923512,-3.8952544,-2.8443363,0.22833663,0.54860556,-3.4539986,1.0435565,-1.8371108,-1.6052998,-3.5861428,1.4862187,5.808904,1.8819648,-1.0598465,-0.19765209,-2.0587204,1.0376408,-1.4197923,-0.6213294,0.47667032,-0.26454988,0.441204,-0.3437693,-1.1328738,0.027879804
QualiSR-Set120/PASD/ava_images___737450.npy.gz,PASD,ava_images___737450.png,../../../mnt/ssd2/29o_rya/datasets/iqa/QualiSR-Set120/sr/PASD/ava_images___737450.png,QualiSR-Set120,ava_images___737450,PASD/ava_images___737450.png,../../../mnt/ssd2/29o_rya/datasets/iqa/QualiSR-Set120/hr/ava_images___737450.png,../../../mnt/ssd2/29o_rya/datasets/iqa/QualiSR-Set120/lr/ava_images___737450.png,train,-2.3135839,-0.2813518,0.9035051,-0.3271218,-1.8766435,2.4943984,0.15999249,-0.958041,-0.38341385,0.03706742,0.7786767,0.13142663,-1.8434412,0.341775,0.03439074,-0.0543046,-0.4818507,-0.0127372,-0.39128834,-0.229207,0.54799557,0.044937313,0.19848649,-0.023699693,-0.425148
QualiSR-Set120/RealESRGAN/ava_images___737450.npy.gz,RealESRGAN,ava_images___737450.png,../../../mnt/ssd2/29o_rya/datasets/iqa/QualiSR-Set120/sr/RealESRGAN/ava_images___737450.png,QualiSR-Set120,ava_images___737450,RealESRGAN/ava_images___737450.png,../../../mnt/ssd2/29o_rya/datasets/iqa/QualiSR-Set120/hr/ava_images___737450.png,../../../mnt/ssd2/29o_rya/datasets/iqa/QualiSR-Set120/lr/ava_images___737450.png,train,-2.2311444,-0.28797185,0.8117896,-0.2900955,-1.8293452,2.3584092,0.15574673,-0.9028443,-0.39365342,0.089877784,0.70824057,0.1527211,-1.8268318,0.25530225,0.009760562,-0.12538171,-0.37522697,-0.06070061,-0.3445561,-0.16176935,0.5702256,-0.047695816,0.17278084,-0.050056547,-0.43640983
QualiSR-Set120/SUPIR/ava_images___737450.npy.gz,SUPIR,ava_images___737450.png,../../../mnt/ssd2/29o_rya/datasets/iqa/QualiSR-Set120/sr/SUPIR/ava_images___737450.png,QualiSR-Set120,ava_images___737450,SUPIR/ava_images___737450.png,../../../mnt/ssd2/29o_rya/datasets/iqa/QualiSR-Set120/hr/ava_images___737450.png,../../../mnt/ssd2/29o_rya/datasets/iqa/QualiSR-Set120/lr/ava_images___737450.png,train,-2.3299985,-0.22476254,0.89805084,-0.34368712,-1.8810343,2.5008216,0.17133938,-1.0232357,-0.3579461,0.08222134,0.77335215,0.14951402,-1.8629432,0.30386758,0.066373065,-0.17288318,-0.41125184,-0.030930027,-0.34293574,-0.21062149,0.50477594,-0.010910422,0.20923913,-0.0010682121,-0.44389072
QualiSR-Set120/PASD/ava_images___74410.npy.gz,PASD,ava_images___74410.png,../../../mnt/ssd2/29o_rya/datasets/iqa/QualiSR-Set120/sr/PASD/ava_images___74410.png,QualiSR-Set120,ava_images___74410,PASD/ava_images___74410.png,../../../mnt/ssd2/29o_rya/datasets/iqa/QualiSR-Set120/hr/ava_images___74410.png,../../../mnt/ssd2/29o_rya/datasets/iqa/QualiSR-Set120/lr/ava_images___74410.png,train,-3.6733153,1.4431865,0.52987766,-6.294685,-3.0851855,-6.107579,-7.100722,1.9924494,5.173831,0.7480525,3.2545052,-1.7579651,1.865043,-1.767037,1.5654343,0.09934944,3.0908782,-0.57744026,-0.35287386,-0.1942515,0.85270846,0.18520564,0.56143624,0.5194453,-0.32353795
QualiSR-Set120/RealESRGAN/ava_images___74410.npy.gz,RealESRGAN,ava_images___74410.png,../../../mnt/ssd2/29o_rya/datasets/iqa/QualiSR-Set120/sr/RealESRGAN/ava_images___74410.png,QualiSR-Set120,ava_images___74410,RealESRGAN/ava_images___74410.png,../../../mnt/ssd2/29o_rya/datasets/iqa/QualiSR-Set120/hr/ava_images___74410.png,../../../mnt/ssd2/29o_rya/datasets/iqa/QualiSR-Set120/lr/ava_images___74410.png,train,-3.37191,0.51039976,0.54961205,-6.246974,-3.5939589,-5.0815864,-6.213586,0.9986416,5.0346103,0.51703155,3.2831411,-1.7666161,1.2228628,-1.6059498,1.2454278,-0.24258044,2.8607588,-0.5751186,-0.04701045,0.5613677,0.9563631,0.25960678,0.14169234,0.23774748,-0.5228916
QualiSR-Set120/SUPIR/ava_images___74410.npy.gz,SUPIR,ava_images___74410.png,../../../mnt/ssd2/29o_rya/datasets/iqa/QualiSR-Set120/sr/SUPIR/ava_images___74410.png,QualiSR-Set120,ava_images___74410,SUPIR/ava_images___74410.png,../../../mnt/ssd2/29o_rya/datasets/iqa/QualiSR-Set120/hr/ava_images___74410.png,../../../mnt/ssd2/29o_rya/datasets/iqa/QualiSR-Set120/lr/ava_images___74410.png,train,-4.03693,1.4420379,0.31261325,-5.48016,-3.279642,-5.6618114,-6.6810813,1.7276043,5.6787543,0.5844308,3.6302803,-1.9256771,2.326182,-1.4229618,1.3347423,0.56744117,2.8856213,-0.37395138,0.0873293,-0.49769717,0.6087365,0.16194224,1.026641,0.25717515,-0.78775287
QualiSR-Set120/PASD/ava_images___751927.npy.gz,PASD,ava_images___751927.png,../../../mnt/ssd2/29o_rya/datasets/iqa/QualiSR-Set120/sr/PASD/ava_images___751927.png,QualiSR-Set120,ava_images___751927,PASD/ava_images___751927.png,../../../mnt/ssd2/29o_rya/datasets/iqa/QualiSR-Set120/hr/ava_images___751927.png,../../../mnt/ssd2/29o_rya/datasets/iqa/QualiSR-Set120/lr/ava_images___751927.png,train,-2.1493986,-0.18348111,1.2995508,-0.5789343,-2.5884736,1.4995434,-0.25814566,-1.9506977,-0.14515504,0.073130935,1.3685263,-0.117616504,-1.7261571,-0.41310212,-0.03532199,-1.124182,-0.61684704,0.42463684,-1.2213408,0.48393166,-0.15611039,0.008629441,0.44851226,-1.2287726,-0.5566462
QualiSR-Set120/RealESRGAN/ava_images___751927.npy.gz,RealESRGAN,ava_images___751927.png,../../../mnt/ssd2/29o_rya/datasets/iqa/QualiSR-Set120/sr/RealESRGAN/ava_images___751927.png,QualiSR-Set120,ava_images___751927,RealESRGAN/ava_images___751927.png,../../../mnt/ssd2/29o_rya/datasets/iqa/QualiSR-Set120/hr/ava_images___751927.png,../../../mnt/ssd2/29o_rya/datasets/iqa/QualiSR-Set120/lr/ava_images___751927.png,train,-2.305244,-0.35640317,1.2560045,-0.5423025,-2.748456,1.3738974,-0.32752517,-2.0388656,-0.04393968,0.13283533,1.5645301,-0.05501111,-1.9194088,-0.52251065,-0.15755394,-1.1437984,-0.6146565,0.39515245,-1.2928506,0.39174128,-0.039663374,0.072537065,0.34728348,-1.2861054,-0.6455205
QualiSR-Set120/SUPIR/ava_images___751927.npy.gz,SUPIR,ava_images___751927.png,../../../mnt/ssd2/29o_rya/datasets/iqa/QualiSR-Set120/sr/SUPIR/ava_images___751927.png,QualiSR-Set120,ava_images___751927,SUPIR/ava_images___751927.png,../../../mnt/ssd2/29o_rya/datasets/iqa/QualiSR-Set120/hr/ava_images___751927.png,../../../mnt/ssd2/29o_rya/datasets/iqa/QualiSR-Set120/lr/ava_images___751927.png,train,-2.240415,-0.15176566,1.2971667,-0.48040596,-2.514353,1.6518993,-0.211429,-2.0136838,-0.22597218,0.112949915,1.4244148,-0.012517728,-1.8696897,-0.36699757,-0.15258606,-1.1018038,-0.6338291,0.4425308,-1.1908896,0.4121846,-0.1719409,-0.035732716,0.3799404,-1.1642039,-0.6925454
QualiSR-Set120/PASD/ava_images___773899.npy.gz,PASD,ava_images___773899.png,../../../mnt/ssd2/29o_rya/datasets/iqa/QualiSR-Set120/sr/PASD/ava_images___773899.png,QualiSR-Set120,ava_images___773899,PASD/ava_images___773899.png,../../../mnt/ssd2/29o_rya/datasets/iqa/QualiSR-Set120/hr/ava_images___773899.png,../../../mnt/ssd2/29o_rya/datasets/iqa/QualiSR-Set120/lr/ava_images___773899.png,train,-0.96262836,-2.3793557,-3.9967387,-2.6361194,2.118351,-1.6077898,1.5035775,-1.5801284,1.6083218,-3.5940738,-2.8773873,-2.1438885,-0.6070292,1.247131,-2.8198123,1.5454082,0.5915083,-0.6132444,-0.5747106,3.0576859,-0.101096556,-0.1656675,-0.3297695,0.9624924,0.6647788
QualiSR-Set120/RealESRGAN/ava_images___773899.npy.gz,RealESRGAN,ava_images___773899.png,../../../mnt/ssd2/29o_rya/datasets/iqa/QualiSR-Set120/sr/RealESRGAN/ava_images___773899.png,QualiSR-Set120,ava_images___773899,RealESRGAN/ava_images___773899.png,../../../mnt/ssd2/29o_rya/datasets/iqa/QualiSR-Set120/hr/ava_images___773899.png,../../../mnt/ssd2/29o_rya/datasets/iqa/QualiSR-Set120/lr/ava_images___773899.png,train,-0.9384556,-3.064037,-4.3059993,-1.6590528,2.2494664,-0.9435129,0.9756878,-1.145462,0.83792794,-2.4772074,-2.1166048,-1.4222509,0.0699743,1.02636,-2.408122,1.4260349,0.5346087,0.13785198,-1.0384935,2.181904,0.7256555,0.5929149,-0.45868582,0.56676495,0.9664115
QualiSR-Set120/SUPIR/ava_images___773899.npy.gz,SUPIR,ava_images___773899.png,../../../mnt/ssd2/29o_rya/datasets/iqa/QualiSR-Set120/sr/SUPIR/ava_images___773899.png,QualiSR-Set120,ava_images___773899,SUPIR/ava_images___773899.png,../../../mnt/ssd2/29o_rya/datasets/iqa/QualiSR-Set120/hr/ava_images___773899.png,../../../mnt/ssd2/29o_rya/datasets/iqa/QualiSR-Set120/lr/ava_images___773899.png,train,-0.9897152,-2.399047,-4.545113,-2.7657852,2.5496144,-1.9804895,1.5094362,-1.3661609,1.8479503,-3.6756957,-2.964099,-1.9279497,-0.5037869,1.567439,-2.5292878,1.8941205,-0.041545868,-0.46877402,-0.7561717,2.422406,-0.010274738,0.09786558,-0.21389557,1.0877042,1.228896
QualiSR-Set120/PASD/ava_images___827653.npy.gz,PASD,ava_images___827653.png,../../../mnt/ssd2/29o_rya/datasets/iqa/QualiSR-Set120/sr/PASD/ava_images___827653.png,QualiSR-Set120,ava_images___827653,PASD/ava_images___827653.png,../../../mnt/ssd2/29o_rya/datasets/iqa/QualiSR-Set120/hr/ava_images___827653.png,../../../mnt/ssd2/29o_rya/datasets/iqa/QualiSR-Set120/lr/ava_images___827653.png,test,0.30490506,-0.6466651,-3.0798633,-0.006184429,2.374981,-0.59294677,-0.37953424,0.38463604,0.15457967,1.0434635,0.6132463,0.14638938,-1.7106903,-0.25655404,2.4209406,0.15755504,0.11028737,-0.06787573,-2.2287264,-2.1836617,0.48145324,-0.48698062,0.3478285,0.99672157,1.0629941
QualiSR-Set120/RealESRGAN/ava_images___827653.npy.gz,RealESRGAN,ava_images___827653.png,../../../mnt/ssd2/29o_rya/datasets/iqa/QualiSR-Set120/sr/RealESRGAN/ava_images___827653.png,QualiSR-Set120,ava_images___827653,RealESRGAN/ava_images___827653.png,../../../mnt/ssd2/29o_rya/datasets/iqa/QualiSR-Set120/hr/ava_images___827653.png,../../../mnt/ssd2/29o_rya/datasets/iqa/QualiSR-Set120/lr/ava_images___827653.png,test,0.3475026,-0.77005476,-2.6762512,-0.3782961,3.012422,-0.5365133,-0.067288995,0.3316238,-0.105863005,0.48334393,0.8140963,-0.4933427,-2.0830765,-0.488614,2.317623,0.5936186,-0.11232498,0.06539169,-1.9608109,-2.0818515,0.6473479,-0.5634923,0.19942598,0.74109906,0.3664541
QualiSR-Set120/SUPIR/ava_images___827653.npy.gz,SUPIR,ava_images___827653.png,../../../mnt/ssd2/29o_rya/datasets/iqa/QualiSR-Set120/sr/SUPIR/ava_images___827653.png,QualiSR-Set120,ava_images___827653,SUPIR/ava_images___827653.png,../../../mnt/ssd2/29o_rya/datasets/iqa/QualiSR-Set120/hr/ava_images___827653.png,../../../mnt/ssd2/29o_rya/datasets/iqa/QualiSR-Set120/lr/ava_images___827653.png,test,-0.052213073,0.17138934,-1.9291604,-0.08894697,2.4726553,-0.28296494,-0.41503832,0.10917723,0.18171373,0.80588055,0.88090205,-0.026712373,-2.2781172,-0.6539768,2.2339408,0.11076552,-0.40542608,-0.39742088,-2.0477502,-2.5155475,0.46798617,-0.61877924,0.12128802,1.2128069,1.7806375
QualiSR-Set120/PASD/ava_images___842206.npy.gz,PASD,ava_images___842206.png,../../../mnt/ssd2/29o_rya/datasets/iqa/QualiSR-Set120/sr/PASD/ava_images___842206.png,QualiSR-Set120,ava_images___842206,PASD/ava_images___842206.png,../../../mnt/ssd2/29o_rya/datasets/iqa/QualiSR-Set120/hr/ava_images___842206.png,../../../mnt/ssd2/29o_rya/datasets/iqa/QualiSR-Set120/lr/ava_images___842206.png,test,-0.41389406,-1.9773333,2.587249,2.2045383,0.49933875,-0.086719036,-1.237141,-1.3154371,-0.43157595,0.49607044,-1.0993932,-0.93463546,0.29793024,-1.0958672,0.11129163,0.13610047,1.0799959,-0.59851974,-2.2439728,-0.82293385,-1.0117105,-0.073611885,-0.5852575,-1.3946823,-0.22152784
QualiSR-Set120/RealESRGAN/ava_images___842206.npy.gz,RealESRGAN,ava_images___842206.png,../../../mnt/ssd2/29o_rya/datasets/iqa/QualiSR-Set120/sr/RealESRGAN/ava_images___842206.png,QualiSR-Set120,ava_images___842206,RealESRGAN/ava_images___842206.png,../../../mnt/ssd2/29o_rya/datasets/iqa/QualiSR-Set120/hr/ava_images___842206.png,../../../mnt/ssd2/29o_rya/datasets/iqa/QualiSR-Set120/lr/ava_images___842206.png,test,-0.6751604,-2.3711774,2.4788504,2.4499326,0.53137505,-0.38180804,-1.3956428,-0.86833096,-0.034764603,0.53643507,-1.0202061,-0.3606618,0.05041659,-0.9106679,0.33961233,0.2908113,0.8807216,-0.9607423,-1.9429213,-1.0805225,-0.9235687,0.38674706,-0.7945162,-1.5927402,-0.35846186
QualiSR-Set120/SUPIR/ava_images___842206.npy.gz,SUPIR,ava_images___842206.png,../../../mnt/ssd2/29o_rya/datasets/iqa/QualiSR-Set120/sr/SUPIR/ava_images___842206.png,QualiSR-Set120,ava_images___842206,SUPIR/ava_images___842206.png,../../../mnt/ssd2/29o_rya/datasets/iqa/QualiSR-Set120/hr/ava_images___842206.png,../../../mnt/ssd2/29o_rya/datasets/iqa/QualiSR-Set120/lr/ava_images___842206.png,test,-0.77175355,-2.1571531,2.965556,2.3197894,0.5674826,-0.14610112,-1.2358416,-1.2919997,0.00073476136,0.61334354,-1.0131761,-0.62165254,-0.009400785,-0.9842397,-0.102911815,0.119166434,0.87851137,-0.5788457,-2.0670948,-1.0219568,-1.1667975,0.11081618,-0.6630262,-1.4408116,-0.23397422
QualiSR-Set120/PASD/ava_images___846773.npy.gz,PASD,ava_images___846773.png,../../../mnt/ssd2/29o_rya/datasets/iqa/QualiSR-Set120/sr/PASD/ava_images___846773.png,QualiSR-Set120,ava_images___846773,PASD/ava_images___846773.png,../../../mnt/ssd2/29o_rya/datasets/iqa/QualiSR-Set120/hr/ava_images___846773.png,../../../mnt/ssd2/29o_rya/datasets/iqa/QualiSR-Set120/lr/ava_images___846773.png,train,-2.6043656,-3.2270238,7.756608,3.5479646,6.7003384,-1.27567,-0.21447273,0.042114854,2.4848022,1.7038745,-1.6989543,-2.1107965,1.4390084,-1.2608262,-1.8547854,-0.8287336,1.7058434,-1.7804008,-2.5492067,-0.34183055,-3.6945248,-1.334203,-0.005741477,-0.87423,0.54495215
QualiSR-Set120/RealESRGAN/ava_images___846773.npy.gz,RealESRGAN,ava_images___846773.png,../../../mnt/ssd2/29o_rya/datasets/iqa/QualiSR-Set120/sr/RealESRGAN/ava_images___846773.png,QualiSR-Set120,ava_images___846773,RealESRGAN/ava_images___846773.png,../../../mnt/ssd2/29o_rya/datasets/iqa/QualiSR-Set120/hr/ava_images___846773.png,../../../mnt/ssd2/29o_rya/datasets/iqa/QualiSR-Set120/lr/ava_images___846773.png,train,-2.71384,-3.242668,7.3430595,3.1423852,5.8286133,-0.26551723,-0.018138124,1.063049,2.222533,1.2459029,-1.6438134,-1.6380715,1.2117606,-1.19291,-1.2245095,-0.95372736,2.0073357,-1.544932,-2.3547454,-0.56529397,-3.1621895,-0.9203281,0.0820619,-1.0094271,0.34765902
QualiSR-Set120/SUPIR/ava_images___846773.npy.gz,SUPIR,ava_images___846773.png,../../../mnt/ssd2/29o_rya/datasets/iqa/QualiSR-Set120/sr/SUPIR/ava_images___846773.png,QualiSR-Set120,ava_images___846773,SUPIR/ava_images___846773.png,../../../mnt/ssd2/29o_rya/datasets/iqa/QualiSR-Set120/hr/ava_images___846773.png,../../../mnt/ssd2/29o_rya/datasets/iqa/QualiSR-Set120/lr/ava_images___846773.png,train,-2.749774,-3.0178962,7.489842,3.190757,6.5198097,-0.658308,-0.14191505,0.60537493,2.3799405,1.7509928,-1.703126,-1.8730248,1.3187786,-1.2049879,-1.628756,-0.81983894,1.8145065,-1.9596359,-2.4120455,-0.42402864,-3.5355408,-1.1015047,0.04566191,-0.9617198,0.55322564
QualiSR-Set120/PASD/ava_images___857447.npy.gz,PASD,ava_images___857447.png,../../../mnt/ssd2/29o_rya/datasets/iqa/QualiSR-Set120/sr/PASD/ava_images___857447.png,QualiSR-Set120,ava_images___857447,PASD/ava_images___857447.png,../../../mnt/ssd2/29o_rya/datasets/iqa/QualiSR-Set120/hr/ava_images___857447.png,../../../mnt/ssd2/29o_rya/datasets/iqa/QualiSR-Set120/lr/ava_images___857447.png,train,-1.378331,-3.5251768,4.372326,4.3691187,2.3209343,-4.9174943,0.046893716,-5.026388,-0.26475164,0.38237748,1.5089523,-0.38600892,0.39115405,-0.23381308,-0.7382972,1.7744448,-2.5935009,3.3910503,2.651626,1.7731639,3.3129497,1.0860415,0.28432146,1.3665979,0.09715518
QualiSR-Set120/RealESRGAN/ava_images___857447.npy.gz,RealESRGAN,ava_images___857447.png,../../../mnt/ssd2/29o_rya/datasets/iqa/QualiSR-Set120/sr/RealESRGAN/ava_images___857447.png,QualiSR-Set120,ava_images___857447,RealESRGAN/ava_images___857447.png,../../../mnt/ssd2/29o_rya/datasets/iqa/QualiSR-Set120/hr/ava_images___857447.png,../../../mnt/ssd2/29o_rya/datasets/iqa/QualiSR-Set120/lr/ava_images___857447.png,train,-1.6150199,-4.0096974,4.682534,4.7023787,3.309227,-5.311217,-0.4321517,-4.452372,0.057303786,0.3778901,1.4782007,-0.6197807,0.63591707,0.28744668,-0.64722025,1.4293702,-1.8571196,2.9012346,2.777697,1.5203464,2.6685367,0.23637545,0.1774945,1.2785894,0.24040559
QualiSR-Set120/SUPIR/ava_images___857447.npy.gz,SUPIR,ava_images___857447.png,../../../mnt/ssd2/29o_rya/datasets/iqa/QualiSR-Set120/sr/SUPIR/ava_images___857447.png,QualiSR-Set120,ava_images___857447,SUPIR/ava_images___857447.png,../../../mnt/ssd2/29o_rya/datasets/iqa/QualiSR-Set120/hr/ava_images___857447.png,../../../mnt/ssd2/29o_rya/datasets/iqa/QualiSR-Set120/lr/ava_images___857447.png,train,-1.4303199,-3.5248773,4.132762,4.3293977,2.6421762,-4.7640505,-0.38622847,-4.56416,-0.1257177,0.24961618,1.6501218,-0.25343615,0.2866696,-0.14433914,-0.9481305,1.6918607,-2.3754668,3.41134,2.7588334,1.5331631,3.4348621,0.32885402,0.5429794,1.316036,0.1412355
QualiSR-Set120/PASD/ava_images___864250.npy.gz,PASD,ava_images___864250.png,../../../mnt/ssd2/29o_rya/datasets/iqa/QualiSR-Set120/sr/PASD/ava_images___864250.png,QualiSR-Set120,ava_images___864250,PASD/ava_images___864250.png,../../../mnt/ssd2/29o_rya/datasets/iqa/QualiSR-Set120/hr/ava_images___864250.png,../../../mnt/ssd2/29o_rya/datasets/iqa/QualiSR-Set120/lr/ava_images___864250.png,train,-0.52857697,-3.163533,0.80741215,2.5829601,0.48957598,-0.91180587,-1.0091993,-1.2840979,0.15025759,1.5596347,-2.2127995,0.6747408,-2.155644,1.9542966,5.6788063,0.22674221,0.20219254,-1.5946171,0.36176646,-3.1749647,1.3743186,-0.7057404,-0.63756394,-1.4897232,-1.5957947
QualiSR-Set120/RealESRGAN/ava_images___864250.npy.gz,RealESRGAN,ava_images___864250.png,../../../mnt/ssd2/29o_rya/datasets/iqa/QualiSR-Set120/sr/RealESRGAN/ava_images___864250.png,QualiSR-Set120,ava_images___864250,RealESRGAN/ava_images___864250.png,../../../mnt/ssd2/29o_rya/datasets/iqa/QualiSR-Set120/hr/ava_images___864250.png,../../../mnt/ssd2/29o_rya/datasets/iqa/QualiSR-Set120/lr/ava_images___864250.png,train,-0.49412215,-3.3029263,0.5501237,2.5646582,0.40212154,-1.122452,-0.73281527,-1.0432268,0.046230257,1.4952704,-1.971894,0.6811765,-2.1893907,2.1030238,5.716269,0.15929097,0.15090907,-1.34007,0.56098866,-3.095124,1.6486204,-0.69565475,-0.5776547,-1.2400283,-1.5659068
QualiSR-Set120/SUPIR/ava_images___864250.npy.gz,SUPIR,ava_images___864250.png,../../../mnt/ssd2/29o_rya/datasets/iqa/QualiSR-Set120/sr/SUPIR/ava_images___864250.png,QualiSR-Set120,ava_images___864250,SUPIR/ava_images___864250.png,../../../mnt/ssd2/29o_rya/datasets/iqa/QualiSR-Set120/hr/ava_images___864250.png,../../../mnt/ssd2/29o_rya/datasets/iqa/QualiSR-Set120/lr/ava_images___864250.png,train,-0.49943686,-3.4344344,1.1030359,3.017123,0.29376256,-1.3682835,-0.8046666,-1.1963327,0.34435204,2.0607917,-2.07662,0.45722967,-2.3815935,1.8093547,5.855402,0.44101554,0.42221707,-1.5667231,-0.07262829,-3.3158805,1.064566,-0.79814935,-0.82856476,-1.9722078,-1.6499221
QualiSR-Set120/PASD/ava_images___865616.npy.gz,PASD,ava_images___865616.png,../../../mnt/ssd2/29o_rya/datasets/iqa/QualiSR-Set120/sr/PASD/ava_images___865616.png,QualiSR-Set120,ava_images___865616,PASD/ava_images___865616.png,../../../mnt/ssd2/29o_rya/datasets/iqa/QualiSR-Set120/hr/ava_images___865616.png,../../../mnt/ssd2/29o_rya/datasets/iqa/QualiSR-Set120/lr/ava_images___865616.png,train,2.2443743,-0.17436813,1.1229727,1.0438175,-0.28617728,-0.034307957,0.02384079,-1.3546432,-5.664416,0.3775231,6.173546,-4.1635714,-0.99368864,4.715674,-1.0277838,-0.475945,3.7875276,-1.9405848,1.0207831,0.29928535,-1.0672156,0.7636084,-0.59360385,-0.54133195,0.5848347
QualiSR-Set120/RealESRGAN/ava_images___865616.npy.gz,RealESRGAN,ava_images___865616.png,../../../mnt/ssd2/29o_rya/datasets/iqa/QualiSR-Set120/sr/RealESRGAN/ava_images___865616.png,QualiSR-Set120,ava_images___865616,RealESRGAN/ava_images___865616.png,../../../mnt/ssd2/29o_rya/datasets/iqa/QualiSR-Set120/hr/ava_images___865616.png,../../../mnt/ssd2/29o_rya/datasets/iqa/QualiSR-Set120/lr/ava_images___865616.png,train,2.2479515,0.21341828,0.8911075,0.68765414,-0.31738055,0.11956549,0.17815296,-1.3414288,-5.451345,0.4198562,6.102268,-3.900997,-1.0020162,4.766442,-0.9470985,-0.44903108,3.660307,-1.9478067,1.1191454,0.19054133,-1.3094505,0.9212547,-0.7285378,-0.46416646,0.6239444
QualiSR-Set120/SUPIR/ava_images___865616.npy.gz,SUPIR,ava_images___865616.png,../../../mnt/ssd2/29o_rya/datasets/iqa/QualiSR-Set120/sr/SUPIR/ava_images___865616.png,QualiSR-Set120,ava_images___865616,SUPIR/ava_images___865616.png,../../../mnt/ssd2/29o_rya/datasets/iqa/QualiSR-Set120/hr/ava_images___865616.png,../../../mnt/ssd2/29o_rya/datasets/iqa/QualiSR-Set120/lr/ava_images___865616.png,train,1.9602512,0.06262903,0.8752538,0.62717855,-0.37430727,0.34861445,-0.067666814,-1.2319304,-5.4464154,0.46023455,5.9457693,-4.062673,-0.9780528,4.5978656,-1.0011101,-0.4983843,3.4345725,-2.1473978,0.67833817,0.20268159,-1.0618353,0.75505906,-0.6180556,-0.72534186,0.5116333
QualiSR-Set120/PASD/ava_images___953752.npy.gz,PASD,ava_images___953752.png,../../../mnt/ssd2/29o_rya/datasets/iqa/QualiSR-Set120/sr/PASD/ava_images___953752.png,QualiSR-Set120,ava_images___953752,PASD/ava_images___953752.png,../../../mnt/ssd2/29o_rya/datasets/iqa/QualiSR-Set120/hr/ava_images___953752.png,../../../mnt/ssd2/29o_rya/datasets/iqa/QualiSR-Set120/lr/ava_images___953752.png,train,-1.1586103,0.79728645,0.16801882,-1.084729,-0.83524853,1.6321465,0.63033265,-1.4066672,-0.39365953,-1.0474973,0.7738224,-0.90871686,-2.414347,-1.4890493,0.5870702,-0.63209754,-1.0840648,0.7451408,0.39249015,0.70902514,-1.1941998,-2.2110476,-2.275008,0.57139814,-3.739372
QualiSR-Set120/RealESRGAN/ava_images___953752.npy.gz,RealESRGAN,ava_images___953752.png,../../../mnt/ssd2/29o_rya/datasets/iqa/QualiSR-Set120/sr/RealESRGAN/ava_images___953752.png,QualiSR-Set120,ava_images___953752,RealESRGAN/ava_images___953752.png,../../../mnt/ssd2/29o_rya/datasets/iqa/QualiSR-Set120/hr/ava_images___953752.png,../../../mnt/ssd2/29o_rya/datasets/iqa/QualiSR-Set120/lr/ava_images___953752.png,train,-0.89412653,0.8189942,-0.06310135,-1.1840024,-0.5779882,1.5179561,0.5732666,-1.4142475,-0.4517005,-1.1002901,0.7711191,-1.0760611,-2.4996657,-1.3226049,0.404398,-0.70242876,-0.94900525,0.7352994,0.47675258,0.70980746,-1.180989,-2.0359452,-2.341139,0.57865065,-3.6954513
QualiSR-Set120/SUPIR/ava_images___953752.npy.gz,SUPIR,ava_images___953752.png,../../../mnt/ssd2/29o_rya/datasets/iqa/QualiSR-Set120/sr/SUPIR/ava_images___953752.png,QualiSR-Set120,ava_images___953752,SUPIR/ava_images___953752.png,../../../mnt/ssd2/29o_rya/datasets/iqa/QualiSR-Set120/hr/ava_images___953752.png,../../../mnt/ssd2/29o_rya/datasets/iqa/QualiSR-Set120/lr/ava_images___953752.png,train,-0.97976375,0.7934815,-0.04358834,-1.2253292,-0.6858404,1.4326969,0.5404324,-1.474829,-0.33048046,-1.3586373,0.6814628,-1.020669,-2.6075234,-1.4366565,0.5102134,-0.55206025,-1.1702087,0.65093094,0.44255203,0.76928914,-1.3520519,-2.1614234,-2.5380526,0.6264555,-3.814829
QualiSR-Set120/PASD/blur_dataset___out_of_focus0685.npy.gz,PASD,blur_dataset___out_of_focus0685.png,../../../mnt/ssd2/29o_rya/datasets/iqa/QualiSR-Set120/sr/PASD/blur_dataset___out_of_focus0685.png,QualiSR-Set120,blur_dataset___out_of_focus0685,PASD/blur_dataset___out_of_focus0685.png,../../../mnt/ssd2/29o_rya/datasets/iqa/QualiSR-Set120/hr/blur_dataset___out_of_focus0685.png,../../../mnt/ssd2/29o_rya/datasets/iqa/QualiSR-Set120/lr/blur_dataset___out_of_focus0685.png,train,-1.8685881,-2.572026,-2.7986953,-1.3297038,-0.10472715,0.3713802,-0.8163882,-1.049754,2.0141237,-3.7147136,-2.3174982,-1.8207517,-0.53277725,3.230456,-2.6198094,-1.0171065,-1.631902,-0.91481274,1.7517692,-4.153676,-0.044662,0.26504046,0.12364533,-1.5942996,0.6357497
QualiSR-Set120/RealESRGAN/blur_dataset___out_of_focus0685.npy.gz,RealESRGAN,blur_dataset___out_of_focus0685.png,../../../mnt/ssd2/29o_rya/datasets/iqa/QualiSR-Set120/sr/RealESRGAN/blur_dataset___out_of_focus0685.png,QualiSR-Set120,blur_dataset___out_of_focus0685,RealESRGAN/blur_dataset___out_of_focus0685.png,../../../mnt/ssd2/29o_rya/datasets/iqa/QualiSR-Set120/hr/blur_dataset___out_of_focus0685.png,../../../mnt/ssd2/29o_rya/datasets/iqa/QualiSR-Set120/lr/blur_dataset___out_of_focus0685.png,train,-1.7671554,-3.0945375,-3.400243,-0.8824884,0.2596153,-0.11414206,-0.631969,0.13478279,1.8484465,-3.7056699,-2.0710673,-1.6132555,-0.30003756,3.203174,-2.3845634,-0.59162647,-1.6449606,-0.9768726,1.9781176,-4.0158467,0.3162294,0.21965206,-0.30795324,-1.5666939,0.5179297
QualiSR-Set120/SUPIR/blur_dataset___out_of_focus0685.npy.gz,SUPIR,blur_dataset___out_of_focus0685.png,../../../mnt/ssd2/29o_rya/datasets/iqa/QualiSR-Set120/sr/SUPIR/blur_dataset___out_of_focus0685.png,QualiSR-Set120,blur_dataset___out_of_focus0685,SUPIR/blur_dataset___out_of_focus0685.png,../../../mnt/ssd2/29o_rya/datasets/iqa/QualiSR-Set120/hr/blur_dataset___out_of_focus0685.png,../../../mnt/ssd2/29o_rya/datasets/iqa/QualiSR-Set120/lr/blur_dataset___out_of_focus0685.png,train,-2.2063928,-2.7579823,-3.2135408,-1.7913593,-0.41311228,-0.6291945,-0.56366074,-0.965146,2.6859336,-4.0491705,-2.7451692,-1.8121444,-0.6340288,3.6821249,-3.016693,-0.68212044,-1.6595862,-1.267681,2.0184307,-4.29355,-0.38690096,0.21911424,0.12017943,-1.4306765,0.49029812
QualiSR-Set120/PASD/voc_emotic_ava___EMOTIC__COCO_train2014_000000244530.npy.gz,PASD,voc_emotic_ava___EMOTIC__COCO_train2014_000000244530.png,../../../mnt/ssd2/29o_rya/datasets/iqa/QualiSR-Set120/sr/PASD/voc_emotic_ava___EMOTIC__COCO_train2014_000000244530.png,QualiSR-Set120,voc_emotic_ava___EMOTIC__COCO_train2014_000000244530,PASD/voc_emotic_ava___EMOTIC__COCO_train2014_000000244530.png,../../../mnt/ssd2/29o_rya/datasets/iqa/QualiSR-Set120/hr/voc_emotic_ava___EMOTIC__COCO_train2014_000000244530.png,../../../mnt/ssd2/29o_rya/datasets/iqa/QualiSR-Set120/lr/voc_emotic_ava___EMOTIC__COCO_train2014_000000244530.png,train,4.4217577,-1.5934339,-3.5206392,2.5676923,3.0972958,2.0438142,-9.24803,0.09072721,-2.150471,1.0258809,-0.2700431,-1.2017415,-0.6774938,-1.528416,0.5172486,-1.384798,-4.5534987,-5.2383842,0.2779311,3.7337482,0.8966423,1.6007612,1.3028294,0.21810667,-0.014599144
QualiSR-Set120/RealESRGAN/voc_emotic_ava___EMOTIC__COCO_train2014_000000244530.npy.gz,RealESRGAN,voc_emotic_ava___EMOTIC__COCO_train2014_000000244530.png,../../../mnt/ssd2/29o_rya/datasets/iqa/QualiSR-Set120/sr/RealESRGAN/voc_emotic_ava___EMOTIC__COCO_train2014_000000244530.png,QualiSR-Set120,voc_emotic_ava___EMOTIC__COCO_train2014_000000244530,RealESRGAN/voc_emotic_ava___EMOTIC__COCO_train2014_000000244530.png,../../../mnt/ssd2/29o_rya/datasets/iqa/QualiSR-Set120/hr/voc_emotic_ava___EMOTIC__COCO_train2014_000000244530.png,../../../mnt/ssd2/29o_rya/datasets/iqa/QualiSR-Set120/lr/voc_emotic_ava___EMOTIC__COCO_train2014_000000244530.png,train,3.8469095,-1.3085598,-3.402756,2.4741688,2.7588058,2.5788922,-8.120143,0.42757857,-2.0313277,0.5375532,0.0022155046,-1.3357296,-0.1576196,-1.4940327,0.27967918,-1.3769329,-4.2051744,-4.5015955,1.4489143,2.9083035,-0.023753285,0.7088533,0.83161795,0.49090016,-0.07220113
QualiSR-Set120/SUPIR/voc_emotic_ava___EMOTIC__COCO_train2014_000000244530.npy.gz,SUPIR,voc_emotic_ava___EMOTIC__COCO_train2014_000000244530.png,../../../mnt/ssd2/29o_rya/datasets/iqa/QualiSR-Set120/sr/SUPIR/voc_emotic_ava___EMOTIC__COCO_train2014_000000244530.png,QualiSR-Set120,voc_emotic_ava___EMOTIC__COCO_train2014_000000244530,SUPIR/voc_emotic_ava___EMOTIC__COCO_train2014_000000244530.png,../../../mnt/ssd2/29o_rya/datasets/iqa/QualiSR-Set120/hr/voc_emotic_ava___EMOTIC__COCO_train2014_000000244530.png,../../../mnt/ssd2/29o_rya/datasets/iqa/QualiSR-Set120/lr/voc_emotic_ava___EMOTIC__COCO_train2014_000000244530.png,train,4.1015344,-1.4253106,-3.3827388,2.7342997,3.0976267,2.4806929,-9.082604,0.5827644,-2.4006898,0.7446875,-0.37736276,-1.3157849,-0.29081196,-1.4630138,0.4236381,-1.1644807,-4.2506475,-4.5015435,0.7488816,3.125538,0.35322845,1.1596324,1.0527096,0.30805832,0.14012483
QualiSR-Set120/PASD/voc_emotic_ava___EMOTIC__COCO_train2014_000000247190.npy.gz,PASD,voc_emotic_ava___EMOTIC__COCO_train2014_000000247190.png,../../../mnt/ssd2/29o_rya/datasets/iqa/QualiSR-Set120/sr/PASD/voc_emotic_ava___EMOTIC__COCO_train2014_000000247190.png,QualiSR-Set120,voc_emotic_ava___EMOTIC__COCO_train2014_000000247190,PASD/voc_emotic_ava___EMOTIC__COCO_train2014_000000247190.png,../../../mnt/ssd2/29o_rya/datasets/iqa/QualiSR-Set120/hr/voc_emotic_ava___EMOTIC__COCO_train2014_000000247190.png,../../../mnt/ssd2/29o_rya/datasets/iqa/QualiSR-Set120/lr/voc_emotic_ava___EMOTIC__COCO_train2014_000000247190.png,train,-0.54010916,0.35493222,1.671989,-0.29818153,-2.8341734,1.2571273,0.41439998,-1.8377182,-0.93770564,-0.40715867,-0.11412004,-0.86869556,-0.5853659,-0.5671339,-0.017513271,-0.4982181,-1.0845692,0.52306545,-0.25625286,1.6124467,0.11544673,-1.5169301,1.0962389,-2.0567992,0.7036196
QualiSR-Set120/RealESRGAN/voc_emotic_ava___EMOTIC__COCO_train2014_000000247190.npy.gz,RealESRGAN,voc_emotic_ava___EMOTIC__COCO_train2014_000000247190.png,../../../mnt/ssd2/29o_rya/datasets/iqa/QualiSR-Set120/sr/RealESRGAN/voc_emotic_ava___EMOTIC__COCO_train2014_000000247190.png,QualiSR-Set120,voc_emotic_ava___EMOTIC__COCO_train2014_000000247190,RealESRGAN/voc_emotic_ava___EMOTIC__COCO_train2014_000000247190.png,../../../mnt/ssd2/29o_rya/datasets/iqa/QualiSR-Set120/hr/voc_emotic_ava___EMOTIC__COCO_train2014_000000247190.png,../../../mnt/ssd2/29o_rya/datasets/iqa/QualiSR-Set120/lr/voc_emotic_ava___EMOTIC__COCO_train2014_000000247190.png,train,-0.55147433,0.57427615,1.6196549,-0.4390775,-2.8987436,1.4662337,0.43873233,-1.9686681,-0.8583267,-0.34859633,-0.41641757,-1.098262,-0.81067425,-0.8684679,0.111570105,-0.4463768,-0.9981746,0.83932614,-0.5600373,1.9399419,-0.25196046,-1.4275827,1.144748,-2.5577137,1.061416
QualiSR-Set120/SUPIR/voc_emotic_ava___EMOTIC__COCO_train2014_000000247190.npy.gz,SUPIR,voc_emotic_ava___EMOTIC__COCO_train2014_000000247190.png,../../../mnt/ssd2/29o_rya/datasets/iqa/QualiSR-Set120/sr/SUPIR/voc_emotic_ava___EMOTIC__COCO_train2014_000000247190.png,QualiSR-Set120,voc_emotic_ava___EMOTIC__COCO_train2014_000000247190,SUPIR/voc_emotic_ava___EMOTIC__COCO_train2014_000000247190.png,../../../mnt/ssd2/29o_rya/datasets/iqa/QualiSR-Set120/hr/voc_emotic_ava___EMOTIC__COCO_train2014_000000247190.png,../../../mnt/ssd2/29o_rya/datasets/iqa/QualiSR-Set120/lr/voc_emotic_ava___EMOTIC__COCO_train2014_000000247190.png,train,-0.7580632,0.49179566,1.7596669,-0.44554377,-3.0635967,1.3533105,0.44003913,-1.9334872,-0.7489668,-0.30280235,-0.12506756,-0.9840328,-0.6851343,-0.6650251,-0.035028234,-0.5551958,-1.2596896,0.76229674,-0.3782949,1.8151159,-0.12073372,-1.5297868,1.1435196,-2.3597987,0.9103366
QualiSR-Set120/PASD/voc_emotic_ava___EMOTIC__COCO_val2014_000000020598.npy.gz,PASD,voc_emotic_ava___EMOTIC__COCO_val2014_000000020598.png,../../../mnt/ssd2/29o_rya/datasets/iqa/QualiSR-Set120/sr/PASD/voc_emotic_ava___EMOTIC__COCO_val2014_000000020598.png,QualiSR-Set120,voc_emotic_ava___EMOTIC__COCO_val2014_000000020598,PASD/voc_emotic_ava___EMOTIC__COCO_val2014_000000020598.png,../../../mnt/ssd2/29o_rya/datasets/iqa/QualiSR-Set120/hr/voc_emotic_ava___EMOTIC__COCO_val2014_000000020598.png,../../../mnt/ssd2/29o_rya/datasets/iqa/QualiSR-Set120/lr/voc_emotic_ava___EMOTIC__COCO_val2014_000000020598.png,train,4.639413,-3.1865222,0.07229483,4.6405153,-3.0082128,-2.0829375,-5.0015593,4.2195206,-2.3150268,-2.6275668,-1.2053231,-0.8020622,-5.2544827,-0.62193286,-2.1556368,1.9494312,3.2816916,4.156844,-4.706438,-0.3500715,1.5864165,0.60473686,-0.16152243,-0.80080646,-0.60672915
QualiSR-Set120/RealESRGAN/voc_emotic_ava___EMOTIC__COCO_val2014_000000020598.npy.gz,RealESRGAN,voc_emotic_ava___EMOTIC__COCO_val2014_000000020598.png,../../../mnt/ssd2/29o_rya/datasets/iqa/QualiSR-Set120/sr/RealESRGAN/voc_emotic_ava___EMOTIC__COCO_val2014_000000020598.png,QualiSR-Set120,voc_emotic_ava___EMOTIC__COCO_val2014_000000020598,RealESRGAN/voc_emotic_ava___EMOTIC__COCO_val2014_000000020598.png,../../../mnt/ssd2/29o_rya/datasets/iqa/QualiSR-Set120/hr/voc_emotic_ava___EMOTIC__COCO_val2014_000000020598.png,../../../mnt/ssd2/29o_rya/datasets/iqa/QualiSR-Set120/lr/voc_emotic_ava___EMOTIC__COCO_val2014_000000020598.png,train,4.830025,-2.9399114,-0.71129936,4.5366035,-2.036007,-2.2480693,-5.3455048,4.3388214,-1.8170546,-2.853198,-0.1848816,0.23206095,-4.3254924,-0.31270635,-2.4444456,1.4331367,2.5108418,3.8128088,-3.415073,-0.7742681,1.0314939,-0.97717303,-0.23807408,-0.94886166,0.09630266
QualiSR-Set120/SUPIR/voc_emotic_ava___EMOTIC__COCO_val2014_000000020598.npy.gz,SUPIR,voc_emotic_ava___EMOTIC__COCO_val2014_000000020598.png,../../../mnt/ssd2/29o_rya/datasets/iqa/QualiSR-Set120/sr/SUPIR/voc_emotic_ava___EMOTIC__COCO_val2014_000000020598.png,QualiSR-Set120,voc_emotic_ava___EMOTIC__COCO_val2014_000000020598,SUPIR/voc_emotic_ava___EMOTIC__COCO_val2014_000000020598.png,../../../mnt/ssd2/29o_rya/datasets/iqa/QualiSR-Set120/hr/voc_emotic_ava___EMOTIC__COCO_val2014_000000020598.png,../../../mnt/ssd2/29o_rya/datasets/iqa/QualiSR-Set120/lr/voc_emotic_ava___EMOTIC__COCO_val2014_000000020598.png,train,4.361738,-2.7981055,0.13360423,4.6287694,-3.0945206,-2.0945816,-5.1676817,4.067324,-2.2102554,-2.667744,-0.79216814,-0.10006346,-4.9422936,-0.43319824,-2.2310376,1.7771616,2.6307228,4.1866517,-4.0619993,-0.92825335,0.7993639,-0.65026784,-0.14063202,-0.8576433,-0.31632304
QualiSR-Set120/PASD/voc_emotic_ava___JPEGImages__2008_003883.npy.gz,PASD,voc_emotic_ava___JPEGImages__2008_003883.png,../../../mnt/ssd2/29o_rya/datasets/iqa/QualiSR-Set120/sr/PASD/voc_emotic_ava___JPEGImages__2008_003883.png,QualiSR-Set120,voc_emotic_ava___JPEGImages__2008_003883,PASD/voc_emotic_ava___JPEGImages__2008_003883.png,../../../mnt/ssd2/29o_rya/datasets/iqa/QualiSR-Set120/hr/voc_emotic_ava___JPEGImages__2008_003883.png,../../../mnt/ssd2/29o_rya/datasets/iqa/QualiSR-Set120/lr/voc_emotic_ava___JPEGImages__2008_003883.png,test,1.2184244,-1.8778763,-1.8998327,0.13134915,0.92459047,1.9109579,-3.5897696,-1.1839159,-1.4384192,0.22311512,-1.5364896,-0.46417803,1.019883,-0.6739234,0.41520494,0.45981663,1.8734021,0.44361925,-1.0322751,-0.21966659,0.35726768,0.861214,-0.15283297,-0.3573364,-0.32670173
QualiSR-Set120/RealESRGAN/voc_emotic_ava___JPEGImages__2008_003883.npy.gz,RealESRGAN,voc_emotic_ava___JPEGImages__2008_003883.png,../../../mnt/ssd2/29o_rya/datasets/iqa/QualiSR-Set120/sr/RealESRGAN/voc_emotic_ava___JPEGImages__2008_003883.png,QualiSR-Set120,voc_emotic_ava___JPEGImages__2008_003883,RealESRGAN/voc_emotic_ava___JPEGImages__2008_003883.png,../../../mnt/ssd2/29o_rya/datasets/iqa/QualiSR-Set120/hr/voc_emotic_ava___JPEGImages__2008_003883.png,../../../mnt/ssd2/29o_rya/datasets/iqa/QualiSR-Set120/lr/voc_emotic_ava___JPEGImages__2008_003883.png,test,2.4532738,-1.8596573,-2.0021358,-0.21261722,1.5803393,0.88186216,-3.9065921,-0.085301876,-0.88167274,-0.19143373,-1.4681717,-0.5526481,1.418913,-0.12304306,1.0884551,0.48174268,0.5242175,-0.48597527,-0.9092921,-0.17107235,0.6976663,1.2578821,-0.4582613,-0.85145086,0.10326865
QualiSR-Set120/SUPIR/voc_emotic_ava___JPEGImages__2008_003883.npy.gz,SUPIR,voc_emotic_ava___JPEGImages__2008_003883.png,../../../mnt/ssd2/29o_rya/datasets/iqa/QualiSR-Set120/sr/SUPIR/voc_emotic_ava___JPEGImages__2008_003883.png,QualiSR-Set120,voc_emotic_ava___JPEGImages__2008_003883,SUPIR/voc_emotic_ava___JPEGImages__2008_003883.png,../../../mnt/ssd2/29o_rya/datasets/iqa/QualiSR-Set120/hr/voc_emotic_ava___JPEGImages__2008_003883.png,../../../mnt/ssd2/29o_rya/datasets/iqa/QualiSR-Set120/lr/voc_emotic_ava___JPEGImages__2008_003883.png,test,1.7999891,-2.125982,-1.7702601,0.1340611,1.3142458,1.1122701,-4.710161,-0.8043065,-1.4911493,-0.28353888,-1.3722838,-0.7737245,1.319379,-0.6406828,0.50703585,0.62720865,0.9143658,-0.20055924,-1.4057591,0.10967787,0.42352527,1.0496674,-0.18172224,-0.5733833,-0.1742609
QualiSR-Set120/PASD/voc_emotic_ava___VOC2012__2010_004399.npy.gz,PASD,voc_emotic_ava___VOC2012__2010_004399.png,../../../mnt/ssd2/29o_rya/datasets/iqa/QualiSR-Set120/sr/PASD/voc_emotic_ava___VOC2012__2010_004399.png,QualiSR-Set120,voc_emotic_ava___VOC2012__2010_004399,PASD/voc_emotic_ava___VOC2012__2010_004399.png,../../../mnt/ssd2/29o_rya/datasets/iqa/QualiSR-Set120/hr/voc_emotic_ava___VOC2012__2010_004399.png,../../../mnt/ssd2/29o_rya/datasets/iqa/QualiSR-Set120/lr/voc_emotic_ava___VOC2012__2010_004399.png,train,-1.1454566,-0.4915421,2.0567222,0.5190121,-2.8357909,1.4854058,0.60667574,-1.9528363,-0.26761654,0.26031345,0.07901162,-1.2681566,-0.7899784,-1.8644611,-0.3377888,0.06720412,-1.6648171,0.008338928,-2.7982655,-0.91844004,-1.4640036,6.461541,-2.178179,0.5725974,-0.34507364
QualiSR-Set120/RealESRGAN/voc_emotic_ava___VOC2012__2010_004399.npy.gz,RealESRGAN,voc_emotic_ava___VOC2012__2010_004399.png,../../../mnt/ssd2/29o_rya/datasets/iqa/QualiSR-Set120/sr/RealESRGAN/voc_emotic_ava___VOC2012__2010_004399.png,QualiSR-Set120,voc_emotic_ava___VOC2012__2010_004399,RealESRGAN/voc_emotic_ava___VOC2012__2010_004399.png,../../../mnt/ssd2/29o_rya/datasets/iqa/QualiSR-Set120/hr/voc_emotic_ava___VOC2012__2010_004399.png,../../../mnt/ssd2/29o_rya/datasets/iqa/QualiSR-Set120/lr/voc_emotic_ava___VOC2012__2010_004399.png,train,-0.8431035,-0.89149386,1.8903961,0.82601,-3.527017,0.68437386,0.43887743,-2.0297737,-0.1480882,-0.0906492,-0.02769199,-1.5816541,-0.7357318,-2.3077478,-0.37314272,0.026133955,-2.091916,0.13540298,-2.9964962,-0.6187437,-1.0147387,6.8020663,-2.3818552,0.25671673,-0.15465125
QualiSR-Set120/SUPIR/voc_emotic_ava___VOC2012__2010_004399.npy.gz,SUPIR,voc_emotic_ava___VOC2012__2010_004399.png,../../../mnt/ssd2/29o_rya/datasets/iqa/QualiSR-Set120/sr/SUPIR/voc_emotic_ava___VOC2012__2010_004399.png,QualiSR-Set120,voc_emotic_ava___VOC2012__2010_004399,SUPIR/voc_emotic_ava___VOC2012__2010_004399.png,../../../mnt/ssd2/29o_rya/datasets/iqa/QualiSR-Set120/hr/voc_emotic_ava___VOC2012__2010_004399.png,../../../mnt/ssd2/29o_rya/datasets/iqa/QualiSR-Set120/lr/voc_emotic_ava___VOC2012__2010_004399.png,train,-1.2578573,-0.40179336,1.9385645,0.59152603,-2.8191202,1.5135578,0.44067127,-1.919533,-0.36126906,0.18057522,0.2355677,-1.1534578,-0.76924586,-1.7831603,-0.344475,0.07331234,-1.5843842,0.03227237,-2.756493,-0.83538216,-1.3363303,6.2498226,-2.234723,0.42116672,-0.38897732
QualiSR-Set120/PASD/voc_emotic_ava___VOC2012__2012_004043.npy.gz,PASD,voc_emotic_ava___VOC2012__2012_004043.png,../../../mnt/ssd2/29o_rya/datasets/iqa/QualiSR-Set120/sr/PASD/voc_emotic_ava___VOC2012__2012_004043.png,QualiSR-Set120,voc_emotic_ava___VOC2012__2012_004043,PASD/voc_emotic_ava___VOC2012__2012_004043.png,../../../mnt/ssd2/29o_rya/datasets/iqa/QualiSR-Set120/hr/voc_emotic_ava___VOC2012__2012_004043.png,../../../mnt/ssd2/29o_rya/datasets/iqa/QualiSR-Set120/lr/voc_emotic_ava___VOC2012__2012_004043.png,train,2.4334936,-0.24550264,1.3005655,0.29050004,-3.5746107,-2.419754,1.7908279,-0.6232304,-3.7503211,-2.370689,-2.309433,-4.1680527,2.4223585,-1.8593823,1.4009781,1.9952583,0.44415444,-2.865658,-2.6628404,0.50677484,2.8969278,-1.0442208,1.3026416,-0.40807623,-0.8593966
QualiSR-Set120/RealESRGAN/voc_emotic_ava___VOC2012__2012_004043.npy.gz,RealESRGAN,voc_emotic_ava___VOC2012__2012_004043.png,../../../mnt/ssd2/29o_rya/datasets/iqa/QualiSR-Set120/sr/RealESRGAN/voc_emotic_ava___VOC2012__2012_004043.png,QualiSR-Set120,voc_emotic_ava___VOC2012__2012_004043,RealESRGAN/voc_emotic_ava___VOC2012__2012_004043.png,../../../mnt/ssd2/29o_rya/datasets/iqa/QualiSR-Set120/hr/voc_emotic_ava___VOC2012__2012_004043.png,../../../mnt/ssd2/29o_rya/datasets/iqa/QualiSR-Set120/lr/voc_emotic_ava___VOC2012__2012_004043.png,train,2.9681292,-0.4148872,1.220708,0.6958202,-3.898367,-2.2100415,2.230925,-0.41241032,-4.291303,-2.922742,-2.6183696,-4.4442744,3.0399432,-2.2979043,1.6706145,2.1091144,0.60092217,-3.2758396,-3.2335615,0.31012425,2.7153664,-0.378129,1.0019876,0.10088435,-0.9038841
QualiSR-Set120/SUPIR/voc_emotic_ava___VOC2012__2012_004043.npy.gz,SUPIR,voc_emotic_ava___VOC2012__2012_004043.png,../../../mnt/ssd2/29o_rya/datasets/iqa/QualiSR-Set120/sr/SUPIR/voc_emotic_ava___VOC2012__2012_004043.png,QualiSR-Set120,voc_emotic_ava___VOC2012__2012_004043,SUPIR/voc_emotic_ava___VOC2012__2012_004043.png,../../../mnt/ssd2/29o_rya/datasets/iqa/QualiSR-Set120/hr/voc_emotic_ava___VOC2012__2012_004043.png,../../../mnt/ssd2/29o_rya/datasets/iqa/QualiSR-Set120/lr/voc_emotic_ava___VOC2012__2012_004043.png,train,2.637916,-0.25166708,1.7510469,0.5389234,-3.7313895,-2.2782536,2.0912027,-0.88496184,-4.076091,-2.4692612,-2.7807207,-4.566378,2.726871,-2.0079026,1.5559585,2.3858678,0.362015,-3.242206,-2.8390074,0.50879824,2.9956632,-1.2542796,1.6284775,0.050799966,-1.1888603
