sample_id,sr_method,sr_filename,sr_path,dataset,test_case,rel_path,gt_path,lr_path,set_type,vgg_pca_000,vgg_pca_001,vgg_pca_002,vgg_pca_003,vgg_pca_004,vgg_pca_005,vgg_pca_006,vgg_pca_007,vgg_pca_008,vgg_pca_009,vgg_pca_010,vgg_pca_011,vgg_pca_012,vgg_pca_013,vgg_pca_014,vgg_pca_015,vgg_pca_016,vgg_pca_017,vgg_pca_018,vgg_pca_019,vgg_pca_020,vgg_pca_021,vgg_pca_022,vgg_pca_023,vgg_pca_024
QualiSR-Set120/PASD/1024x768___4962875195.npy.gz,PASD,1024x768___4962875195.png,../../../mnt/ssd2/29o_rya/datasets/iqa/QualiSR-Set120/sr/PASD/1024x768___4962875195.png,QualiSR-Set120,1024x768___4962875195,PASD/1024x768___4962875195.png,../../../mnt/ssd2/29o_rya/datasets/iqa/QualiSR-Set120/hr/1024x768___4962875195.png,../../../mnt/ssd2/29o_rya/datasets/iqa/QualiSR-Set120/lr/1024x768___4962875195.png,train,-4.3575573,-8.770071,-6.5897865,-15.1787815,-4.0960236,-3.779344,-24.373661,3.4154844,-13.419216,-21.08683,-17.468328,-5.508192,15.428644,-62.697117,37.499233,-21.47843,72.42696,-69.63835,24.167202,1.9624181,0.54603815,4.2557054,2.7575161,2.582415,-2.720303
QualiSR-Set120/RealESRGAN/1024x768___4962875195.npy.gz,RealESRGAN,1024x768___4962875195.png,../../../mnt/ssd2/29o_rya/datasets/iqa/QualiSR-Set120/sr/RealESRGAN/1024x768___4962875195.png,QualiSR-Set120,1024x768___4962875195,RealESRGAN/1024x768___4962875195.png,../../../mnt/ssd2/29o_rya/datasets/iqa/QualiSR-Set120/hr/1024x768___4962875195.png,../../../mnt/ssd2/29o_rya/datasets/iqa/QualiSR-Set120/lr/1024x768___4962875195.png,train,-4.1557107,-8.13797,-5.2145977,-15.315523,-2.4072437,-3.3198242,-24.816795,2.5231767,-12.331284,-21.469387,-18.405865,-5.2756605,16.889706,-62.41185,36.995518,-20.997112,73.23497,-68.03414,24.464272,3.1316917,-0.18974257,4.0031047,2.064294,2.1010923,-2.1137147
QualiSR-Set120/SUPIR/1024x768___4962875195.npy.gz,SUPIR,1024x768___4962875195.png,../../../mnt/ssd2/29o_rya/datasets/iqa/QualiSR-Set120/sr/SUPIR/1024x768___4962875195.png,QualiSR-Set120,1024x768___4962875195,SUPIR/1024x768___4962875195.png,../../../mnt/ssd2/29o_rya/datasets/iqa/QualiSR-Set120/hr/1024x768___4962875195.png,../../../mnt/ssd2/29o_rya/datasets/iqa/QualiSR-Set120/lr/1024x768___4962875195.png,train,-4.3288054,-7.80231,-6.6295943,-15.916414,-4.6898766,-2.7878704,-25.702732,2.7944798,-13.840445,-23.076965,-19.432579,-4.7564793,16.743155,-67.037476,41.095276,-22.987692,79.631355,-73.30284,26.24696,1.7960217,-0.23017216,4.287632,4.852474,2.5241523,-5.079582
QualiSR-Set120/PASD/ava_images___101816.npy.gz,PASD,ava_images___101816.png,../../../mnt/ssd2/29o_rya/datasets/iqa/QualiSR-Set120/sr/PASD/ava_images___101816.png,QualiSR-Set120,ava_images___101816,PASD/ava_images___101816.png,../../../mnt/ssd2/29o_rya/datasets/iqa/QualiSR-Set120/hr/ava_images___101816.png,../../../mnt/ssd2/29o_rya/datasets/iqa/QualiSR-Set120/lr/ava_images___101816.png,train,3.3668776,26.021605,-9.383995,-4.484806,-22.290476,23.12536,-0.5095291,7.1006975,-10.258154,3.9326935,-26.17716,-2.0335314,-4.328674,16.336388,19.052824,3.7366014,-6.7709036,-3.4613495,-25.938438,-10.2359,-65.40842,-43.03096,-9.084621,121.790344,6.8662105
QualiSR-Set120/RealESRGAN/ava_images___101816.npy.gz,RealESRGAN,ava_images___101816.png,../../../mnt/ssd2/29o_rya/datasets/iqa/QualiSR-Set120/sr/RealESRGAN/ava_images___101816.png,QualiSR-Set120,ava_images___101816,RealESRGAN/ava_images___101816.png,../../../mnt/ssd2/29o_rya/datasets/iqa/QualiSR-Set120/hr/ava_images___101816.png,../../../mnt/ssd2/29o_rya/datasets/iqa/QualiSR-Set120/lr/ava_images___101816.png,train,-6.468025,1.6162586,-9.219551,-6.5337825,-17.715464,3.0083127,-7.067267,5.890536,-6.5871563,-5.518894,-17.822083,-2.905277,-5.4851995,7.034791,10.339248,5.914152,-6.685748,-1.0222911,-22.723652,-8.523103,-44.27842,-24.263563,-5.0939527,67.03664,3.8942087
QualiSR-Set120/SUPIR/ava_images___101816.npy.gz,SUPIR,ava_images___101816.png,../../../mnt/ssd2/29o_rya/datasets/iqa/QualiSR-Set120/sr/SUPIR/ava_images___101816.png,QualiSR-Set120,ava_images___101816,SUPIR/ava_images___101816.png,../../../mnt/ssd2/29o_rya/datasets/iqa/QualiSR-Set120/hr/ava_images___101816.png,../../../mnt/ssd2/29o_rya/datasets/iqa/QualiSR-Set120/lr/ava_images___101816.png,train,1.9270325,22.279287,-8.596027,-5.629096,-20.131649,15.528706,-6.128605,7.3017716,-7.652132,-2.6279588,-25.361954,-3.2938888,-5.118735,14.526893,15.682964,5.836452,-5.943106,-1.4919662,-26.50079,-11.181094,-60.45668,-37.08043,-4.9794197,108.343666,5.2249346
QualiSR-Set120/PASD/ava_images___158174.npy.gz,PASD,ava_images___158174.png,../../../mnt/ssd2/29o_rya/datasets/iqa/QualiSR-Set120/sr/PASD/ava_images___158174.png,QualiSR-Set120,ava_images___158174,PASD/ava_images___158174.png,../../../mnt/ssd2/29o_rya/datasets/iqa/QualiSR-Set120/hr/ava_images___158174.png,../../../mnt/ssd2/29o_rya/datasets/iqa/QualiSR-Set120/lr/ava_images___158174.png,train,-15.670737,-10.287118,-0.40806675,-68.750145,185.68427,34.357494,0.9902973,-6.39198,-12.677274,2.4433136,-11.749914,18.144999,14.54566,19.263203,-3.147712,-7.948972,-7.7926226,-7.4645977,2.3267155,-4.188742,-5.3701878,-4.317994,3.1749938,-0.039711952,3.8131204
QualiSR-Set120/RealESRGAN/ava_images___158174.npy.gz,RealESRGAN,ava_images___158174.png,../../../mnt/ssd2/29o_rya/datasets/iqa/QualiSR-Set120/sr/RealESRGAN/ava_images___158174.png,QualiSR-Set120,ava_images___158174,RealESRGAN/ava_images___158174.png,../../../mnt/ssd2/29o_rya/datasets/iqa/QualiSR-Set120/hr/ava_images___158174.png,../../../mnt/ssd2/29o_rya/datasets/iqa/QualiSR-Set120/lr/ava_images___158174.png,train,-11.088375,-8.235665,-0.40625572,-66.86438,188.3192,31.640896,1.5262747,-6.0616837,-10.638209,1.7779322,-10.016558,16.276144,15.926125,18.447124,-7.305369,-7.486276,-7.624451,-8.449197,4.0043077,-3.730878,-6.1900244,-2.6013246,4.242503,2.0376267,3.9687626
QualiSR-Set120/SUPIR/ava_images___158174.npy.gz,SUPIR,ava_images___158174.png,../../../mnt/ssd2/29o_rya/datasets/iqa/QualiSR-Set120/sr/SUPIR/ava_images___158174.png,QualiSR-Set120,ava_images___158174,SUPIR/ava_images___158174.png,../../../mnt/ssd2/29o_rya/datasets/iqa/QualiSR-Set120/hr/ava_images___158174.png,../../../mnt/ssd2/29o_rya/datasets/iqa/QualiSR-Set120/lr/ava_images___158174.png,train,-13.609152,-9.079884,-2.7355309,-68.39032,182.33533,35.3093,4.2237835,-4.9907227,-11.695234,1.6754999,-13.793835,18.084936,16.938295,18.710705,-6.969396,-6.1168075,-9.224041,-8.281398,2.9687538,-2.7466888,-7.493042,-3.9212532,3.9674222,-0.83270466,3.5302482
QualiSR-Set120/PASD/ava_images___18037.npy.gz,PASD,ava_images___18037.png,../../../mnt/ssd2/29o_rya/datasets/iqa/QualiSR-Set120/sr/PASD/ava_images___18037.png,QualiSR-Set120,ava_images___18037,PASD/ava_images___18037.png,../../../mnt/ssd2/29o_rya/datasets/iqa/QualiSR-Set120/hr/ava_images___18037.png,../../../mnt/ssd2/29o_rya/datasets/iqa/QualiSR-Set120/lr/ava_images___18037.png,train,-9.670869,-13.088016,-9.648915,-6.6685014,-14.348804,-7.2849565,-8.279852,3.2019958,-9.070869,-10.01257,-9.516134,3.315319,-5.968201,-2.2999332,-2.7809324,6.6626806,-11.608144,-1.8858528,-13.4829,-1.6350801,-12.218416,-3.1215422,0.7226336,-4.470269,-0.17018986
QualiSR-Set120/RealESRGAN/ava_images___18037.npy.gz,RealESRGAN,ava_images___18037.png,../../../mnt/ssd2/29o_rya/datasets/iqa/QualiSR-Set120/sr/RealESRGAN/ava_images___18037.png,QualiSR-Set120,ava_images___18037,RealESRGAN/ava_images___18037.png,../../../mnt/ssd2/29o_rya/datasets/iqa/QualiSR-Set120/hr/ava_images___18037.png,../../../mnt/ssd2/29o_rya/datasets/iqa/QualiSR-Set120/lr/ava_images___18037.png,train,-10.0530405,-12.624351,-9.418834,-6.0481606,-14.106571,-7.5490246,-8.534072,3.2046459,-9.710668,-9.681303,-9.393387,3.5307736,-6.044294,-1.4615462,-3.4430416,6.634963,-11.543772,-2.1592498,-12.68815,-1.4336946,-11.940468,-3.4776037,0.6872761,-4.7092657,1.2011383
QualiSR-Set120/SUPIR/ava_images___18037.npy.gz,SUPIR,ava_images___18037.png,../../../mnt/ssd2/29o_rya/datasets/iqa/QualiSR-Set120/sr/SUPIR/ava_images___18037.png,QualiSR-Set120,ava_images___18037,SUPIR/ava_images___18037.png,../../../mnt/ssd2/29o_rya/datasets/iqa/QualiSR-Set120/hr/ava_images___18037.png,../../../mnt/ssd2/29o_rya/datasets/iqa/QualiSR-Set120/lr/ava_images___18037.png,train,-9.363918,-12.731676,-9.630636,-6.214125,-13.999815,-7.359064,-8.292557,2.996846,-9.145857,-9.793943,-9.145075,3.245038,-5.815281,-2.1584566,-2.854554,6.368616,-10.9582405,-1.632276,-13.413422,-1.8458779,-11.643837,-3.007464,0.50888443,-4.1518927,0.5370487
QualiSR-Set120/PASD/ava_images___217590.npy.gz,PASD,ava_images___217590.png,../../../mnt/ssd2/29o_rya/datasets/iqa/QualiSR-Set120/sr/PASD/ava_images___217590.png,QualiSR-Set120,ava_images___217590,PASD/ava_images___217590.png,../../../mnt/ssd2/29o_rya/datasets/iqa/QualiSR-Set120/hr/ava_images___217590.png,../../../mnt/ssd2/29o_rya/datasets/iqa/QualiSR-Set120/lr/ava_images___217590.png,test,-6.783145,-12.199328,-9.237045,-6.1011157,-13.427107,-6.411539,-5.7109327,2.492559,-9.862666,-9.089838,-7.376966,2.2003655,-4.8077536,-3.2758062,-2.6401608,5.1519766,-10.315327,-1.7247909,-12.882534,-1.7051749,-9.190538,-1.1576633,-0.50967574,-5.129187,3.1938765
QualiSR-Set120/RealESRGAN/ava_images___217590.npy.gz,RealESRGAN,ava_images___217590.png,../../../mnt/ssd2/29o_rya/datasets/iqa/QualiSR-Set120/sr/RealESRGAN/ava_images___217590.png,QualiSR-Set120,ava_images___217590,RealESRGAN/ava_images___217590.png,../../../mnt/ssd2/29o_rya/datasets/iqa/QualiSR-Set120/hr/ava_images___217590.png,../../../mnt/ssd2/29o_rya/datasets/iqa/QualiSR-Set120/lr/ava_images___217590.png,test,-6.2322474,-11.750548,-9.383417,-6.5299177,-13.210168,-6.1003666,-5.4243293,2.8453972,-10.028356,-8.10694,-7.060427,1.6925329,-4.304978,-3.6926856,-2.9940224,5.7745075,-10.736951,-2.0154407,-12.890206,-1.780977,-9.467201,-0.9063485,-0.16714907,-5.450798,3.0025508
QualiSR-Set120/SUPIR/ava_images___217590.npy.gz,SUPIR,ava_images___217590.png,../../../mnt/ssd2/29o_rya/datasets/iqa/QualiSR-Set120/sr/SUPIR/ava_images___217590.png,QualiSR-Set120,ava_images___217590,SUPIR/ava_images___217590.png,../../../mnt/ssd2/29o_rya/datasets/iqa/QualiSR-Set120/hr/ava_images___217590.png,../../../mnt/ssd2/29o_rya/datasets/iqa/QualiSR-Set120/lr/ava_images___217590.png,test,-7.076657,-11.94423,-9.099614,-6.294877,-13.492289,-6.0688076,-5.411049,2.5082655,-9.88076,-8.895431,-7.0397267,1.8198403,-4.5202208,-3.3603163,-2.9081557,4.7817273,-10.201613,-1.8163702,-12.746214,-1.572576,-9.184352,-1.5558947,-0.6693442,-5.343821,2.7470098
QualiSR-Set120/PASD/ava_images___251530.npy.gz,PASD,ava_images___251530.png,../../../mnt/ssd2/29o_rya/datasets/iqa/QualiSR-Set120/sr/PASD/ava_images___251530.png,QualiSR-Set120,ava_images___251530,PASD/ava_images___251530.png,../../../mnt/ssd2/29o_rya/datasets/iqa/QualiSR-Set120/hr/ava_images___251530.png,../../../mnt/ssd2/29o_rya/datasets/iqa/QualiSR-Set120/lr/ava_images___251530.png,train,-7.4936275,-9.973846,-8.895104,-7.2811823,-14.046507,-7.9677067,-10.233785,1.9373841,-9.57861,-9.739146,-10.4481945,2.371543,-5.7413616,-3.603485,0.74209726,2.6168976,-11.295494,1.5194092,-14.91234,-0.6926316,-11.915825,-1.4387717,2.6890166,-5.2427287,-1.7063668
QualiSR-Set120/RealESRGAN/ava_images___251530.npy.gz,RealESRGAN,ava_images___251530.png,../../../mnt/ssd2/29o_rya/datasets/iqa/QualiSR-Set120/sr/RealESRGAN/ava_images___251530.png,QualiSR-Set120,ava_images___251530,RealESRGAN/ava_images___251530.png,../../../mnt/ssd2/29o_rya/datasets/iqa/QualiSR-Set120/hr/ava_images___251530.png,../../../mnt/ssd2/29o_rya/datasets/iqa/QualiSR-Set120/lr/ava_images___251530.png,train,-9.858949,-11.125954,-9.262703,-7.0307255,-13.001368,-9.323521,-9.431085,2.703079,-9.345465,-8.815931,-10.405657,2.662354,-5.4972806,-3.2315378,0.09191126,3.6315465,-9.796463,0.7124381,-14.309361,-1.4231627,-9.593564,-0.6744407,1.1831133,-4.5240507,-0.505651
QualiSR-Set120/SUPIR/ava_images___251530.npy.gz,SUPIR,ava_images___251530.png,../../../mnt/ssd2/29o_rya/datasets/iqa/QualiSR-Set120/sr/SUPIR/ava_images___251530.png,QualiSR-Set120,ava_images___251530,SUPIR/ava_images___251530.png,../../../mnt/ssd2/29o_rya/datasets/iqa/QualiSR-Set120/hr/ava_images___251530.png,../../../mnt/ssd2/29o_rya/datasets/iqa/QualiSR-Set120/lr/ava_images___251530.png,train,-8.956621,-11.470463,-9.403084,-6.8567557,-12.994771,-8.847317,-8.998034,2.2794638,-9.120388,-9.006141,-10.313163,3.206035,-5.157299,-2.811253,0.653889,3.4866192,-10.189656,1.038268,-14.458852,-1.2003398,-10.059217,-1.9476836,-0.061959267,-3.893507,-1.3135746
QualiSR-Set120/PASD/ava_images___253900.npy.gz,PASD,ava_images___253900.png,../../../mnt/ssd2/29o_rya/datasets/iqa/QualiSR-Set120/sr/PASD/ava_images___253900.png,QualiSR-Set120,ava_images___253900,PASD/ava_images___253900.png,../../../mnt/ssd2/29o_rya/datasets/iqa/QualiSR-Set120/hr/ava_images___253900.png,../../../mnt/ssd2/29o_rya/datasets/iqa/QualiSR-Set120/lr/ava_images___253900.png,train,6.186137,-12.528848,-1.1554294,-2.749495,-11.097361,-9.350551,-14.598669,-3.8238325,-13.360064,-4.2411184,-10.784728,-0.629941,-2.4678116,-10.197578,-1.0489801,2.3404531,-15.483211,4.1847024,-21.002697,2.257201,-13.518209,10.031553,36.416386,-19.954811,25.107288
QualiSR-Set120/RealESRGAN/ava_images___253900.npy.gz,RealESRGAN,ava_images___253900.png,../../../mnt/ssd2/29o_rya/datasets/iqa/QualiSR-Set120/sr/RealESRGAN/ava_images___253900.png,QualiSR-Set120,ava_images___253900,RealESRGAN/ava_images___253900.png,../../../mnt/ssd2/29o_rya/datasets/iqa/QualiSR-Set120/hr/ava_images___253900.png,../../../mnt/ssd2/29o_rya/datasets/iqa/QualiSR-Set120/lr/ava_images___253900.png,train,3.2773104,-12.153481,-3.8301601,-3.7797167,-10.9865055,-10.549429,-13.207039,-3.8970938,-13.242071,-4.955905,-13.845621,-1.6757329,-1.3710036,-9.715,-1.9176838,5.938553,-14.287437,4.352961,-17.507614,2.7709625,-14.248197,12.079327,36.245358,-19.617123,25.786018
QualiSR-Set120/SUPIR/ava_images___253900.npy.gz,SUPIR,ava_images___253900.png,../../../mnt/ssd2/29o_rya/datasets/iqa/QualiSR-Set120/sr/SUPIR/ava_images___253900.png,QualiSR-Set120,ava_images___253900,SUPIR/ava_images___253900.png,../../../mnt/ssd2/29o_rya/datasets/iqa/QualiSR-Set120/hr/ava_images___253900.png,../../../mnt/ssd2/29o_rya/datasets/iqa/QualiSR-Set120/lr/ava_images___253900.png,train,2.795868,-13.095144,-5.3263407,-3.6239896,-12.117674,-9.216754,-13.814499,-2.7089624,-13.120621,-5.5351076,-13.159637,-1.0570896,-2.3037403,-9.846333,-1.2552991,3.786561,-14.447744,3.351445,-21.275444,2.344515,-13.960588,10.275557,32.252792,-18.70749,22.491726
QualiSR-Set120/PASD/ava_images___273810.npy.gz,PASD,ava_images___273810.png,../../../mnt/ssd2/29o_rya/datasets/iqa/QualiSR-Set120/sr/PASD/ava_images___273810.png,QualiSR-Set120,ava_images___273810,PASD/ava_images___273810.png,../../../mnt/ssd2/29o_rya/datasets/iqa/QualiSR-Set120/hr/ava_images___273810.png,../../../mnt/ssd2/29o_rya/datasets/iqa/QualiSR-Set120/lr/ava_images___273810.png,train,-28.120094,0.066791534,22.012444,-18.395838,18.690292,-6.962654,42.139114,25.586403,103.33287,-28.62347,6.678074,-126.98274,-22.483347,-12.427581,5.6062956,6.794504,-13.33391,-6.215832,2.8303633,0.45352626,0.047671795,0.14644384,4.6422625,-1.8779213,2.5365193
QualiSR-Set120/RealESRGAN/ava_images___273810.npy.gz,RealESRGAN,ava_images___273810.png,../../../mnt/ssd2/29o_rya/datasets/iqa/QualiSR-Set120/sr/RealESRGAN/ava_images___273810.png,QualiSR-Set120,ava_images___273810,RealESRGAN/ava_images___273810.png,../../../mnt/ssd2/29o_rya/datasets/iqa/QualiSR-Set120/hr/ava_images___273810.png,../../../mnt/ssd2/29o_rya/datasets/iqa/QualiSR-Set120/lr/ava_images___273810.png,train,-26.024513,-1.1260366,23.127426,-17.002178,19.266783,-8.324151,36.99633,27.325085,92.31285,-26.828375,5.89921,-117.110664,-21.721157,-9.253211,4.155226,6.5642004,-12.821264,-7.444286,4.7398424,0.7842889,2.0138817,1.2690804,6.7714214,1.0369805,4.571422
QualiSR-Set120/SUPIR/ava_images___273810.npy.gz,SUPIR,ava_images___273810.png,../../../mnt/ssd2/29o_rya/datasets/iqa/QualiSR-Set120/sr/SUPIR/ava_images___273810.png,QualiSR-Set120,ava_images___273810,SUPIR/ava_images___273810.png,../../../mnt/ssd2/29o_rya/datasets/iqa/QualiSR-Set120/hr/ava_images___273810.png,../../../mnt/ssd2/29o_rya/datasets/iqa/QualiSR-Set120/lr/ava_images___273810.png,train,-28.928356,0.67074203,21.918068,-16.236023,17.46206,-9.231968,43.94149,29.344612,102.11925,-29.160849,4.680147,-122.00016,-23.076551,-9.120405,4.605663,6.185505,-12.842682,-7.570711,3.48425,2.7061098,1.5140457,1.9729617,6.58358,-0.48730433,3.7782066
QualiSR-Set120/PASD/ava_images___295451.npy.gz,PASD,ava_images___295451.png,../../../mnt/ssd2/29o_rya/datasets/iqa/QualiSR-Set120/sr/PASD/ava_images___295451.png,QualiSR-Set120,ava_images___295451,PASD/ava_images___295451.png,../../../mnt/ssd2/29o_rya/datasets/iqa/QualiSR-Set120/hr/ava_images___295451.png,../../../mnt/ssd2/29o_rya/datasets/iqa/QualiSR-Set120/lr/ava_images___295451.png,train,-14.939744,-9.53879,-1.508254,-5.496055,-5.408718,-5.5093756,-1.2516274,8.153236,5.1471167,-7.508713,-8.1559105,8.202532,0.7554121,-5.2355294,9.66549,0.7509618,-8.092043,-0.20721728,-21.231468,-14.607709,-7.830265,-24.173103,-83.99098,-43.973003,-26.726385
QualiSR-Set120/RealESRGAN/ava_images___295451.npy.gz,RealESRGAN,ava_images___295451.png,../../../mnt/ssd2/29o_rya/datasets/iqa/QualiSR-Set120/sr/RealESRGAN/ava_images___295451.png,QualiSR-Set120,ava_images___295451,RealESRGAN/ava_images___295451.png,../../../mnt/ssd2/29o_rya/datasets/iqa/QualiSR-Set120/hr/ava_images___295451.png,../../../mnt/ssd2/29o_rya/datasets/iqa/QualiSR-Set120/lr/ava_images___295451.png,train,-14.669901,-9.658337,-2.7845354,-7.2877407,-4.5887623,-7.364879,-1.8157873,6.928742,2.3814468,-6.824339,-8.701613,6.057207,0.5001087,-9.131849,5.7179446,3.187113,-10.307444,-1.9749074,-20.784203,-12.73125,-8.215152,-20.593842,-73.117805,-37.593067,-20.94364
QualiSR-Set120/SUPIR/ava_images___295451.npy.gz,SUPIR,ava_images___295451.png,../../../mnt/ssd2/29o_rya/datasets/iqa/QualiSR-Set120/sr/SUPIR/ava_images___295451.png,QualiSR-Set120,ava_images___295451,SUPIR/ava_images___295451.png,../../../mnt/ssd2/29o_rya/datasets/iqa/QualiSR-Set120/hr/ava_images___295451.png,../../../mnt/ssd2/29o_rya/datasets/iqa/QualiSR-Set120/lr/ava_images___295451.png,train,-14.637022,-9.431958,-2.339971,-6.809115,-5.2748747,-6.450559,-2.001206,9.60046,3.813756,-8.255592,-10.134757,8.530201,-0.3433094,-6.651678,9.597129,2.9269335,-9.493044,-1.1073453,-21.742533,-12.487063,-8.630026,-23.552265,-79.97642,-41.338966,-24.773396
QualiSR-Set120/PASD/ava_images___308473.npy.gz,PASD,ava_images___308473.png,../../../mnt/ssd2/29o_rya/datasets/iqa/QualiSR-Set120/sr/PASD/ava_images___308473.png,QualiSR-Set120,ava_images___308473,PASD/ava_images___308473.png,../../../mnt/ssd2/29o_rya/datasets/iqa/QualiSR-Set120/hr/ava_images___308473.png,../../../mnt/ssd2/29o_rya/datasets/iqa/QualiSR-Set120/lr/ava_images___308473.png,train,0.16978359,-11.341044,-8.828471,-9.57093,-11.667154,-10.246815,-17.07924,-8.001637,-10.024052,-8.166541,-12.698307,4.204872,-0.44595432,-13.283203,-1.878439,-8.7775955,-5.7677717,6.1684184,-14.415458,1.8562815,-3.2597334,28.62604,-3.832763,-19.418983,81.96567
QualiSR-Set120/RealESRGAN/ava_images___308473.npy.gz,RealESRGAN,ava_images___308473.png,../../../mnt/ssd2/29o_rya/datasets/iqa/QualiSR-Set120/sr/RealESRGAN/ava_images___308473.png,QualiSR-Set120,ava_images___308473,RealESRGAN/ava_images___308473.png,../../../mnt/ssd2/29o_rya/datasets/iqa/QualiSR-Set120/hr/ava_images___308473.png,../../../mnt/ssd2/29o_rya/datasets/iqa/QualiSR-Set120/lr/ava_images___308473.png,train,-2.3367033,-11.382165,-8.115708,-8.703765,-11.250333,-10.960384,-15.166758,-6.0648336,-10.741983,-8.572459,-12.5719795,4.1282806,-1.3316505,-12.51322,-2.5591307,-6.559381,-3.9786184,3.6959605,-13.6838,2.1921468,-2.3834977,26.80912,-3.0888813,-17.071812,74.77349
QualiSR-Set120/SUPIR/ava_images___308473.npy.gz,SUPIR,ava_images___308473.png,../../../mnt/ssd2/29o_rya/datasets/iqa/QualiSR-Set120/sr/SUPIR/ava_images___308473.png,QualiSR-Set120,ava_images___308473,SUPIR/ava_images___308473.png,../../../mnt/ssd2/29o_rya/datasets/iqa/QualiSR-Set120/hr/ava_images___308473.png,../../../mnt/ssd2/29o_rya/datasets/iqa/QualiSR-Set120/lr/ava_images___308473.png,train,-0.20276642,-11.964588,-7.477146,-10.645714,-11.387588,-11.93465,-15.279219,-9.341684,-11.242349,-8.538518,-12.4923,4.4197817,-0.7305765,-13.837174,-2.4739892,-9.433744,-5.3303533,5.906014,-15.232483,0.5616007,-1.2038794,29.95793,-3.413055,-19.829079,86.32498
QualiSR-Set120/PASD/ava_images___321917.npy.gz,PASD,ava_images___321917.png,../../../mnt/ssd2/29o_rya/datasets/iqa/QualiSR-Set120/sr/PASD/ava_images___321917.png,QualiSR-Set120,ava_images___321917,PASD/ava_images___321917.png,../../../mnt/ssd2/29o_rya/datasets/iqa/QualiSR-Set120/hr/ava_images___321917.png,../../../mnt/ssd2/29o_rya/datasets/iqa/QualiSR-Set120/lr/ava_images___321917.png,train,4.9879904,-14.394211,-10.232374,-4.2053533,-13.299999,-7.434337,-10.576149,1.4364228,-20.702736,-10.035144,-15.886784,0.24453211,-2.95267,-1.8536745,-14.002313,10.079668,-20.519438,-6.4435387,-15.127401,32.426777,-33.83204,1.372467,68.55602,-33.037243,-60.888115
QualiSR-Set120/RealESRGAN/ava_images___321917.npy.gz,RealESRGAN,ava_images___321917.png,../../../mnt/ssd2/29o_rya/datasets/iqa/QualiSR-Set120/sr/RealESRGAN/ava_images___321917.png,QualiSR-Set120,ava_images___321917,RealESRGAN/ava_images___321917.png,../../../mnt/ssd2/29o_rya/datasets/iqa/QualiSR-Set120/hr/ava_images___321917.png,../../../mnt/ssd2/29o_rya/datasets/iqa/QualiSR-Set120/lr/ava_images___321917.png,train,1.0564384,-13.849951,-11.365779,-3.8545063,-11.263138,-7.332821,-12.121742,0.8678565,-18.250988,-9.715534,-14.467918,0.01318121,-3.2047648,-2.0063386,-11.333048,8.848388,-16.92075,-3.60465,-12.163797,27.736412,-30.258839,1.884033,58.53483,-29.550358,-53.376022
QualiSR-Set120/SUPIR/ava_images___321917.npy.gz,SUPIR,ava_images___321917.png,../../../mnt/ssd2/29o_rya/datasets/iqa/QualiSR-Set120/sr/SUPIR/ava_images___321917.png,QualiSR-Set120,ava_images___321917,SUPIR/ava_images___321917.png,../../../mnt/ssd2/29o_rya/datasets/iqa/QualiSR-Set120/hr/ava_images___321917.png,../../../mnt/ssd2/29o_rya/datasets/iqa/QualiSR-Set120/lr/ava_images___321917.png,train,-0.48138714,-14.476902,-11.946112,-4.4428806,-12.585019,-8.005687,-10.629814,-0.71875453,-18.5774,-11.033483,-15.336889,1.7362256,-4.194375,-1.3286709,-11.8317375,9.191284,-17.196922,-5.4672785,-13.23036,28.56842,-30.848034,2.6321068,56.923714,-28.23678,-51.60468
QualiSR-Set120/PASD/ava_images___360165.npy.gz,PASD,ava_images___360165.png,../../../mnt/ssd2/29o_rya/datasets/iqa/QualiSR-Set120/sr/PASD/ava_images___360165.png,QualiSR-Set120,ava_images___360165,PASD/ava_images___360165.png,../../../mnt/ssd2/29o_rya/datasets/iqa/QualiSR-Set120/hr/ava_images___360165.png,../../../mnt/ssd2/29o_rya/datasets/iqa/QualiSR-Set120/lr/ava_images___360165.png,train,2.0772772,-44.53608,239.8105,75.095634,17.031637,20.513615,-31.173958,-12.056057,-16.623154,8.631697,1.4369087,3.6806145,-3.2537036,-4.656128,-5.0172467,-2.8328137,-0.78854084,2.3996603,6.4323874,-0.43207538,-3.0161786,-3.0110507,1.9169424,5.3096886,-3.7235456
QualiSR-Set120/RealESRGAN/ava_images___360165.npy.gz,RealESRGAN,ava_images___360165.png,../../../mnt/ssd2/29o_rya/datasets/iqa/QualiSR-Set120/sr/RealESRGAN/ava_images___360165.png,QualiSR-Set120,ava_images___360165,RealESRGAN/ava_images___360165.png,../../../mnt/ssd2/29o_rya/datasets/iqa/QualiSR-Set120/hr/ava_images___360165.png,../../../mnt/ssd2/29o_rya/datasets/iqa/QualiSR-Set120/lr/ava_images___360165.png,train,-7.278306,-40.82197,186.96257,57.477192,9.017162,12.544043,-25.196445,-4.5180087,-14.828901,7.8064747,0.9333401,5.4042997,-4.2192316,-0.47664094,-3.5641408,-7.4351754,-0.8015852,-2.9629045,2.319831,-1.809671,0.110770226,0.5703058,3.6849,4.431107,1.516562
QualiSR-Set120/SUPIR/ava_images___360165.npy.gz,SUPIR,ava_images___360165.png,../../../mnt/ssd2/29o_rya/datasets/iqa/QualiSR-Set120/sr/SUPIR/ava_images___360165.png,QualiSR-Set120,ava_images___360165,SUPIR/ava_images___360165.png,../../../mnt/ssd2/29o_rya/datasets/iqa/QualiSR-Set120/hr/ava_images___360165.png,../../../mnt/ssd2/29o_rya/datasets/iqa/QualiSR-Set120/lr/ava_images___360165.png,train,-3.774763,-43.279976,201.48306,60.792587,11.01125,17.226183,-24.749676,-6.2356634,-11.930135,6.768901,1.7325764,4.481002,-1.2592301,-2.0188417,-1.7239306,-3.5959768,-0.10076618,1.3474908,1.1440372,-1.2261072,0.08826637,-0.5114976,-0.34372187,4.108939,-1.9782219
QualiSR-Set120/PASD/ava_images___426629.npy.gz,PASD,ava_images___426629.png,../../../mnt/ssd2/29o_rya/datasets/iqa/QualiSR-Set120/sr/PASD/ava_images___426629.png,QualiSR-Set120,ava_images___426629,PASD/ava_images___426629.png,../../../mnt/ssd2/29o_rya/datasets/iqa/QualiSR-Set120/hr/ava_images___426629.png,../../../mnt/ssd2/29o_rya/datasets/iqa/QualiSR-Set120/lr/ava_images___426629.png,test,-10.217116,-7.5003,-6.7966723,-6.9550285,-12.28708,-4.760169,-5.3862514,2.9625165,-9.520767,-6.501653,-4.6003776,0.2512498,-3.1193066,-4.6726437,-1.6968699,6.2087064,-10.262149,2.034064,-11.052044,-1.0270262,-8.527976,-2.6826663,2.8972485,-6.4904647,-0.8950143
QualiSR-Set120/RealESRGAN/ava_images___426629.npy.gz,RealESRGAN,ava_images___426629.png,../../../mnt/ssd2/29o_rya/datasets/iqa/QualiSR-Set120/sr/RealESRGAN/ava_images___426629.png,QualiSR-Set120,ava_images___426629,RealESRGAN/ava_images___426629.png,../../../mnt/ssd2/29o_rya/datasets/iqa/QualiSR-Set120/hr/ava_images___426629.png,../../../mnt/ssd2/29o_rya/datasets/iqa/QualiSR-Set120/lr/ava_images___426629.png,test,-9.741517,-3.9881678,-6.2477694,-7.0040703,-11.397766,-4.4188247,-4.8177834,2.5731459,-8.945688,-6.294406,-3.0343523,-0.94082975,-2.6147935,-5.2758203,-2.670379,6.3308277,-10.114718,2.4798362,-10.462079,-0.8478772,-7.46007,-3.0533361,3.2545688,-7.239421,-0.8631668
QualiSR-Set120/SUPIR/ava_images___426629.npy.gz,SUPIR,ava_images___426629.png,../../../mnt/ssd2/29o_rya/datasets/iqa/QualiSR-Set120/sr/SUPIR/ava_images___426629.png,QualiSR-Set120,ava_images___426629,SUPIR/ava_images___426629.png,../../../mnt/ssd2/29o_rya/datasets/iqa/QualiSR-Set120/hr/ava_images___426629.png,../../../mnt/ssd2/29o_rya/datasets/iqa/QualiSR-Set120/lr/ava_images___426629.png,test,-9.405308,-5.87651,-6.742726,-6.900319,-11.174118,-5.0879593,-5.123153,3.162643,-10.373243,-5.3725758,-5.2954426,0.022971153,-3.4978347,-5.091653,-2.2889867,6.577197,-10.018535,2.0842993,-10.2138195,-1.0064343,-8.1071005,-2.8354614,2.1945117,-6.300223,-0.456033
QualiSR-Set120/PASD/ava_images___436880.npy.gz,PASD,ava_images___436880.png,../../../mnt/ssd2/29o_rya/datasets/iqa/QualiSR-Set120/sr/PASD/ava_images___436880.png,QualiSR-Set120,ava_images___436880,PASD/ava_images___436880.png,../../../mnt/ssd2/29o_rya/datasets/iqa/QualiSR-Set120/hr/ava_images___436880.png,../../../mnt/ssd2/29o_rya/datasets/iqa/QualiSR-Set120/lr/ava_images___436880.png,train,-2.5045214,6.3535843,-8.755362,-16.97775,-10.523618,-5.2459707,-23.897587,0.114216685,2.4042406,-7.150206,17.249237,6.629799,17.015612,-61.506126,10.5868,-88.579956,-52.77886,60.222218,69.60152,6.5497723,0.7553215,-26.51727,3.4640296,6.604753,-6.6238875
QualiSR-Set120/RealESRGAN/ava_images___436880.npy.gz,RealESRGAN,ava_images___436880.png,../../../mnt/ssd2/29o_rya/datasets/iqa/QualiSR-Set120/sr/RealESRGAN/ava_images___436880.png,QualiSR-Set120,ava_images___436880,RealESRGAN/ava_images___436880.png,../../../mnt/ssd2/29o_rya/datasets/iqa/QualiSR-Set120/hr/ava_images___436880.png,../../../mnt/ssd2/29o_rya/datasets/iqa/QualiSR-Set120/lr/ava_images___436880.png,train,-0.7620516,5.3341045,-9.435734,-15.698196,-6.9968596,-8.69389,-24.539738,-3.3377867,0.10739374,-7.312266,14.818056,4.935727,12.357597,-52.70808,8.319564,-74.69081,-42.11939,53.27788,58.491608,5.5745077,0.39024496,-16.012424,2.9499037,7.9366126,-0.48483348
QualiSR-Set120/SUPIR/ava_images___436880.npy.gz,SUPIR,ava_images___436880.png,../../../mnt/ssd2/29o_rya/datasets/iqa/QualiSR-Set120/sr/SUPIR/ava_images___436880.png,QualiSR-Set120,ava_images___436880,SUPIR/ava_images___436880.png,../../../mnt/ssd2/29o_rya/datasets/iqa/QualiSR-Set120/hr/ava_images___436880.png,../../../mnt/ssd2/29o_rya/datasets/iqa/QualiSR-Set120/lr/ava_images___436880.png,train,-4.826989,2.6610842,-9.802782,-18.712942,-11.610247,-8.805945,-22.024298,-1.4887638,0.9847164,-8.558583,14.298414,4.8496547,14.352251,-57.198498,8.636876,-80.69624,-48.85683,56.007027,61.215744,5.9068947,0.7809019,-20.636353,3.235041,6.1981497,-5.304284
QualiSR-Set120/PASD/ava_images___46021.npy.gz,PASD,ava_images___46021.png,../../../mnt/ssd2/29o_rya/datasets/iqa/QualiSR-Set120/sr/PASD/ava_images___46021.png,QualiSR-Set120,ava_images___46021,PASD/ava_images___46021.png,../../../mnt/ssd2/29o_rya/datasets/iqa/QualiSR-Set120/hr/ava_images___46021.png,../../../mnt/ssd2/29o_rya/datasets/iqa/QualiSR-Set120/lr/ava_images___46021.png,train,-9.210667,-11.736989,-7.3207574,4.8603444,-5.330574,-11.140395,-4.9464417,6.3151646,-10.153137,-3.0740938,-10.416771,0.029201508,-3.085878,-1.9992217,-8.1594925,6.597103,-6.0202165,-10.922129,-5.0032916,5.9378624,-11.833197,-0.0017335415,-13.017039,-9.461587,-1.8167357
QualiSR-Set120/RealESRGAN/ava_images___46021.npy.gz,RealESRGAN,ava_images___46021.png,../../../mnt/ssd2/29o_rya/datasets/iqa/QualiSR-Set120/sr/RealESRGAN/ava_images___46021.png,QualiSR-Set120,ava_images___46021,RealESRGAN/ava_images___46021.png,../../../mnt/ssd2/29o_rya/datasets/iqa/QualiSR-Set120/hr/ava_images___46021.png,../../../mnt/ssd2/29o_rya/datasets/iqa/QualiSR-Set120/lr/ava_images___46021.png,train,-9.031535,-11.364794,-7.5784087,6.6243014,-5.75795,-10.8220415,-3.9620266,6.5910263,-9.73135,-2.956092,-9.532714,-0.048920393,-2.9291723,-2.051445,-7.9396887,5.627607,-6.26353,-10.486626,-3.582768,4.562278,-11.522565,-0.3243338,-13.4467535,-9.428723,-1.8070462
QualiSR-Set120/SUPIR/ava_images___46021.npy.gz,SUPIR,ava_images___46021.png,../../../mnt/ssd2/29o_rya/datasets/iqa/QualiSR-Set120/sr/SUPIR/ava_images___46021.png,QualiSR-Set120,ava_images___46021,SUPIR/ava_images___46021.png,../../../mnt/ssd2/29o_rya/datasets/iqa/QualiSR-Set120/hr/ava_images___46021.png,../../../mnt/ssd2/29o_rya/datasets/iqa/QualiSR-Set120/lr/ava_images___46021.png,train,-9.651464,-12.352843,-7.641818,4.7685256,-5.8483424,-10.575373,-4.978263,5.981141,-11.429548,-4.4930477,-9.749925,0.33885288,-3.3967614,-2.3535233,-7.869337,6.59317,-6.0828266,-8.880374,-5.1699862,6.1461515,-11.266203,0.6965854,-12.518573,-8.530184,-2.3083615
QualiSR-Set120/PASD/ava_images___472713.npy.gz,PASD,ava_images___472713.png,../../../mnt/ssd2/29o_rya/datasets/iqa/QualiSR-Set120/sr/PASD/ava_images___472713.png,QualiSR-Set120,ava_images___472713,PASD/ava_images___472713.png,../../../mnt/ssd2/29o_rya/datasets/iqa/QualiSR-Set120/hr/ava_images___472713.png,../../../mnt/ssd2/29o_rya/datasets/iqa/QualiSR-Set120/lr/ava_images___472713.png,test,-3.6466722,0.37244892,4.8889084,11.794603,2.3695593,4.6134477,9.096532,5.371442,8.815405,0.535697,15.928375,-1.8188884,5.7282505,-5.9481783,4.642808,1.4928365,4.5469475,-0.1931046,1.9327583,-3.3029058,2.7708035,-3.9296255,-9.511565,5.2802677,-2.0184731
QualiSR-Set120/RealESRGAN/ava_images___472713.npy.gz,RealESRGAN,ava_images___472713.png,../../../mnt/ssd2/29o_rya/datasets/iqa/QualiSR-Set120/sr/RealESRGAN/ava_images___472713.png,QualiSR-Set120,ava_images___472713,RealESRGAN/ava_images___472713.png,../../../mnt/ssd2/29o_rya/datasets/iqa/QualiSR-Set120/hr/ava_images___472713.png,../../../mnt/ssd2/29o_rya/datasets/iqa/QualiSR-Set120/lr/ava_images___472713.png,test,-2.762454,-1.5944891,3.8643446,8.164257,0.8827553,-0.120615005,7.630147,9.693569,12.423384,-1.005199,13.431625,-0.33558106,8.331251,-2.3671713,3.0176775,3.6014097,1.5784736,-1.4554863,2.4012384,-3.7300751,2.8363848,-1.7490923,-10.561908,3.5126743,-2.8044615
QualiSR-Set120/SUPIR/ava_images___472713.npy.gz,SUPIR,ava_images___472713.png,../../../mnt/ssd2/29o_rya/datasets/iqa/QualiSR-Set120/sr/SUPIR/ava_images___472713.png,QualiSR-Set120,ava_images___472713,SUPIR/ava_images___472713.png,../../../mnt/ssd2/29o_rya/datasets/iqa/QualiSR-Set120/hr/ava_images___472713.png,../../../mnt/ssd2/29o_rya/datasets/iqa/QualiSR-Set120/lr/ava_images___472713.png,test,-5.9787025,-0.7775068,2.9028578,8.987528,1.4349651,0.6451316,9.434588,7.386891,9.936264,-1.3629489,12.594109,1.71295,5.8076525,-2.6574678,1.4990829,1.5112286,3.3576365,-1.0564579,0.5468731,-2.9201841,3.1100998,-3.2109005,-10.310501,4.99682,-2.3548164
QualiSR-Set120/PASD/ava_images___501777.npy.gz,PASD,ava_images___501777.png,../../../mnt/ssd2/29o_rya/datasets/iqa/QualiSR-Set120/sr/PASD/ava_images___501777.png,QualiSR-Set120,ava_images___501777,PASD/ava_images___501777.png,../../../mnt/ssd2/29o_rya/datasets/iqa/QualiSR-Set120/hr/ava_images___501777.png,../../../mnt/ssd2/29o_rya/datasets/iqa/QualiSR-Set120/lr/ava_images___501777.png,test,-8.331069,-9.10652,-2.9834685,-11.1582365,-5.3897066,-2.963242,-3.24868,-5.8440804,2.3575544,-4.163952,2.6171007,-0.2506945,1.5583138,-1.0216651,4.0883656,1.5812719,-7.8902,-1.4022267,-7.4004984,-1.9190924,-3.6879244,-0.064705014,-14.013504,-3.7743826,-0.013880491
QualiSR-Set120/RealESRGAN/ava_images___501777.npy.gz,RealESRGAN,ava_images___501777.png,../../../mnt/ssd2/29o_rya/datasets/iqa/QualiSR-Set120/sr/RealESRGAN/ava_images___501777.png,QualiSR-Set120,ava_images___501777,RealESRGAN/ava_images___501777.png,../../../mnt/ssd2/29o_rya/datasets/iqa/QualiSR-Set120/hr/ava_images___501777.png,../../../mnt/ssd2/29o_rya/datasets/iqa/QualiSR-Set120/lr/ava_images___501777.png,test,-6.7183294,-7.9684086,-3.3847508,-10.540464,-6.577913,-2.4181266,-2.125208,-4.7908154,2.0403404,-4.7878966,0.810194,0.46485877,1.097971,-1.960219,3.6467023,3.0213397,-6.323653,-0.89754295,-7.2500386,-3.6745524,-4.750349,1.019187,-10.459575,-1.4092865,-0.50226617
QualiSR-Set120/SUPIR/ava_images___501777.npy.gz,SUPIR,ava_images___501777.png,../../../mnt/ssd2/29o_rya/datasets/iqa/QualiSR-Set120/sr/SUPIR/ava_images___501777.png,QualiSR-Set120,ava_images___501777,SUPIR/ava_images___501777.png,../../../mnt/ssd2/29o_rya/datasets/iqa/QualiSR-Set120/hr/ava_images___501777.png,../../../mnt/ssd2/29o_rya/datasets/iqa/QualiSR-Set120/lr/ava_images___501777.png,test,-9.619749,-8.916341,-3.8656693,-11.665123,-6.3221564,-4.244791,-1.6106577,-3.2612858,1.6601515,-5.4782267,2.4686604,-0.6171534,2.3553739,-0.84233654,4.3443832,3.304779,-7.4677396,-1.672306,-7.70992,-2.5614572,-4.8260145,0.16056275,-13.75101,-4.374866,-1.9985495
QualiSR-Set120/PASD/ava_images___564572.npy.gz,PASD,ava_images___564572.png,../../../mnt/ssd2/29o_rya/datasets/iqa/QualiSR-Set120/sr/PASD/ava_images___564572.png,QualiSR-Set120,ava_images___564572,PASD/ava_images___564572.png,../../../mnt/ssd2/29o_rya/datasets/iqa/QualiSR-Set120/hr/ava_images___564572.png,../../../mnt/ssd2/29o_rya/datasets/iqa/QualiSR-Set120/lr/ava_images___564572.png,train,-13.808187,-16.52858,-12.651873,8.937559,-9.181192,-10.789456,3.8879805,14.754518,-23.793804,9.760323,-7.6102605,7.8110027,-11.339357,-0.9857439,-24.042149,79.4004,-39.19144,-32.76518,88.7052,-29.642965,9.75114,3.8154526,-2.6732955,7.38786,2.8323653
QualiSR-Set120/RealESRGAN/ava_images___564572.npy.gz,RealESRGAN,ava_images___564572.png,../../../mnt/ssd2/29o_rya/datasets/iqa/QualiSR-Set120/sr/RealESRGAN/ava_images___564572.png,QualiSR-Set120,ava_images___564572,RealESRGAN/ava_images___564572.png,../../../mnt/ssd2/29o_rya/datasets/iqa/QualiSR-Set120/hr/ava_images___564572.png,../../../mnt/ssd2/29o_rya/datasets/iqa/QualiSR-Set120/lr/ava_images___564572.png,train,-12.823171,-15.487137,-10.610333,7.2671933,-8.83695,-9.444956,2.0909557,14.372658,-21.180756,8.937061,-7.42887,8.398884,-10.377177,-1.678763,-23.393517,78.83454,-38.650494,-29.634027,83.57315,-32.01048,10.041961,3.5943441,-0.615273,6.975757,3.6794114
QualiSR-Set120/SUPIR/ava_images___564572.npy.gz,SUPIR,ava_images___564572.png,../../../mnt/ssd2/29o_rya/datasets/iqa/QualiSR-Set120/sr/SUPIR/ava_images___564572.png,QualiSR-Set120,ava_images___564572,SUPIR/ava_images___564572.png,../../../mnt/ssd2/29o_rya/datasets/iqa/QualiSR-Set120/hr/ava_images___564572.png,../../../mnt/ssd2/29o_rya/datasets/iqa/QualiSR-Set120/lr/ava_images___564572.png,train,-13.154612,-15.097769,-13.521374,8.4740505,-10.659961,-10.197705,0.72728634,13.93641,-21.996277,8.176773,-6.747776,8.562837,-10.975897,-3.1512768,-19.754208,78.363914,-38.93276,-29.686815,83.0268,-30.931267,11.425986,2.6426024,-0.5315068,7.5948453,4.742917
QualiSR-Set120/PASD/ava_images___588008.npy.gz,PASD,ava_images___588008.png,../../../mnt/ssd2/29o_rya/datasets/iqa/QualiSR-Set120/sr/PASD/ava_images___588008.png,QualiSR-Set120,ava_images___588008,PASD/ava_images___588008.png,../../../mnt/ssd2/29o_rya/datasets/iqa/QualiSR-Set120/hr/ava_images___588008.png,../../../mnt/ssd2/29o_rya/datasets/iqa/QualiSR-Set120/lr/ava_images___588008.png,train,-10.566619,-13.178847,-9.567875,-5.1665015,-14.566099,-8.605805,-7.916432,3.5128407,-9.880318,-10.387471,-9.634685,2.514934,-5.8530116,-2.4158077,-3.6750164,6.1163416,-7.7888975,-3.7371862,-12.983809,-0.6647247,-11.247267,-0.5986608,1.2257211,-7.55351,4.5101957
QualiSR-Set120/RealESRGAN/ava_images___588008.npy.gz,RealESRGAN,ava_images___588008.png,../../../mnt/ssd2/29o_rya/datasets/iqa/QualiSR-Set120/sr/RealESRGAN/ava_images___588008.png,QualiSR-Set120,ava_images___588008,RealESRGAN/ava_images___588008.png,../../../mnt/ssd2/29o_rya/datasets/iqa/QualiSR-Set120/hr/ava_images___588008.png,../../../mnt/ssd2/29o_rya/datasets/iqa/QualiSR-Set120/lr/ava_images___588008.png,train,-9.4254,-11.57462,-10.270287,-2.6338348,-11.779581,-6.7651668,-7.681008,3.4462438,-9.50956,-10.13749,-10.564175,2.1650763,-5.824868,-2.5129747,-3.26345,6.9381223,-6.1340685,-3.3551059,-12.136161,0.429101,-10.608925,-1.4788709,1.8157737,-7.5201373,5.0442142
QualiSR-Set120/SUPIR/ava_images___588008.npy.gz,SUPIR,ava_images___588008.png,../../../mnt/ssd2/29o_rya/datasets/iqa/QualiSR-Set120/sr/SUPIR/ava_images___588008.png,QualiSR-Set120,ava_images___588008,SUPIR/ava_images___588008.png,../../../mnt/ssd2/29o_rya/datasets/iqa/QualiSR-Set120/hr/ava_images___588008.png,../../../mnt/ssd2/29o_rya/datasets/iqa/QualiSR-Set120/lr/ava_images___588008.png,train,-10.738953,-13.3491335,-9.515068,-4.365308,-13.604311,-9.157309,-7.5822773,3.1223178,-10.164839,-10.35335,-9.730221,2.4410048,-6.0620484,-2.266372,-3.2399917,6.1852303,-6.94742,-3.0806181,-12.703576,0.09601998,-10.890299,-0.194237,1.4965961,-7.0783677,4.592349
QualiSR-Set120/PASD/ava_images___645845.npy.gz,PASD,ava_images___645845.png,../../../mnt/ssd2/29o_rya/datasets/iqa/QualiSR-Set120/sr/PASD/ava_images___645845.png,QualiSR-Set120,ava_images___645845,PASD/ava_images___645845.png,../../../mnt/ssd2/29o_rya/datasets/iqa/QualiSR-Set120/hr/ava_images___645845.png,../../../mnt/ssd2/29o_rya/datasets/iqa/QualiSR-Set120/lr/ava_images___645845.png,test,10.693341,1.7065172,-2.3324442,-8.087985,-2.265523,-9.981424,4.6695557,-1.3862002,-6.6825466,6.181217,-4.486492,2.495184,2.0217557,6.7047377,7.0532913,2.4971812,-8.227548,0.26025873,-3.1651096,5.532609,-3.6281464,1.1576807,3.0819476,-4.4423122,-0.7291498
QualiSR-Set120/RealESRGAN/ava_images___645845.npy.gz,RealESRGAN,ava_images___645845.png,../../../mnt/ssd2/29o_rya/datasets/iqa/QualiSR-Set120/sr/RealESRGAN/ava_images___645845.png,QualiSR-Set120,ava_images___645845,RealESRGAN/ava_images___645845.png,../../../mnt/ssd2/29o_rya/datasets/iqa/QualiSR-Set120/hr/ava_images___645845.png,../../../mnt/ssd2/29o_rya/datasets/iqa/QualiSR-Set120/lr/ava_images___645845.png,test,8.580855,1.417592,-0.6826124,-8.017948,0.019105911,-9.587732,8.433179,-0.19393039,-4.710744,5.4708414,-6.0505023,3.168615,0.77485275,3.2467604,4.9556684,6.7803793,-7.220444,3.1755993,-0.6568632,5.2651577,-0.16698599,0.4528346,3.2874143,-1.3195425,-1.5043356
QualiSR-Set120/SUPIR/ava_images___645845.npy.gz,SUPIR,ava_images___645845.png,../../../mnt/ssd2/29o_rya/datasets/iqa/QualiSR-Set120/sr/SUPIR/ava_images___645845.png,QualiSR-Set120,ava_images___645845,SUPIR/ava_images___645845.png,../../../mnt/ssd2/29o_rya/datasets/iqa/QualiSR-Set120/hr/ava_images___645845.png,../../../mnt/ssd2/29o_rya/datasets/iqa/QualiSR-Set120/lr/ava_images___645845.png,test,5.278037,-1.8991776,-2.815578,-8.453798,-1.1131344,-9.199301,7.611886,0.4551103,-7.02402,2.093049,-5.720974,2.5992343,0.09394646,4.041081,3.952825,3.4079561,-12.0824585,-0.39011145,-1.3649864,4.074893,-1.6977525,-2.424329,4.7477264,-6.447378,-0.76694703
QualiSR-Set120/PASD/ava_images___699615.npy.gz,PASD,ava_images___699615.png,../../../mnt/ssd2/29o_rya/datasets/iqa/QualiSR-Set120/sr/PASD/ava_images___699615.png,QualiSR-Set120,ava_images___699615,PASD/ava_images___699615.png,../../../mnt/ssd2/29o_rya/datasets/iqa/QualiSR-Set120/hr/ava_images___699615.png,../../../mnt/ssd2/29o_rya/datasets/iqa/QualiSR-Set120/lr/ava_images___699615.png,train,-7.475093,-1.3968134,-82.86451,198.35869,66.56799,13.83024,-7.9049106,-45.119183,-7.2269907,-3.7473445,0.13972759,-28.918983,-5.9000716,-3.3670402,13.323472,-9.642311,5.638072,8.968255,-0.55969524,-7.2151194,7.220545,-2.0964665,1.1371782,2.1293406,-0.95337343
QualiSR-Set120/RealESRGAN/ava_images___699615.npy.gz,RealESRGAN,ava_images___699615.png,../../../mnt/ssd2/29o_rya/datasets/iqa/QualiSR-Set120/sr/RealESRGAN/ava_images___699615.png,QualiSR-Set120,ava_images___699615,RealESRGAN/ava_images___699615.png,../../../mnt/ssd2/29o_rya/datasets/iqa/QualiSR-Set120/hr/ava_images___699615.png,../../../mnt/ssd2/29o_rya/datasets/iqa/QualiSR-Set120/lr/ava_images___699615.png,train,-6.63492,-4.7458515,-74.215576,179.62238,61.57874,11.53577,-7.9219875,-39.989674,-8.913642,-1.7375035,0.64980984,-29.40408,-3.377699,-4.192106,9.799998,-8.921349,2.5762215,6.441165,1.5468225,-6.7894545,6.9059887,0.46138048,1.9576209,1.7162565,1.7837797
QualiSR-Set120/SUPIR/ava_images___699615.npy.gz,SUPIR,ava_images___699615.png,../../../mnt/ssd2/29o_rya/datasets/iqa/QualiSR-Set120/sr/SUPIR/ava_images___699615.png,QualiSR-Set120,ava_images___699615,SUPIR/ava_images___699615.png,../../../mnt/ssd2/29o_rya/datasets/iqa/QualiSR-Set120/hr/ava_images___699615.png,../../../mnt/ssd2/29o_rya/datasets/iqa/QualiSR-Set120/lr/ava_images___699615.png,train,-9.60702,-3.6222343,-73.9652,178.47565,58.719067,12.2220955,-6.574044,-40.627182,-7.001632,-4.434849,-0.2821064,-26.038874,-4.87156,-2.9636729,10.466795,-6.4928336,3.889083,6.9421563,-3.2604914,-7.491006,5.049735,-2.8762932,-1.8202467,0.4841236,-1.4222846
QualiSR-Set120/PASD/ava_images___710191.npy.gz,PASD,ava_images___710191.png,../../../mnt/ssd2/29o_rya/datasets/iqa/QualiSR-Set120/sr/PASD/ava_images___710191.png,QualiSR-Set120,ava_images___710191,PASD/ava_images___710191.png,../../../mnt/ssd2/29o_rya/datasets/iqa/QualiSR-Set120/hr/ava_images___710191.png,../../../mnt/ssd2/29o_rya/datasets/iqa/QualiSR-Set120/lr/ava_images___710191.png,train,-12.127734,-7.8459463,6.103286,-15.313612,12.063753,-2.046165,6.204859,7.156188,-4.357762,-11.947718,-12.387676,-3.0966103,-1.632875,-14.962076,13.429919,64.40797,78.258965,100.98993,16.320904,23.371996,9.11674,-8.174443,2.083052,3.1152515,-1.1064372
QualiSR-Set120/RealESRGAN/ava_images___710191.npy.gz,RealESRGAN,ava_images___710191.png,../../../mnt/ssd2/29o_rya/datasets/iqa/QualiSR-Set120/sr/RealESRGAN/ava_images___710191.png,QualiSR-Set120,ava_images___710191,RealESRGAN/ava_images___710191.png,../../../mnt/ssd2/29o_rya/datasets/iqa/QualiSR-Set120/hr/ava_images___710191.png,../../../mnt/ssd2/29o_rya/datasets/iqa/QualiSR-Set120/lr/ava_images___710191.png,train,-12.736257,-8.068605,3.3115997,-13.347851,8.8894825,-1.5567517,4.0504827,5.1086206,-6.0466485,-12.962893,-12.245687,-1.9580553,-1.1462395,-14.5573435,10.951093,52.71757,62.10932,81.773384,11.779607,17.222216,8.121976,-6.58234,-0.33590865,1.3042325,0.012925863
QualiSR-Set120/SUPIR/ava_images___710191.npy.gz,SUPIR,ava_images___710191.png,../../../mnt/ssd2/29o_rya/datasets/iqa/QualiSR-Set120/sr/SUPIR/ava_images___710191.png,QualiSR-Set120,ava_images___710191,SUPIR/ava_images___710191.png,../../../mnt/ssd2/29o_rya/datasets/iqa/QualiSR-Set120/hr/ava_images___710191.png,../../../mnt/ssd2/29o_rya/datasets/iqa/QualiSR-Set120/lr/ava_images___710191.png,train,-13.864949,-6.369546,1.9023399,-17.64459,12.144714,-1.6005301,4.283182,5.758816,-6.720128,-14.64151,-17.071712,1.8367448,-1.2009683,-16.120094,15.109724,63.993195,75.099785,101.07532,16.059391,19.47899,8.713827,-9.84292,3.9449704,1.4226803,-1.6475394
QualiSR-Set120/PASD/ava_images___737450.npy.gz,PASD,ava_images___737450.png,../../../mnt/ssd2/29o_rya/datasets/iqa/QualiSR-Set120/sr/PASD/ava_images___737450.png,QualiSR-Set120,ava_images___737450,PASD/ava_images___737450.png,../../../mnt/ssd2/29o_rya/datasets/iqa/QualiSR-Set120/hr/ava_images___737450.png,../../../mnt/ssd2/29o_rya/datasets/iqa/QualiSR-Set120/lr/ava_images___737450.png,train,-22.501705,-5.0796776,-10.066765,45.702698,3.1556454,-13.044658,23.218739,89.93887,102.23248,13.506819,0.3283863,91.962204,30.161875,-1.7261055,-12.132306,-7.0341153,11.186196,-3.8125494,-2.4547625,4.5511,-1.1661882,6.6454415,10.883554,4.106908,2.2844245
QualiSR-Set120/RealESRGAN/ava_images___737450.npy.gz,RealESRGAN,ava_images___737450.png,../../../mnt/ssd2/29o_rya/datasets/iqa/QualiSR-Set120/sr/RealESRGAN/ava_images___737450.png,QualiSR-Set120,ava_images___737450,RealESRGAN/ava_images___737450.png,../../../mnt/ssd2/29o_rya/datasets/iqa/QualiSR-Set120/hr/ava_images___737450.png,../../../mnt/ssd2/29o_rya/datasets/iqa/QualiSR-Set120/lr/ava_images___737450.png,train,-19.826262,-7.4736204,-7.5916877,42.382637,4.7585564,-14.129301,21.0163,87.514854,98.61545,12.894049,0.5985079,88.43077,26.90087,-1.3887486,-12.7692375,-6.13693,11.043059,-3.538936,-3.1689882,4.405259,-0.03733158,7.282908,10.979021,2.4326715,1.9714006
QualiSR-Set120/SUPIR/ava_images___737450.npy.gz,SUPIR,ava_images___737450.png,../../../mnt/ssd2/29o_rya/datasets/iqa/QualiSR-Set120/sr/SUPIR/ava_images___737450.png,QualiSR-Set120,ava_images___737450,SUPIR/ava_images___737450.png,../../../mnt/ssd2/29o_rya/datasets/iqa/QualiSR-Set120/hr/ava_images___737450.png,../../../mnt/ssd2/29o_rya/datasets/iqa/QualiSR-Set120/lr/ava_images___737450.png,train,-22.709389,-6.266736,-10.444498,39.69728,2.544711,-13.563589,21.273022,84.07352,91.847046,14.221344,0.7927427,84.60569,26.963732,-0.5955796,-9.911055,-4.608476,6.586383,-4.489586,-3.447988,3.0322435,-0.7832346,5.0938935,7.681818,3.1309443,1.9785057
QualiSR-Set120/PASD/ava_images___74410.npy.gz,PASD,ava_images___74410.png,../../../mnt/ssd2/29o_rya/datasets/iqa/QualiSR-Set120/sr/PASD/ava_images___74410.png,QualiSR-Set120,ava_images___74410,PASD/ava_images___74410.png,../../../mnt/ssd2/29o_rya/datasets/iqa/QualiSR-Set120/hr/ava_images___74410.png,../../../mnt/ssd2/29o_rya/datasets/iqa/QualiSR-Set120/lr/ava_images___74410.png,train,-8.494423,-11.568148,-3.152295,-7.203363,-12.044846,-5.0730453,-1.9532838,0.80968237,-5.317403,-10.37118,-12.195536,1.9936602,-4.2343616,1.0079203,4.7755194,4.884792,-7.956749,0.72304535,-17.080034,-7.1495514,-11.6318035,-7.369203,-4.891819,5.6189666,-0.3563485
QualiSR-Set120/RealESRGAN/ava_images___74410.npy.gz,RealESRGAN,ava_images___74410.png,../../../mnt/ssd2/29o_rya/datasets/iqa/QualiSR-Set120/sr/RealESRGAN/ava_images___74410.png,QualiSR-Set120,ava_images___74410,RealESRGAN/ava_images___74410.png,../../../mnt/ssd2/29o_rya/datasets/iqa/QualiSR-Set120/hr/ava_images___74410.png,../../../mnt/ssd2/29o_rya/datasets/iqa/QualiSR-Set120/lr/ava_images___74410.png,train,-9.765493,-9.9821,-4.0845404,-6.4844923,-12.765677,-4.973893,-3.111436,0.87964535,-5.5230026,-10.9768505,-10.747958,1.1680534,-1.9546776,1.4522567,3.8081465,5.637265,-5.8778257,2.1993032,-15.740713,-7.5864553,-10.633149,-6.076537,-4.5287848,5.6317825,1.4591353
QualiSR-Set120/SUPIR/ava_images___74410.npy.gz,SUPIR,ava_images___74410.png,../../../mnt/ssd2/29o_rya/datasets/iqa/QualiSR-Set120/sr/SUPIR/ava_images___74410.png,QualiSR-Set120,ava_images___74410,SUPIR/ava_images___74410.png,../../../mnt/ssd2/29o_rya/datasets/iqa/QualiSR-Set120/hr/ava_images___74410.png,../../../mnt/ssd2/29o_rya/datasets/iqa/QualiSR-Set120/lr/ava_images___74410.png,train,-9.692619,-11.003014,-4.567382,-5.4254827,-12.853752,-5.2876644,-1.973834,2.9441717,-4.2045927,-12.25963,-11.461899,1.3728933,-1.1720204,1.1390591,4.6279206,5.408227,-2.6819642,-0.43757376,-13.421066,-6.3034697,-12.059843,-7.2528825,-3.9435725,6.0984187,-0.35066223
QualiSR-Set120/PASD/ava_images___751927.npy.gz,PASD,ava_images___751927.png,../../../mnt/ssd2/29o_rya/datasets/iqa/QualiSR-Set120/sr/PASD/ava_images___751927.png,QualiSR-Set120,ava_images___751927,PASD/ava_images___751927.png,../../../mnt/ssd2/29o_rya/datasets/iqa/QualiSR-Set120/hr/ava_images___751927.png,../../../mnt/ssd2/29o_rya/datasets/iqa/QualiSR-Set120/lr/ava_images___751927.png,train,-8.727707,-7.459619,0.7542324,-4.544842,-24.459116,-4.977852,38.7315,-6.491975,-1.9782219,6.024623,-26.837542,7.7113113,-7.2762194,96.52379,99.18426,-21.924511,-4.152074,-2.1630175,32.39303,18.712181,4.9972258,10.125355,3.284084,-10.652469,0.39299345
QualiSR-Set120/RealESRGAN/ava_images___751927.npy.gz,RealESRGAN,ava_images___751927.png,../../../mnt/ssd2/29o_rya/datasets/iqa/QualiSR-Set120/sr/RealESRGAN/ava_images___751927.png,QualiSR-Set120,ava_images___751927,RealESRGAN/ava_images___751927.png,../../../mnt/ssd2/29o_rya/datasets/iqa/QualiSR-Set120/hr/ava_images___751927.png,../../../mnt/ssd2/29o_rya/datasets/iqa/QualiSR-Set120/lr/ava_images___751927.png,train,-6.7457705,-7.70215,-0.58018684,-3.2683172,-20.126331,-5.377613,35.657043,-5.086876,-1.5104461,7.3024406,-26.024437,9.51973,-4.486222,89.23481,94.405014,-18.956495,-4.249062,-0.8635464,30.817753,18.11169,5.201398,9.688421,2.2382314,-8.519753,1.4379857
QualiSR-Set120/SUPIR/ava_images___751927.npy.gz,SUPIR,ava_images___751927.png,../../../mnt/ssd2/29o_rya/datasets/iqa/QualiSR-Set120/sr/SUPIR/ava_images___751927.png,QualiSR-Set120,ava_images___751927,SUPIR/ava_images___751927.png,../../../mnt/ssd2/29o_rya/datasets/iqa/QualiSR-Set120/hr/ava_images___751927.png,../../../mnt/ssd2/29o_rya/datasets/iqa/QualiSR-Set120/lr/ava_images___751927.png,train,-8.816003,-7.9703684,2.2920895,-4.32242,-26.4477,-5.3782067,40.386353,-7.4617395,-1.0303478,6.1587305,-28.737413,7.8215704,-5.8048825,103.55968,105.980034,-22.449207,-4.129288,-2.058812,34.951164,17.423885,4.8903217,10.985714,1.5634124,-7.8595977,0.15372789
QualiSR-Set120/PASD/ava_images___773899.npy.gz,PASD,ava_images___773899.png,../../../mnt/ssd2/29o_rya/datasets/iqa/QualiSR-Set120/sr/PASD/ava_images___773899.png,QualiSR-Set120,ava_images___773899,PASD/ava_images___773899.png,../../../mnt/ssd2/29o_rya/datasets/iqa/QualiSR-Set120/hr/ava_images___773899.png,../../../mnt/ssd2/29o_rya/datasets/iqa/QualiSR-Set120/lr/ava_images___773899.png,train,3.0047436,-5.840812,-4.18355,-16.080814,2.1577654,-8.435754,-8.567155,-8.124216,-5.523305,-16.785412,-9.539297,0.34127212,2.0520973,-12.233074,-0.3354312,-7.208977,-16.7098,13.007881,-18.961334,-2.483126,40.07311,95.83361,-20.316645,39.01559,-36.52227
QualiSR-Set120/RealESRGAN/ava_images___773899.npy.gz,RealESRGAN,ava_images___773899.png,../../../mnt/ssd2/29o_rya/datasets/iqa/QualiSR-Set120/sr/RealESRGAN/ava_images___773899.png,QualiSR-Set120,ava_images___773899,RealESRGAN/ava_images___773899.png,../../../mnt/ssd2/29o_rya/datasets/iqa/QualiSR-Set120/hr/ava_images___773899.png,../../../mnt/ssd2/29o_rya/datasets/iqa/QualiSR-Set120/lr/ava_images___773899.png,train,-2.9338665,-6.17515,-2.6550555,-14.972712,3.5937262,-6.5210357,-9.083507,-8.030351,-5.0692186,-13.71262,-9.102498,1.2012601,-1.231566,-11.123498,-2.5940526,-4.203756,-14.550851,11.752831,-16.116879,-2.707085,36.923447,87.23826,-18.660536,35.845367,-31.546707
QualiSR-Set120/SUPIR/ava_images___773899.npy.gz,SUPIR,ava_images___773899.png,../../../mnt/ssd2/29o_rya/datasets/iqa/QualiSR-Set120/sr/SUPIR/ava_images___773899.png,QualiSR-Set120,ava_images___773899,SUPIR/ava_images___773899.png,../../../mnt/ssd2/29o_rya/datasets/iqa/QualiSR-Set120/hr/ava_images___773899.png,../../../mnt/ssd2/29o_rya/datasets/iqa/QualiSR-Set120/lr/ava_images___773899.png,train,-1.3309212,-8.510018,-5.50852,-14.842712,-0.6689415,-9.5642185,-9.389782,-6.535239,-7.6820364,-15.067141,-10.2573805,3.791205,-0.2592535,-11.052773,-1.17127,-5.7332225,-16.90684,12.213595,-19.526394,-3.3235545,33.12964,83.7653,-18.831457,34.719925,-30.783543
QualiSR-Set120/PASD/ava_images___827653.npy.gz,PASD,ava_images___827653.png,../../../mnt/ssd2/29o_rya/datasets/iqa/QualiSR-Set120/sr/PASD/ava_images___827653.png,QualiSR-Set120,ava_images___827653,PASD/ava_images___827653.png,../../../mnt/ssd2/29o_rya/datasets/iqa/QualiSR-Set120/hr/ava_images___827653.png,../../../mnt/ssd2/29o_rya/datasets/iqa/QualiSR-Set120/lr/ava_images___827653.png,test,0.30951214,-8.512392,3.8642035,-5.2560105,3.4044313,-5.77051,2.4721565,-0.023073912,0.74386406,17.847197,4.4822836,3.7736917,4.656376,-1.511367,-4.644527,11.186163,-12.589331,-5.90585,17.981281,-0.73672867,7.984743,-0.22780919,2.8787777,-3.2146027,6.892101
QualiSR-Set120/RealESRGAN/ava_images___827653.npy.gz,RealESRGAN,ava_images___827653.png,../../../mnt/ssd2/29o_rya/datasets/iqa/QualiSR-Set120/sr/RealESRGAN/ava_images___827653.png,QualiSR-Set120,ava_images___827653,RealESRGAN/ava_images___827653.png,../../../mnt/ssd2/29o_rya/datasets/iqa/QualiSR-Set120/hr/ava_images___827653.png,../../../mnt/ssd2/29o_rya/datasets/iqa/QualiSR-Set120/lr/ava_images___827653.png,test,3.2543688,-8.734373,0.8988781,-7.0325484,0.9068146,-8.5278845,-1.770227,-0.018967628,0.29958057,12.993248,0.663126,1.6548066,2.4856262,-1.75153,-2.0106173,6.350979,-10.4456005,-1.8254528,7.601062,-1.6630428,6.657382,1.1529717,-0.19808674,-3.2609491,6.750511
QualiSR-Set120/SUPIR/ava_images___827653.npy.gz,SUPIR,ava_images___827653.png,../../../mnt/ssd2/29o_rya/datasets/iqa/QualiSR-Set120/sr/SUPIR/ava_images___827653.png,QualiSR-Set120,ava_images___827653,SUPIR/ava_images___827653.png,../../../mnt/ssd2/29o_rya/datasets/iqa/QualiSR-Set120/hr/ava_images___827653.png,../../../mnt/ssd2/29o_rya/datasets/iqa/QualiSR-Set120/lr/ava_images___827653.png,test,-2.6858883,-10.107848,2.22128,-5.812703,-3.1839418,-7.8117576,0.5731878,0.7144308,-1.7255855,7.5046606,-0.3045392,3.2924833,2.0308547,0.07415509,0.8876333,6.765274,-12.202762,-2.6573172,7.403846,-0.6635089,5.5537777,-2.3840787,-2.038454,-3.2415342,4.37479
QualiSR-Set120/PASD/ava_images___842206.npy.gz,PASD,ava_images___842206.png,../../../mnt/ssd2/29o_rya/datasets/iqa/QualiSR-Set120/sr/PASD/ava_images___842206.png,QualiSR-Set120,ava_images___842206,PASD/ava_images___842206.png,../../../mnt/ssd2/29o_rya/datasets/iqa/QualiSR-Set120/hr/ava_images___842206.png,../../../mnt/ssd2/29o_rya/datasets/iqa/QualiSR-Set120/lr/ava_images___842206.png,test,-12.834035,1.8235207,-1.7305231,-5.2474966,-3.973887,-2.0721636,12.298993,-1.5638642,0.78110695,-4.1074147,7.2185593,-1.7088726,-4.9563975,0.011988401,-9.374527,1.28668,8.626397,4.523278,0.0044956207,4.1764164,1.2912502,-3.681375,-5.6535206,-1.637856,5.2282295
QualiSR-Set120/RealESRGAN/ava_images___842206.npy.gz,RealESRGAN,ava_images___842206.png,../../../mnt/ssd2/29o_rya/datasets/iqa/QualiSR-Set120/sr/RealESRGAN/ava_images___842206.png,QualiSR-Set120,ava_images___842206,RealESRGAN/ava_images___842206.png,../../../mnt/ssd2/29o_rya/datasets/iqa/QualiSR-Set120/hr/ava_images___842206.png,../../../mnt/ssd2/29o_rya/datasets/iqa/QualiSR-Set120/lr/ava_images___842206.png,test,-12.73769,-0.05678177,-1.0778508,-3.6292415,0.2762947,-0.72169304,14.210116,-2.9611192,2.864791,-4.049065,8.347046,-3.8861363,-4.759647,-1.2918997,-9.749804,1.7029955,8.760098,1.9896188,1.2313118,4.8500576,2.831707,-3.754619,-4.186572,-0.9858215,4.41039
QualiSR-Set120/SUPIR/ava_images___842206.npy.gz,SUPIR,ava_images___842206.png,../../../mnt/ssd2/29o_rya/datasets/iqa/QualiSR-Set120/sr/SUPIR/ava_images___842206.png,QualiSR-Set120,ava_images___842206,SUPIR/ava_images___842206.png,../../../mnt/ssd2/29o_rya/datasets/iqa/QualiSR-Set120/hr/ava_images___842206.png,../../../mnt/ssd2/29o_rya/datasets/iqa/QualiSR-Set120/lr/ava_images___842206.png,test,-12.667334,-0.5070267,-2.799264,-4.347622,-3.9553046,0.60573816,12.743623,-1.1573012,0.4954033,-4.5764523,6.4068813,-1.1033015,-5.8030596,-0.087935686,-10.555178,1.616029,9.365963,2.4665692,-0.24823856,4.609618,1.5432053,-3.5662503,-4.926619,-1.7741364,4.4643273
QualiSR-Set120/PASD/ava_images___846773.npy.gz,PASD,ava_images___846773.png,../../../mnt/ssd2/29o_rya/datasets/iqa/QualiSR-Set120/sr/PASD/ava_images___846773.png,QualiSR-Set120,ava_images___846773,PASD/ava_images___846773.png,../../../mnt/ssd2/29o_rya/datasets/iqa/QualiSR-Set120/hr/ava_images___846773.png,../../../mnt/ssd2/29o_rya/datasets/iqa/QualiSR-Set120/lr/ava_images___846773.png,train,-17.979515,-18.295622,-13.782265,0.6103091,-11.664632,-8.668389,11.009366,6.501952,-20.565506,0.50498486,-1.9429083,-11.754036,-25.048225,40.77983,-79.13143,-29.263695,24.916142,-16.553217,20.61903,73.357704,13.465455,-8.077608,-20.806404,12.240336,7.1715045
QualiSR-Set120/RealESRGAN/ava_images___846773.npy.gz,RealESRGAN,ava_images___846773.png,../../../mnt/ssd2/29o_rya/datasets/iqa/QualiSR-Set120/sr/RealESRGAN/ava_images___846773.png,QualiSR-Set120,ava_images___846773,RealESRGAN/ava_images___846773.png,../../../mnt/ssd2/29o_rya/datasets/iqa/QualiSR-Set120/hr/ava_images___846773.png,../../../mnt/ssd2/29o_rya/datasets/iqa/QualiSR-Set120/lr/ava_images___846773.png,train,-18.111185,-15.756848,-11.128354,1.2739229,-9.528626,-7.5370283,12.37551,6.1251307,-20.41898,1.8213949,-2.8558192,-12.828173,-24.924675,40.121487,-77.699356,-29.505203,23.976906,-17.487146,21.51413,72.30507,15.02074,-6.793535,-20.189217,12.7603855,7.173307
QualiSR-Set120/SUPIR/ava_images___846773.npy.gz,SUPIR,ava_images___846773.png,../../../mnt/ssd2/29o_rya/datasets/iqa/QualiSR-Set120/sr/SUPIR/ava_images___846773.png,QualiSR-Set120,ava_images___846773,SUPIR/ava_images___846773.png,../../../mnt/ssd2/29o_rya/datasets/iqa/QualiSR-Set120/hr/ava_images___846773.png,../../../mnt/ssd2/29o_rya/datasets/iqa/QualiSR-Set120/lr/ava_images___846773.png,train,-17.071682,-18.429247,-13.643541,0.5924163,-11.932456,-9.381362,10.099446,5.685506,-19.626747,-1.647532,-2.9677596,-11.201958,-22.615784,40.221405,-74.38106,-27.698856,22.9188,-16.67389,20.030422,69.61571,12.052575,-6.859791,-19.166363,12.081324,4.487397
QualiSR-Set120/PASD/ava_images___857447.npy.gz,PASD,ava_images___857447.png,../../../mnt/ssd2/29o_rya/datasets/iqa/QualiSR-Set120/sr/PASD/ava_images___857447.png,QualiSR-Set120,ava_images___857447,PASD/ava_images___857447.png,../../../mnt/ssd2/29o_rya/datasets/iqa/QualiSR-Set120/hr/ava_images___857447.png,../../../mnt/ssd2/29o_rya/datasets/iqa/QualiSR-Set120/lr/ava_images___857447.png,train,-17.714428,-0.69147396,-3.9594789,-13.19433,-23.770988,8.677492,20.873344,1.9163731,-10.646965,-2.3927488,-5.438323,-9.409559,-14.206193,44.029602,-49.955315,-48.589203,48.924618,16.816826,6.9143744,-89.089745,-2.0723839,1.478524,17.34356,-6.423729,-9.253492
QualiSR-Set120/RealESRGAN/ava_images___857447.npy.gz,RealESRGAN,ava_images___857447.png,../../../mnt/ssd2/29o_rya/datasets/iqa/QualiSR-Set120/sr/RealESRGAN/ava_images___857447.png,QualiSR-Set120,ava_images___857447,RealESRGAN/ava_images___857447.png,../../../mnt/ssd2/29o_rya/datasets/iqa/QualiSR-Set120/hr/ava_images___857447.png,../../../mnt/ssd2/29o_rya/datasets/iqa/QualiSR-Set120/lr/ava_images___857447.png,train,-18.81425,-9.785112,-5.518567,-12.140743,-21.221989,1.1920505,15.993548,3.5383716,-8.282365,-6.652037,-6.4503813,-11.14356,-15.552205,40.674164,-49.509464,-41.99747,41.854187,14.982346,6.963702,-74.99785,1.2414637,0.5088531,13.100745,-8.594256,-7.999167
QualiSR-Set120/SUPIR/ava_images___857447.npy.gz,SUPIR,ava_images___857447.png,../../../mnt/ssd2/29o_rya/datasets/iqa/QualiSR-Set120/sr/SUPIR/ava_images___857447.png,QualiSR-Set120,ava_images___857447,SUPIR/ava_images___857447.png,../../../mnt/ssd2/29o_rya/datasets/iqa/QualiSR-Set120/hr/ava_images___857447.png,../../../mnt/ssd2/29o_rya/datasets/iqa/QualiSR-Set120/lr/ava_images___857447.png,train,-17.430199,-3.241146,-5.60783,-11.053333,-23.791668,6.47718,17.62334,1.6417378,-11.115879,-2.7382855,-5.5576134,-7.34935,-14.248024,40.20159,-47.137455,-44.330162,43.44903,14.06172,5.4770956,-81.124214,-1.3340044,2.6067476,14.808146,-7.0380893,-9.109304
QualiSR-Set120/PASD/ava_images___864250.npy.gz,PASD,ava_images___864250.png,../../../mnt/ssd2/29o_rya/datasets/iqa/QualiSR-Set120/sr/PASD/ava_images___864250.png,QualiSR-Set120,ava_images___864250,PASD/ava_images___864250.png,../../../mnt/ssd2/29o_rya/datasets/iqa/QualiSR-Set120/hr/ava_images___864250.png,../../../mnt/ssd2/29o_rya/datasets/iqa/QualiSR-Set120/lr/ava_images___864250.png,train,-8.449013,-0.62385654,-8.049629,-2.708549,-1.4960546,6.7725024,37.09721,67.66478,-56.54017,119.18611,39.229614,-39.852474,18.553106,-18.500317,11.886444,-5.408938,2.0642729,2.625235,-14.332091,1.4262006,2.7255497,3.763403,-0.11349702,0.7286743,0.84459245
QualiSR-Set120/RealESRGAN/ava_images___864250.npy.gz,RealESRGAN,ava_images___864250.png,../../../mnt/ssd2/29o_rya/datasets/iqa/QualiSR-Set120/sr/RealESRGAN/ava_images___864250.png,QualiSR-Set120,ava_images___864250,RealESRGAN/ava_images___864250.png,../../../mnt/ssd2/29o_rya/datasets/iqa/QualiSR-Set120/hr/ava_images___864250.png,../../../mnt/ssd2/29o_rya/datasets/iqa/QualiSR-Set120/lr/ava_images___864250.png,train,-7.0924997,-1.795495,-8.042202,-0.660511,1.8973951,7.298057,36.590683,69.335014,-54.92952,120.84944,37.61306,-40.550667,19.601498,-18.080982,12.25,-4.0806894,2.8665285,2.3887062,-12.586524,-0.013587713,3.4187422,6.351631,0.763958,-3.2628124,0.14731026
QualiSR-Set120/SUPIR/ava_images___864250.npy.gz,SUPIR,ava_images___864250.png,../../../mnt/ssd2/29o_rya/datasets/iqa/QualiSR-Set120/sr/SUPIR/ava_images___864250.png,QualiSR-Set120,ava_images___864250,SUPIR/ava_images___864250.png,../../../mnt/ssd2/29o_rya/datasets/iqa/QualiSR-Set120/hr/ava_images___864250.png,../../../mnt/ssd2/29o_rya/datasets/iqa/QualiSR-Set120/lr/ava_images___864250.png,train,-7.157161,0.23903847,-9.134517,-1.1010666,-0.68610287,6.9176307,42.148865,74.25184,-63.118134,130.4487,38.250557,-43.00691,20.829802,-15.339925,13.134925,-5.2213492,4.12914,2.9655728,-14.344476,0.5901842,4.492425,4.7313547,-0.13343024,-0.15343499,-1.1575816
QualiSR-Set120/PASD/ava_images___865616.npy.gz,PASD,ava_images___865616.png,../../../mnt/ssd2/29o_rya/datasets/iqa/QualiSR-Set120/sr/PASD/ava_images___865616.png,QualiSR-Set120,ava_images___865616,PASD/ava_images___865616.png,../../../mnt/ssd2/29o_rya/datasets/iqa/QualiSR-Set120/hr/ava_images___865616.png,../../../mnt/ssd2/29o_rya/datasets/iqa/QualiSR-Set120/lr/ava_images___865616.png,train,24.446548,-4.742289,-5.7528157,-24.336615,-7.165984,-30.961664,-63.921444,-101.89334,79.04591,109.93596,-18.14138,2.7078602,-5.322268,3.259019,-9.562574,6.8933706,13.893563,-3.0209453,6.357175,-0.04330361,2.1898737,-5.422535,-0.17945528,0.48116148,-5.1527414
QualiSR-Set120/RealESRGAN/ava_images___865616.npy.gz,RealESRGAN,ava_images___865616.png,../../../mnt/ssd2/29o_rya/datasets/iqa/QualiSR-Set120/sr/RealESRGAN/ava_images___865616.png,QualiSR-Set120,ava_images___865616,RealESRGAN/ava_images___865616.png,../../../mnt/ssd2/29o_rya/datasets/iqa/QualiSR-Set120/hr/ava_images___865616.png,../../../mnt/ssd2/29o_rya/datasets/iqa/QualiSR-Set120/lr/ava_images___865616.png,train,23.484749,-2.4849787,-5.025342,-26.262249,-5.303582,-33.269684,-63.568653,-102.991196,81.5571,115.95958,-20.50341,0.76354194,-8.614865,6.74174,-9.896853,7.148557,12.211886,-1.1346014,5.496772,0.33359003,2.7444258,-3.231915,-0.46787024,0.75476277,-3.776112
QualiSR-Set120/SUPIR/ava_images___865616.npy.gz,SUPIR,ava_images___865616.png,../../../mnt/ssd2/29o_rya/datasets/iqa/QualiSR-Set120/sr/SUPIR/ava_images___865616.png,QualiSR-Set120,ava_images___865616,SUPIR/ava_images___865616.png,../../../mnt/ssd2/29o_rya/datasets/iqa/QualiSR-Set120/hr/ava_images___865616.png,../../../mnt/ssd2/29o_rya/datasets/iqa/QualiSR-Set120/lr/ava_images___865616.png,train,21.29589,-5.9061213,-7.1935463,-24.204699,-7.084683,-32.431217,-62.24984,-95.62968,74.132065,103.34331,-17.02309,2.55201,-5.2990437,5.8702364,-7.4413958,8.137841,13.090638,-2.9926434,4.002734,-0.60767317,1.4358816,-4.5299683,-0.4029293,-0.28456056,-3.7706485
QualiSR-Set120/PASD/ava_images___953752.npy.gz,PASD,ava_images___953752.png,../../../mnt/ssd2/29o_rya/datasets/iqa/QualiSR-Set120/sr/PASD/ava_images___953752.png,QualiSR-Set120,ava_images___953752,PASD/ava_images___953752.png,../../../mnt/ssd2/29o_rya/datasets/iqa/QualiSR-Set120/hr/ava_images___953752.png,../../../mnt/ssd2/29o_rya/datasets/iqa/QualiSR-Set120/lr/ava_images___953752.png,train,240.18126,-32.371613,-2.0497823,3.244906,10.486111,-4.73901,21.850235,16.423979,7.765581,-13.614536,9.359079,-4.1818027,-1.0380149,4.7460794,-3.057532,-4.3353,5.6877127,-0.10096592,7.508441,-2.474449,-1.8434005,-4.756912,-4.6384954,-1.3363978,0.77248144
QualiSR-Set120/RealESRGAN/ava_images___953752.npy.gz,RealESRGAN,ava_images___953752.png,../../../mnt/ssd2/29o_rya/datasets/iqa/QualiSR-Set120/sr/RealESRGAN/ava_images___953752.png,QualiSR-Set120,ava_images___953752,RealESRGAN/ava_images___953752.png,../../../mnt/ssd2/29o_rya/datasets/iqa/QualiSR-Set120/hr/ava_images___953752.png,../../../mnt/ssd2/29o_rya/datasets/iqa/QualiSR-Set120/lr/ava_images___953752.png,train,236.27484,-33.195107,-0.4717121,3.891603,12.222967,-5.5172625,19.6153,18.174309,7.078497,-13.952219,10.121134,-5.705206,0.48134756,2.303948,-4.099907,0.95948744,8.289833,1.2253749,6.9538374,-1.8951571,-3.6069775,1.393846,-6.475359,0.5020834,0.36375833
QualiSR-Set120/SUPIR/ava_images___953752.npy.gz,SUPIR,ava_images___953752.png,../../../mnt/ssd2/29o_rya/datasets/iqa/QualiSR-Set120/sr/SUPIR/ava_images___953752.png,QualiSR-Set120,ava_images___953752,SUPIR/ava_images___953752.png,../../../mnt/ssd2/29o_rya/datasets/iqa/QualiSR-Set120/hr/ava_images___953752.png,../../../mnt/ssd2/29o_rya/datasets/iqa/QualiSR-Set120/lr/ava_images___953752.png,train,239.68877,-33.971077,-2.820691,4.9913087,10.34329,-2.5264225,21.906952,20.124706,8.021739,-15.501614,8.186201,-5.1244698,-0.21162844,6.875182,-3.7618647,0.31233883,2.6004562,1.627922,4.761203,-1.1689193,-1.7609425,-1.8866713,-4.9618864,-0.9965874,-0.42070818
QualiSR-Set120/PASD/blur_dataset___out_of_focus0685.npy.gz,PASD,blur_dataset___out_of_focus0685.png,../../../mnt/ssd2/29o_rya/datasets/iqa/QualiSR-Set120/sr/PASD/blur_dataset___out_of_focus0685.png,QualiSR-Set120,blur_dataset___out_of_focus0685,PASD/blur_dataset___out_of_focus0685.png,../../../mnt/ssd2/29o_rya/datasets/iqa/QualiSR-Set120/hr/blur_dataset___out_of_focus0685.png,../../../mnt/ssd2/29o_rya/datasets/iqa/QualiSR-Set120/lr/blur_dataset___out_of_focus0685.png,train,2.7127924,-12.651366,-4.5573425,-15.837559,-5.4997153,-9.903334,-5.3947344,3.1651032,-10.526625,-16.135609,-10.431152,10.125542,-3.7809362,-2.6200938,11.268277,2.5701365,-15.697764,-15.492789,-40.258877,-6.5643053,108.72025,-58.18222,25.11553,12.788395,-0.89463663
QualiSR-Set120/RealESRGAN/blur_dataset___out_of_focus0685.npy.gz,RealESRGAN,blur_dataset___out_of_focus0685.png,../../../mnt/ssd2/29o_rya/datasets/iqa/QualiSR-Set120/sr/RealESRGAN/blur_dataset___out_of_focus0685.png,QualiSR-Set120,blur_dataset___out_of_focus0685,RealESRGAN/blur_dataset___out_of_focus0685.png,../../../mnt/ssd2/29o_rya/datasets/iqa/QualiSR-Set120/hr/blur_dataset___out_of_focus0685.png,../../../mnt/ssd2/29o_rya/datasets/iqa/QualiSR-Set120/lr/blur_dataset___out_of_focus0685.png,train,4.4817038,-11.377819,-1.9189272,-13.260729,-5.0305505,-10.0152855,-7.995533,4.775901,-7.77797,-11.98266,-9.628077,10.54507,-5.0251384,-2.1190968,6.5457797,4.028239,-13.430847,-12.555059,-34.556538,-6.0553837,90.10327,-46.129135,18.7225,10.282961,1.1869311
QualiSR-Set120/SUPIR/blur_dataset___out_of_focus0685.npy.gz,SUPIR,blur_dataset___out_of_focus0685.png,../../../mnt/ssd2/29o_rya/datasets/iqa/QualiSR-Set120/sr/SUPIR/blur_dataset___out_of_focus0685.png,QualiSR-Set120,blur_dataset___out_of_focus0685,SUPIR/blur_dataset___out_of_focus0685.png,../../../mnt/ssd2/29o_rya/datasets/iqa/QualiSR-Set120/hr/blur_dataset___out_of_focus0685.png,../../../mnt/ssd2/29o_rya/datasets/iqa/QualiSR-Set120/lr/blur_dataset___out_of_focus0685.png,train,-1.6735544,-11.472247,-4.659394,-13.557871,-5.577965,-8.595742,-6.750682,4.623948,-10.933615,-14.214024,-10.284292,10.34651,-6.4771595,-2.7263327,9.966528,2.974571,-15.382076,-10.2767,-37.746735,-6.3835354,92.54252,-50.41886,20.637398,11.799292,1.1017107
QualiSR-Set120/PASD/voc_emotic_ava___EMOTIC__COCO_train2014_000000244530.npy.gz,PASD,voc_emotic_ava___EMOTIC__COCO_train2014_000000244530.png,../../../mnt/ssd2/29o_rya/datasets/iqa/QualiSR-Set120/sr/PASD/voc_emotic_ava___EMOTIC__COCO_train2014_000000244530.png,QualiSR-Set120,voc_emotic_ava___EMOTIC__COCO_train2014_000000244530,PASD/voc_emotic_ava___EMOTIC__COCO_train2014_000000244530.png,../../../mnt/ssd2/29o_rya/datasets/iqa/QualiSR-Set120/hr/voc_emotic_ava___EMOTIC__COCO_train2014_000000244530.png,../../../mnt/ssd2/29o_rya/datasets/iqa/QualiSR-Set120/lr/voc_emotic_ava___EMOTIC__COCO_train2014_000000244530.png,train,-11.358981,-11.9730015,-3.0693035,-7.1702113,-21.490847,-7.3333316,-22.67736,-34.502193,1.4428682,-30.690533,75.512375,-22.260792,124.47696,38.771973,-10.665289,12.656712,5.0292854,-3.807733,0.6869211,1.9129641,-0.6631756,-0.083541274,-0.08861232,2.1352673,0.8480574
QualiSR-Set120/RealESRGAN/voc_emotic_ava___EMOTIC__COCO_train2014_000000244530.npy.gz,RealESRGAN,voc_emotic_ava___EMOTIC__COCO_train2014_000000244530.png,../../../mnt/ssd2/29o_rya/datasets/iqa/QualiSR-Set120/sr/RealESRGAN/voc_emotic_ava___EMOTIC__COCO_train2014_000000244530.png,QualiSR-Set120,voc_emotic_ava___EMOTIC__COCO_train2014_000000244530,RealESRGAN/voc_emotic_ava___EMOTIC__COCO_train2014_000000244530.png,../../../mnt/ssd2/29o_rya/datasets/iqa/QualiSR-Set120/hr/voc_emotic_ava___EMOTIC__COCO_train2014_000000244530.png,../../../mnt/ssd2/29o_rya/datasets/iqa/QualiSR-Set120/lr/voc_emotic_ava___EMOTIC__COCO_train2014_000000244530.png,train,-10.392793,-8.0319195,-1.6173964,-4.7011347,-21.93797,-6.668057,-20.010546,-35.779346,6.0185757,-33.027092,80.555275,-25.661373,134.11732,38.770115,-9.895288,19.685942,7.653281,-3.2826822,3.141595,2.2375228,-0.5697341,0.13194704,2.799229,4.583366,0.37191808
QualiSR-Set120/SUPIR/voc_emotic_ava___EMOTIC__COCO_train2014_000000244530.npy.gz,SUPIR,voc_emotic_ava___EMOTIC__COCO_train2014_000000244530.png,../../../mnt/ssd2/29o_rya/datasets/iqa/QualiSR-Set120/sr/SUPIR/voc_emotic_ava___EMOTIC__COCO_train2014_000000244530.png,QualiSR-Set120,voc_emotic_ava___EMOTIC__COCO_train2014_000000244530,SUPIR/voc_emotic_ava___EMOTIC__COCO_train2014_000000244530.png,../../../mnt/ssd2/29o_rya/datasets/iqa/QualiSR-Set120/hr/voc_emotic_ava___EMOTIC__COCO_train2014_000000244530.png,../../../mnt/ssd2/29o_rya/datasets/iqa/QualiSR-Set120/lr/voc_emotic_ava___EMOTIC__COCO_train2014_000000244530.png,train,-11.148907,-11.22434,-5.979765,-6.4577327,-21.813885,-6.7384243,-22.574348,-33.644165,3.9896116,-32.10504,80.35319,-22.476154,127.72279,37.81743,-10.462655,15.069986,3.63453,-4.1899533,-0.13521862,0.42214918,1.1138735,-1.8451004,-0.23943949,2.2813592,1.6523888
QualiSR-Set120/PASD/voc_emotic_ava___EMOTIC__COCO_train2014_000000247190.npy.gz,PASD,voc_emotic_ava___EMOTIC__COCO_train2014_000000247190.png,../../../mnt/ssd2/29o_rya/datasets/iqa/QualiSR-Set120/sr/PASD/voc_emotic_ava___EMOTIC__COCO_train2014_000000247190.png,QualiSR-Set120,voc_emotic_ava___EMOTIC__COCO_train2014_000000247190,PASD/voc_emotic_ava___EMOTIC__COCO_train2014_000000247190.png,../../../mnt/ssd2/29o_rya/datasets/iqa/QualiSR-Set120/hr/voc_emotic_ava___EMOTIC__COCO_train2014_000000247190.png,../../../mnt/ssd2/29o_rya/datasets/iqa/QualiSR-Set120/lr/voc_emotic_ava___EMOTIC__COCO_train2014_000000247190.png,train,22.293167,95.57751,1.8441486,-2.2281156,-38.51449,180.7695,-35.884224,12.910258,17.91116,9.07279,-30.44757,-7.3169003,9.412948,2.5434422,-5.8313465,5.2618837,4.5800047,-3.1696603,9.469571,7.8014736,9.453986,0.31597602,0.37506986,-8.875563,-1.9927855
QualiSR-Set120/RealESRGAN/voc_emotic_ava___EMOTIC__COCO_train2014_000000247190.npy.gz,RealESRGAN,voc_emotic_ava___EMOTIC__COCO_train2014_000000247190.png,../../../mnt/ssd2/29o_rya/datasets/iqa/QualiSR-Set120/sr/RealESRGAN/voc_emotic_ava___EMOTIC__COCO_train2014_000000247190.png,QualiSR-Set120,voc_emotic_ava___EMOTIC__COCO_train2014_000000247190,RealESRGAN/voc_emotic_ava___EMOTIC__COCO_train2014_000000247190.png,../../../mnt/ssd2/29o_rya/datasets/iqa/QualiSR-Set120/hr/voc_emotic_ava___EMOTIC__COCO_train2014_000000247190.png,../../../mnt/ssd2/29o_rya/datasets/iqa/QualiSR-Set120/lr/voc_emotic_ava___EMOTIC__COCO_train2014_000000247190.png,train,18.419922,79.25222,-4.514583,-4.291469,-33.923843,161.9248,-33.521233,12.817887,17.676285,6.564315,-25.99533,-8.692251,9.270886,7.297246,-10.179766,2.3212497,-1.2732458,0.8560437,5.014901,3.7068412,12.017417,4.9960895,0.15945625,-12.609391,-0.21817946
QualiSR-Set120/SUPIR/voc_emotic_ava___EMOTIC__COCO_train2014_000000247190.npy.gz,SUPIR,voc_emotic_ava___EMOTIC__COCO_train2014_000000247190.png,../../../mnt/ssd2/29o_rya/datasets/iqa/QualiSR-Set120/sr/SUPIR/voc_emotic_ava___EMOTIC__COCO_train2014_000000247190.png,QualiSR-Set120,voc_emotic_ava___EMOTIC__COCO_train2014_000000247190,SUPIR/voc_emotic_ava___EMOTIC__COCO_train2014_000000247190.png,../../../mnt/ssd2/29o_rya/datasets/iqa/QualiSR-Set120/hr/voc_emotic_ava___EMOTIC__COCO_train2014_000000247190.png,../../../mnt/ssd2/29o_rya/datasets/iqa/QualiSR-Set120/lr/voc_emotic_ava___EMOTIC__COCO_train2014_000000247190.png,train,20.537415,95.55797,-5.1299615,-0.24008083,-38.46926,190.26093,-36.87109,10.761154,22.148111,4.423292,-30.871675,-7.383333,10.398675,5.5649633,-10.436325,4.9286194,-4.700247,0.83811986,3.3509817,6.2189026,10.225202,3.375423,-2.704391,-10.675733,2.5826268
QualiSR-Set120/PASD/voc_emotic_ava___EMOTIC__COCO_val2014_000000020598.npy.gz,PASD,voc_emotic_ava___EMOTIC__COCO_val2014_000000020598.png,../../../mnt/ssd2/29o_rya/datasets/iqa/QualiSR-Set120/sr/PASD/voc_emotic_ava___EMOTIC__COCO_val2014_000000020598.png,QualiSR-Set120,voc_emotic_ava___EMOTIC__COCO_val2014_000000020598,PASD/voc_emotic_ava___EMOTIC__COCO_val2014_000000020598.png,../../../mnt/ssd2/29o_rya/datasets/iqa/QualiSR-Set120/hr/voc_emotic_ava___EMOTIC__COCO_val2014_000000020598.png,../../../mnt/ssd2/29o_rya/datasets/iqa/QualiSR-Set120/lr/voc_emotic_ava___EMOTIC__COCO_val2014_000000020598.png,train,-8.1279335,0.997653,-11.78093,-21.674095,5.867922,33.01732,-26.19917,-12.450656,11.569153,-13.413595,153.16931,32.967545,-93.60377,6.306407,21.098352,3.688931,14.392642,-9.95752,-2.9173632,1.271375,-3.4423103,4.332491,5.702695,1.2173144,-0.09974718
QualiSR-Set120/RealESRGAN/voc_emotic_ava___EMOTIC__COCO_val2014_000000020598.npy.gz,RealESRGAN,voc_emotic_ava___EMOTIC__COCO_val2014_000000020598.png,../../../mnt/ssd2/29o_rya/datasets/iqa/QualiSR-Set120/sr/RealESRGAN/voc_emotic_ava___EMOTIC__COCO_val2014_000000020598.png,QualiSR-Set120,voc_emotic_ava___EMOTIC__COCO_val2014_000000020598,RealESRGAN/voc_emotic_ava___EMOTIC__COCO_val2014_000000020598.png,../../../mnt/ssd2/29o_rya/datasets/iqa/QualiSR-Set120/hr/voc_emotic_ava___EMOTIC__COCO_val2014_000000020598.png,../../../mnt/ssd2/29o_rya/datasets/iqa/QualiSR-Set120/lr/voc_emotic_ava___EMOTIC__COCO_val2014_000000020598.png,train,-12.4483795,-1.0488529,-11.373889,-15.6002445,4.360444,26.048923,-20.808678,-11.882077,11.432377,-13.68928,140.57149,30.651163,-85.8638,7.83165,19.698002,5.3107557,14.859824,-7.765522,-3.7387748,2.5860088,-4.0637794,3.8140588,1.4139993,1.2303029,-0.6626859
QualiSR-Set120/SUPIR/voc_emotic_ava___EMOTIC__COCO_val2014_000000020598.npy.gz,SUPIR,voc_emotic_ava___EMOTIC__COCO_val2014_000000020598.png,../../../mnt/ssd2/29o_rya/datasets/iqa/QualiSR-Set120/sr/SUPIR/voc_emotic_ava___EMOTIC__COCO_val2014_000000020598.png,QualiSR-Set120,voc_emotic_ava___EMOTIC__COCO_val2014_000000020598,SUPIR/voc_emotic_ava___EMOTIC__COCO_val2014_000000020598.png,../../../mnt/ssd2/29o_rya/datasets/iqa/QualiSR-Set120/hr/voc_emotic_ava___EMOTIC__COCO_val2014_000000020598.png,../../../mnt/ssd2/29o_rya/datasets/iqa/QualiSR-Set120/lr/voc_emotic_ava___EMOTIC__COCO_val2014_000000020598.png,train,-11.309741,2.6059895,-12.873632,-13.364873,2.7219563,32.35175,-24.488213,-12.631452,9.614162,-13.763959,146.30093,33.49299,-88.089745,-0.43586397,21.061058,5.2385674,11.882258,-7.745088,-1.0551815,1.7109025,-3.0213356,3.032012,4.0519466,1.9828726,1.3761326
QualiSR-Set120/PASD/voc_emotic_ava___JPEGImages__2008_003883.npy.gz,PASD,voc_emotic_ava___JPEGImages__2008_003883.png,../../../mnt/ssd2/29o_rya/datasets/iqa/QualiSR-Set120/sr/PASD/voc_emotic_ava___JPEGImages__2008_003883.png,QualiSR-Set120,voc_emotic_ava___JPEGImages__2008_003883,PASD/voc_emotic_ava___JPEGImages__2008_003883.png,../../../mnt/ssd2/29o_rya/datasets/iqa/QualiSR-Set120/hr/voc_emotic_ava___JPEGImages__2008_003883.png,../../../mnt/ssd2/29o_rya/datasets/iqa/QualiSR-Set120/lr/voc_emotic_ava___JPEGImages__2008_003883.png,test,4.226041,-6.822445,-1.5586953,-5.0898705,-4.0252137,-4.5631166,-12.07517,-6.982109,0.18519783,6.325824,-1.5417514,-1.1696091,2.8134847,-10.701936,6.3383203,-5.799297,-0.29738808,0.7733396,0.60409737,2.2952654,-1.194108,-5.2670174,-0.30126476,-2.7995782,1.4184315
QualiSR-Set120/RealESRGAN/voc_emotic_ava___JPEGImages__2008_003883.npy.gz,RealESRGAN,voc_emotic_ava___JPEGImages__2008_003883.png,../../../mnt/ssd2/29o_rya/datasets/iqa/QualiSR-Set120/sr/RealESRGAN/voc_emotic_ava___JPEGImages__2008_003883.png,QualiSR-Set120,voc_emotic_ava___JPEGImages__2008_003883,RealESRGAN/voc_emotic_ava___JPEGImages__2008_003883.png,../../../mnt/ssd2/29o_rya/datasets/iqa/QualiSR-Set120/hr/voc_emotic_ava___JPEGImages__2008_003883.png,../../../mnt/ssd2/29o_rya/datasets/iqa/QualiSR-Set120/lr/voc_emotic_ava___JPEGImages__2008_003883.png,test,6.7598906,-6.578277,-4.647542,-5.4772863,-4.7353215,-4.8361893,-8.498046,-2.2662492,-2.1499677,0.4102726,-2.0075192,-1.1997674,4.23979,-7.0238786,3.3588035,-1.3748231,-1.7355828,-1.3474374,-2.765853,1.0272415,-2.937765,-0.5237969,-1.5171466,-0.8449303,-0.6219361
QualiSR-Set120/SUPIR/voc_emotic_ava___JPEGImages__2008_003883.npy.gz,SUPIR,voc_emotic_ava___JPEGImages__2008_003883.png,../../../mnt/ssd2/29o_rya/datasets/iqa/QualiSR-Set120/sr/SUPIR/voc_emotic_ava___JPEGImages__2008_003883.png,QualiSR-Set120,voc_emotic_ava___JPEGImages__2008_003883,SUPIR/voc_emotic_ava___JPEGImages__2008_003883.png,../../../mnt/ssd2/29o_rya/datasets/iqa/QualiSR-Set120/hr/voc_emotic_ava___JPEGImages__2008_003883.png,../../../mnt/ssd2/29o_rya/datasets/iqa/QualiSR-Set120/lr/voc_emotic_ava___JPEGImages__2008_003883.png,test,2.08284,-0.81457233,-3.3379593,-3.1750414,-6.599476,-4.813038,-9.656166,-6.6508713,0.4727173,1.854084,-1.8027902,1.195446,1.9313879,-8.277903,4.940508,-1.0743284,-0.60861444,-3.7214131,0.055138588,1.8017733,-1.3491888,-2.8194356,-1.4674147,-0.21631014,1.3546388
QualiSR-Set120/PASD/voc_emotic_ava___VOC2012__2010_004399.npy.gz,PASD,voc_emotic_ava___VOC2012__2010_004399.png,../../../mnt/ssd2/29o_rya/datasets/iqa/QualiSR-Set120/sr/PASD/voc_emotic_ava___VOC2012__2010_004399.png,QualiSR-Set120,voc_emotic_ava___VOC2012__2010_004399,PASD/voc_emotic_ava___VOC2012__2010_004399.png,../../../mnt/ssd2/29o_rya/datasets/iqa/QualiSR-Set120/hr/voc_emotic_ava___VOC2012__2010_004399.png,../../../mnt/ssd2/29o_rya/datasets/iqa/QualiSR-Set120/lr/voc_emotic_ava___VOC2012__2010_004399.png,train,-5.606699,29.564322,17.475903,-4.231245,-14.2765465,16.72916,139.509,-81.37274,-2.3008623,0.45703983,3.75739,32.91043,5.4747553,-36.278805,-8.358332,3.683826,-7.019811,-10.798771,-1.4126654,5.637805,-2.219751,-2.2466645,1.3186467,0.31958663,4.4609327
QualiSR-Set120/RealESRGAN/voc_emotic_ava___VOC2012__2010_004399.npy.gz,RealESRGAN,voc_emotic_ava___VOC2012__2010_004399.png,../../../mnt/ssd2/29o_rya/datasets/iqa/QualiSR-Set120/sr/RealESRGAN/voc_emotic_ava___VOC2012__2010_004399.png,QualiSR-Set120,voc_emotic_ava___VOC2012__2010_004399,RealESRGAN/voc_emotic_ava___VOC2012__2010_004399.png,../../../mnt/ssd2/29o_rya/datasets/iqa/QualiSR-Set120/hr/voc_emotic_ava___VOC2012__2010_004399.png,../../../mnt/ssd2/29o_rya/datasets/iqa/QualiSR-Set120/lr/voc_emotic_ava___VOC2012__2010_004399.png,train,-1.7160301,40.597473,16.807293,-0.7332268,-13.756164,21.720648,172.36356,-96.29628,3.3254023,4.814069,6.5745363,33.142426,8.333409,-37.798687,-9.133709,2.7559226,-3.439097,-6.427951,-1.101161,4.870981,-1.0021863,1.6135538,7.142132,3.4273286,-3.034411
QualiSR-Set120/SUPIR/voc_emotic_ava___VOC2012__2010_004399.npy.gz,SUPIR,voc_emotic_ava___VOC2012__2010_004399.png,../../../mnt/ssd2/29o_rya/datasets/iqa/QualiSR-Set120/sr/SUPIR/voc_emotic_ava___VOC2012__2010_004399.png,QualiSR-Set120,voc_emotic_ava___VOC2012__2010_004399,SUPIR/voc_emotic_ava___VOC2012__2010_004399.png,../../../mnt/ssd2/29o_rya/datasets/iqa/QualiSR-Set120/hr/voc_emotic_ava___VOC2012__2010_004399.png,../../../mnt/ssd2/29o_rya/datasets/iqa/QualiSR-Set120/lr/voc_emotic_ava___VOC2012__2010_004399.png,train,-7.305412,37.78543,19.28757,-4.559694,-15.38229,20.054913,150.09827,-82.97676,-0.75321436,1.7378159,1.4406424,31.83807,8.623727,-35.86135,-6.460834,2.5235343,-2.6598134,-9.259818,-3.958365,6.293663,-3.2715728,-2.225161,3.655999,0.24426222,3.8008592
QualiSR-Set120/PASD/voc_emotic_ava___VOC2012__2012_004043.npy.gz,PASD,voc_emotic_ava___VOC2012__2012_004043.png,../../../mnt/ssd2/29o_rya/datasets/iqa/QualiSR-Set120/sr/PASD/voc_emotic_ava___VOC2012__2012_004043.png,QualiSR-Set120,voc_emotic_ava___VOC2012__2012_004043,PASD/voc_emotic_ava___VOC2012__2012_004043.png,../../../mnt/ssd2/29o_rya/datasets/iqa/QualiSR-Set120/hr/voc_emotic_ava___VOC2012__2012_004043.png,../../../mnt/ssd2/29o_rya/datasets/iqa/QualiSR-Set120/lr/voc_emotic_ava___VOC2012__2012_004043.png,train,23.42413,219.22884,37.360573,14.290003,24.060932,-84.07315,-14.598604,16.841057,-17.47879,-10.921434,3.9923763,-2.5406468,-2.605056,14.12856,-6.5216365,3.7274618,8.501809,-5.585537,3.717084,-1.2364945,3.2645283,2.0656562,-0.030646563,-4.880993,2.8912861
QualiSR-Set120/RealESRGAN/voc_emotic_ava___VOC2012__2012_004043.npy.gz,RealESRGAN,voc_emotic_ava___VOC2012__2012_004043.png,../../../mnt/ssd2/29o_rya/datasets/iqa/QualiSR-Set120/sr/RealESRGAN/voc_emotic_ava___VOC2012__2012_004043.png,QualiSR-Set120,voc_emotic_ava___VOC2012__2012_004043,RealESRGAN/voc_emotic_ava___VOC2012__2012_004043.png,../../../mnt/ssd2/29o_rya/datasets/iqa/QualiSR-Set120/hr/voc_emotic_ava___VOC2012__2012_004043.png,../../../mnt/ssd2/29o_rya/datasets/iqa/QualiSR-Set120/lr/voc_emotic_ava___VOC2012__2012_004043.png,train,16.481262,181.407,28.531334,11.375385,25.064419,-71.47338,-14.06211,12.599589,-12.363272,-8.991718,4.696707,-4.303296,-3.8828983,11.568558,-5.1338124,5.1210203,9.796855,-4.716819,1.250844,0.5597615,2.412959,3.3181858,2.7713048,-5.344311,2.3932972
QualiSR-Set120/SUPIR/voc_emotic_ava___VOC2012__2012_004043.npy.gz,SUPIR,voc_emotic_ava___VOC2012__2012_004043.png,../../../mnt/ssd2/29o_rya/datasets/iqa/QualiSR-Set120/sr/SUPIR/voc_emotic_ava___VOC2012__2012_004043.png,QualiSR-Set120,voc_emotic_ava___VOC2012__2012_004043,SUPIR/voc_emotic_ava___VOC2012__2012_004043.png,../../../mnt/ssd2/29o_rya/datasets/iqa/QualiSR-Set120/hr/voc_emotic_ava___VOC2012__2012_004043.png,../../../mnt/ssd2/29o_rya/datasets/iqa/QualiSR-Set120/lr/voc_emotic_ava___VOC2012__2012_004043.png,train,23.980385,218.05676,35.91504,14.207743,19.600582,-86.695854,-16.937162,15.109521,-17.963703,-9.422277,6.0148,0.1763792,-3.3213358,14.6272135,-4.379801,1.1469734,6.301512,-5.2558026,4.0942717,-0.39181268,0.14560175,-0.2307595,2.1663425,-4.258042,1.6679714
