name,scores,max,median,std,area00,musiq,arniqa,unique,paq2piq,psnr_RLFN,ssim_RLFN,lpips-vgg_RLFN,stlpips-vgg_RLFN,pieapp_RLFN,ahiq_RLFN,vgg_pca_000,vgg_pca_001,vgg_pca_002,vgg_pca_003,vgg_pca_004,resnet_pca_000,resnet_pca_001,resnet_pca_002,resnet_pca_003,resnet_pca_004
PASD/1024x768___4962875195.npy.gz,0.8175324675324676,0.28292608,0.12469697,0.05770692,0.95367431640625,76.25045013427734,0.6990156173706055,1.4767701625823977,71.4974136352539,25.632932662963867,0.7400796833834462,0.3971827328205108,0.4110010266304016,0.4924788177013397,0.3471120297908783,-11.110535,-9.7024765,-4.1050735,13.1213455,1.5564444,-0.7182519,-1.2501152,1.7464001,0.086980045,1.2168548
PASD/ava_images___101816.npy.gz,0.7822916666666667,0.28425282,0.17796078,0.07892266,0.8465011286681715,77.31690216064453,0.7928722500801086,1.85592520236969,78.60379791259766,19.10248565673828,0.5021292227441024,0.4863942563533783,0.5284298062324524,1.1939325332641602,0.3891725540161133,24.296497,16.982658,23.90483,-10.463533,-8.020992,0.29268938,-3.0735917,-0.5693238,1.3442836,0.47816437
PASD/ava_images___158174.npy.gz,0.7708333333333333,0.23465922,0.04781753,0.06658637,0.87890625,76.49544525146484,0.7586856484413147,1.7822109460830688,75.95238494873047,27.253665924072266,0.9063777954962232,0.1813572645187378,0.1771282702684402,0.637999951839447,0.5660175681114197,16.770115,-33.289772,-29.907946,4.3975306,-7.566491,-2.1886013,0.7808089,0.9538556,-4.4282084,0.58263373
PASD/ava_images___18037.npy.gz,0.7009803921568627,0.21394041,0.054802,0.047401104,0.87890625,55.30467224121094,0.5737115740776062,0.8012322783470154,73.5882568359375,29.85508155822754,0.9068322037979774,0.2691041827201843,0.2420146614313125,0.7543259263038635,0.4253503978252411,-31.362473,18.990433,10.993283,-5.0944943,-1.2509551,7.168055,2.9585116,-3.242285,0.5091565,4.4016414
PASD/ava_images___217590.npy.gz,0.6487804878048781,0.18668926,0.040970743,0.04068433,0.9263833992094862,58.09449005126953,0.6767067909240723,1.0393414497375488,71.93994140625,37.87181854248047,0.9557782886341069,0.2830566167831421,0.1204234808683395,1.050178050994873,0.4751737713813782,-33.811172,19.301355,15.21039,-6.3003836,0.12129915,3.752449,-0.021265268,-1.4144776,1.6185057,1.4732922
PASD/ava_images___251530.npy.gz,0.5836734693877551,0.27305305,0.21520853,0.07626767,0.8782201405152225,57.72758483886719,0.6570693254470825,1.0622482299804688,70.97029876708984,19.74260711669922,0.4478986753699605,0.5790329575538635,0.4848003685474396,0.7235764861106873,0.1660498231649398,-31.064547,14.02917,15.487947,-2.429284,1.3595796,6.4940586,2.2384727,0.002374649,4.1548853,-5.9036098
PASD/ava_images___253900.npy.gz,0.523469387755102,0.28866488,0.11880934,0.07138754,0.9174792911817132,59.70871353149414,0.6667670607566833,0.8499571084976196,71.95194244384766,25.90140151977539,0.7650323841795046,0.3557379841804504,0.2848317921161651,0.5355178117752075,0.3251679539680481,-19.361225,-5.9324856,11.954563,-0.66954696,15.837221,2.419891,2.6776564,4.4110456,-2.3141541,0.9108311
PASD/ava_images___273810.npy.gz,0.6196078431372549,0.20144063,0.04998687,0.052757278,1.0,57.5544319152832,0.7175729274749756,1.5947182178497314,71.06983184814453,32.58816146850586,0.939732787072036,0.2013995945453643,0.1336009204387664,1.4900010824203491,0.4784055650234222,10.738934,-2.5518436,-26.481588,10.466843,2.3170164,-2.2588973,-1.754278,-1.0933814,-2.4590445,0.3539341
PASD/ava_images___295451.npy.gz,0.5561224489795918,0.23827308,0.079140365,0.07127414,0.8782201405152225,59.47517013549805,0.6234977841377258,0.5567920804023743,69.51280212402344,22.25279235839844,0.7633741792150388,0.3788075745105743,0.2603581249713897,1.2880425453186035,0.3368537127971649,-10.900774,0.22636223,-5.3147974,5.335369,5.936323,-1.5782573,-0.5816071,-0.117351174,-1.9796535,-0.3103413
PASD/ava_images___308473.npy.gz,0.4648936170212766,0.24493375,0.13122669,0.07013452,0.8782201405152225,58.99155426025391,0.6504002809524536,0.0868926346302032,65.8855209350586,25.683082580566406,0.7935739886294558,0.3683567941188812,0.2200703024864196,0.4304839968681335,0.2942132651805877,-13.969396,-7.111473,8.407239,13.444868,11.08001,-0.4412422,2.4565513,5.903595,-1.2054547,0.5698865
PASD/ava_images___321917.npy.gz,0.6438775510204081,0.35060465,0.24875087,0.10326521,0.8680555555555556,66.34660339355469,0.6830517053604126,1.4184072017669678,68.66854095458984,18.988656997680664,0.500561178755787,0.5042591691017151,0.5323234796524048,0.7816042900085449,0.3217225670814514,-18.175247,-3.7140446,25.050446,-20.112856,12.670897,1.8726472,-0.7366965,0.10798615,1.0385152,-2.494464
PASD/ava_images___360165.npy.gz,0.7673469387755102,0.26505458,0.14098969,0.06813574,0.8802816901408451,75.81912994384766,0.7110121846199036,1.3315224647521973,76.0593490600586,21.0526123046875,0.7035026340263161,0.3654625415802002,0.3942671120166778,0.1107427105307579,0.3509855568408966,20.160645,-35.289036,-19.176554,10.660419,18.339954,-0.3621121,-2.9528024,-0.45228827,0.37552008,0.87055063
PASD/ava_images___426629.npy.gz,0.7118421052631578,0.30787396,0.18780273,0.089679964,0.9014423076923076,66.84728240966797,0.6641116738319397,0.7696259617805481,71.8266372680664,22.138185501098636,0.655135092202425,0.4466435313224792,0.4479341506958008,0.6925830245018005,0.3302698135375976,-27.934505,12.446086,10.860801,-2.6420612,-2.1808875,4.696536,3.4222867,0.31453556,2.533997,-2.1507568
PASD/ava_images___436880.npy.gz,0.5349999999999999,0.25943416,0.1729579,0.06082963,0.9191176470588236,66.92498779296875,0.6788766980171204,1.6573388576507568,71.14110565185547,19.945541381835938,0.592121124061284,0.435588002204895,0.4654756188392639,0.8868391513824463,0.2005168497562408,-4.292183,-13.556194,11.199366,26.618269,0.11606854,-0.73462296,0.15774512,5.014271,-0.008612931,-1.1369503
PASD/ava_images___46021.npy.gz,0.6941176470588235,0.12248886,0.042944252,0.027139409,0.893802966101695,54.02836608886719,0.6515582203865051,0.7353034019470215,73.48613739013672,25.834815979003903,0.9117217778921094,0.2247774600982666,0.0796896293759346,1.596174240112305,0.442760556936264,-14.477591,4.7499943,-7.2380667,-4.275097,5.1710587,-1.2982328,0.010219336,-0.83922184,-1.5904769,-0.89177996
PASD/ava_images___472713.npy.gz,0.820754716981132,0.27720028,0.16597518,0.078292444,0.8881578947368421,77.88391876220703,0.7767831683158875,1.186169981956482,77.88094329833984,22.83045959472656,0.6444413856573414,0.4488548338413238,0.4422992467880249,1.433959722518921,0.2473769634962082,24.824104,-27.462975,-27.67425,2.0996048,5.931117,-2.3398488,-1.5966388,-0.42172226,-1.4318606,0.36280447
PASD/ava_images___501777.npy.gz,0.51,0.2910552,0.13102895,0.06749272,0.92738309352518,58.22923278808594,0.6861154437065125,-0.2056618779897689,69.04998016357422,24.773719787597656,0.7546887816071748,0.438159167766571,0.3956562876701355,1.1975663900375366,0.31412273645401,-10.241255,-3.5255508,3.9813495,11.041782,-3.394615,-1.9744011,2.6369903,2.9688563,-2.10715,-1.1390173
PASD/ava_images___564572.npy.gz,0.8,0.2661925,0.09596121,0.07071223,0.9283371913580248,76.40789794921875,0.7447443604469299,1.6251932382583618,79.0549087524414,23.86630630493164,0.8170370275553361,0.2962290644645691,0.2494497597217559,0.0145444711670279,0.329686164855957,-10.386515,0.22032547,-31.246553,-32.202423,-16.346556,0.11329426,-2.3084407,-2.3958423,-1.184719,-2.1456416
PASD/ava_images___588008.npy.gz,0.5333333333333333,0.13732481,0.013547838,0.03616034,0.8567232375979112,57.22611618041992,0.6008819937705994,1.1198650598526,72.88768768310547,32.501712799072266,0.9655186647589536,0.248948186635971,0.1710282415151596,0.4707746803760528,0.5298952460289001,-32.407032,19.140726,5.157675,-6.6776447,1.1315753,6.3849716,2.386356,-3.813796,-0.73349094,6.940423
PASD/ava_images___645845.npy.gz,0.6717391304347826,0.28043002,0.12355468,0.0796745,0.8471385542168675,70.40662384033203,0.7653688192367554,1.2321445941925049,76.40364074707031,24.768871307373047,0.7852412428356316,0.2990509569644928,0.2195448875427246,0.9831606149673462,0.4347967207431793,15.234669,-13.3895855,20.366339,-11.135513,-15.933793,1.3574603,-1.633431,0.41139644,2.1547956,0.9239398
PASD/ava_images___699615.npy.gz,0.7875,0.20974636,0.07648143,0.06687794,0.8735150244584207,74.34130859375,0.7805764675140381,1.658944010734558,74.64369201660156,25.597192764282227,0.8523119768899033,0.2310628294944763,0.166111335158348,0.6988521814346313,0.4613431990146637,3.7077866,-15.535538,-17.096592,-10.362894,6.106372,-0.8629446,-1.2208863,-1.7013149,-1.2586688,-2.1663404
PASD/ava_images___710191.npy.gz,0.846938775510204,0.28201288,0.056223184,0.091224976,0.860969387755102,70.0154800415039,0.7615224123001099,1.3742125034332275,73.93107604980469,29.730934143066406,0.8943363718109151,0.2425923943519592,0.1443103998899459,0.5033645629882812,0.4133044183254242,4.527836,-4.966215,-29.017458,6.2053065,-5.330661,-2.5822785,1.0466435,-0.19624037,-2.4298887,-0.76796526
PASD/ava_images___737450.npy.gz,0.7969387755102041,0.19204602,0.05347663,0.05381328,0.8823529411764706,72.08201599121094,0.6816601753234863,1.4348453283309937,80.71553802490234,24.54588890075684,0.8014502131743294,0.2737722396850586,0.2326684594154358,1.8497980833053589,0.3473577797412872,7.9749107,-1.8885918,-38.834972,-10.08411,-7.490203,-0.5254506,-3.2000208,-0.99474096,0.40450755,0.6091204
PASD/ava_images___74410.npy.gz,0.6978260869565218,0.30490595,0.22516882,0.08382596,0.860969387755102,66.49565124511719,0.6673634648323059,1.7629128694534302,78.44979858398438,22.878210067749023,0.513750635042353,0.5195251703262329,0.5643013715744019,1.3428959846496582,0.3558877408504486,-18.903374,3.6574411,0.74643695,-4.6396465,0.027948976,1.4174039,0.53091097,-0.74823135,-1.3991176,-2.0395856
PASD/ava_images___751927.npy.gz,0.826,0.25577408,0.045502007,0.062603146,0.925124951941561,70.64319610595703,0.6998867392539978,1.174411416053772,76.02941131591797,28.79361915588379,0.8845829867807583,0.2485794126987457,0.1423396170139312,1.0588998794555664,0.3691801726818084,30.65165,17.365292,-5.1192493,-19.137259,7.32777,-0.35413343,-2.937856,-0.7968519,0.42444226,0.34199482
PASD/ava_images___773899.npy.gz,0.5316326530612245,0.23097187,0.0668838,0.07185997,0.8782201405152225,57.91290283203125,0.6329194903373718,0.4697981476783752,68.8636245727539,26.329177856445312,0.8364528689521541,0.3287535011768341,0.2033542990684509,1.1820086240768433,0.3578496873378753,-7.2864113,-12.441158,2.6083105,7.75699,13.623918,-1.0541601,0.99861455,2.5035646,-2.5382185,-1.6893797
PASD/ava_images___827653.npy.gz,0.529245283018868,0.297477,0.15025786,0.06915474,0.8761682242990654,64.74593353271484,0.6764237880706787,1.3601441383361816,76.67391204833984,21.685401916503903,0.6080799908432141,0.4111709296703338,0.4167871475219726,1.323930025100708,0.2023098021745681,7.304573,-35.612022,-20.262604,-12.944265,-1.6475782,0.08343863,2.5156677,1.7949994,-5.422124,-0.23411423
PASD/ava_images___842206.npy.gz,0.8352272727272727,0.28192413,0.15999527,0.06360524,1.0,77.61249542236328,0.7441076636314392,1.3359025716781616,77.41241455078125,25.72635269165039,0.7561933677853201,0.4470846951007843,0.3836976289749145,1.2450133562088013,0.3183295428752899,2.4259624,22.034033,-21.136395,24.409174,-5.5962095,-4.543437,1.9904912,-0.7012336,4.4884286,1.6484971
PASD/ava_images___846773.npy.gz,0.8423076923076923,0.29857102,0.15511753,0.05990436,1.0,68.97177124023438,0.6531275510787964,1.4836792945861816,73.23184967041016,24.133413314819336,0.7432393892884191,0.3730039894580841,0.2795902788639068,0.9737567901611328,0.3558347821235657,-7.3456306,19.722063,-24.723822,13.382135,2.1463852,-4.169516,4.3256207,-2.6276088,3.7965255,-2.1830854
PASD/ava_images___857447.npy.gz,0.8808510638297872,0.3459376,0.19418234,0.08769193,1.0,71.80631256103516,0.6711936593055725,0.9888285398483276,71.41573333740234,23.109224319458008,0.6403975829324805,0.425559788942337,0.3657049536705017,0.9913062453269958,0.3035043776035309,12.926815,25.077696,-20.202251,21.090996,4.8837986,-4.4379454,2.5256836,-0.55930346,2.997818,0.47379664
PASD/ava_images___864250.npy.gz,0.6323529411764706,0.2804755,0.16719574,0.061614845,0.9615384615384616,78.72017669677734,0.7679874897003174,1.587293028831482,78.53792572021484,20.32836532592773,0.6834262145486464,0.3979246616363525,0.3539154231548309,0.8645235300064087,0.2356565445661544,14.784649,-6.25729,-19.689245,-5.622517,-3.7681386,-3.7298255,1.4523757,-0.29565233,0.5888203,0.15892833
PASD/ava_images___865616.npy.gz,0.739423076923077,0.26744974,0.14716578,0.073536165,0.9254429506486512,77.20670318603516,0.7917409539222717,1.9142320156097408,78.17208099365234,20.498559951782227,0.6302606593937408,0.3981250822544098,0.3933139443397522,0.3372901082038879,0.3725822865962982,5.8514023,-35.66946,10.644064,29.541265,-1.7930038,-0.51541114,-0.43779135,3.9168987,1.9841719,0.92980033
PASD/ava_images___953752.npy.gz,0.8595744680851064,0.2926263,0.15926361,0.08146857,0.9774436090225564,76.45404815673828,0.7421992421150208,0.6699038743972778,78.36278533935547,21.12433624267578,0.6116616504312359,0.4125238955020904,0.4020208120346069,1.0363703966140747,0.2938350737094879,31.661404,-85.959595,71.052444,-5.105136,24.775856,0.47162992,-2.5667,0.6350381,0.69061816,0.66030127
PASD/blur_dataset___out_of_focus0685.npy.gz,0.7602272727272728,0.23432523,0.10174197,0.06724647,0.8844339622641509,65.53173065185547,0.7200403809547424,1.302631974220276,73.10462188720703,27.175493240356445,0.8276838044178683,0.3412067294120788,0.2156156748533249,0.8568156361579895,0.4532960951328277,-9.7462845,-5.134466,0.39779267,0.055327773,12.860276,-1.6957898,-0.67211246,0.89589673,-2.3851333,-0.59222656
PASD/voc_emotic_ava___EMOTIC__COCO_train2014_000000244530.npy.gz,0.5827272727272728,0.26936284,0.1493251,0.06833698,0.87890625,76.65607452392578,0.7681280374526978,1.6201844215393066,78.71161651611328,25.916961669921875,0.7698958151166665,0.4403672814369201,0.419531762599945,0.6525646448135376,0.5014061331748962,-5.8698444,-10.568102,-2.65701,28.507587,-6.1783533,-3.1970172,2.8320215,5.2092943,0.27698326,1.38919
PASD/voc_emotic_ava___EMOTIC__COCO_train2014_000000247190.npy.gz,0.846938775510204,0.29581273,0.18077031,0.08525179,0.8782201405152225,76.59748077392578,0.8027728796005249,1.7729086875915527,79.60364532470703,22.303237915039062,0.5880143716329472,0.4370280504226684,0.472806304693222,1.169400334358215,0.3579384982585907,46.022137,-1.1100845,19.990639,10.955704,-17.386986,-0.15184373,-2.6844919,0.25362736,1.6522073,0.6500299
PASD/voc_emotic_ava___EMOTIC__COCO_val2014_000000020598.npy.gz,0.65,0.2530347,0.16899341,0.06929753,0.8844339622641509,77.91959381103516,0.786174476146698,2.037290573120117,80.6156234741211,21.381214141845703,0.6398109429620004,0.3966128528118133,0.464076817035675,0.8271162509918213,0.2953468561172485,1.3797913,-8.685259,-14.577803,42.787537,-28.552532,-3.5576527,1.8800828,2.8817015,1.4054937,0.7339941
PASD/voc_emotic_ava___JPEGImages__2008_003883.npy.gz,0.2965753424657534,0.2528873,0.1706618,0.0635669,0.9333333333333332,65.37828826904297,0.7153621912002563,2.0088934898376465,75.40950775146484,24.048641204833984,0.672195316941682,0.4489084482192993,0.3624219298362732,1.0170814990997314,0.4106897413730621,-2.323759,-19.476269,8.057375,17.856426,-0.3207841,-2.6892138,1.1552699,4.528102,-0.04986918,1.3323596
PASD/voc_emotic_ava___VOC2012__2010_004399.npy.gz,0.6091836734693878,0.24103749,0.12873167,0.055716015,0.9333333333333332,63.34471130371094,0.7209004163742065,0.740612804889679,69.12938690185547,27.19013023376465,0.848342527928655,0.3376672863960266,0.206308051943779,1.918813109397888,0.3251746892929077,54.463505,23.870033,3.7733757,4.870121,13.443881,-0.6960188,-2.737473,-0.6285298,1.3514502,0.976342
PASD/voc_emotic_ava___VOC2012__2012_004043.npy.gz,0.7836538461538461,0.24557495,0.15607217,0.057523597,0.933609958506224,77.1390609741211,0.8294246196746826,1.967909932136536,80.95510864257812,22.681957244873047,0.678707068068183,0.3614941835403442,0.3578591048717499,0.7161998748779297,0.4061920344829559,58.45492,-14.360054,22.757923,18.22168,-53.35326,-0.28894114,-0.7858281,2.5583699,2.4849005,-0.7459939
RealESRGAN/1024x768___4962875195.npy.gz,0.4974358974358974,0.24336231,0.08834529,0.051031675,0.9409586588541666,69.34612274169922,0.6926978230476379,1.2646324634552002,72.36083984375,30.05726623535156,0.919824788696778,0.2420824021100998,0.1428675800561905,0.6047284603118896,0.4945544302463531,-10.043722,-11.857494,-4.686551,12.754244,1.5938866,-0.77082604,-0.9296987,1.7238984,-0.26301593,1.4159517
RealESRGAN/ava_images___101816.npy.gz,0.2142857142857142,0.2740149,0.13691121,0.063271634,0.8445945945945946,64.6696548461914,0.7194472551345825,1.3591872453689575,76.62329864501953,21.750682830810547,0.6933433061052257,0.3932404518127441,0.3279753029346466,0.4823976457118988,0.3787055611610412,-12.252081,14.75115,11.834754,-3.0501146,-1.9293616,1.1919369,-2.530323,-0.4834741,1.4505136,-0.47327572
RealESRGAN/ava_images___158174.npy.gz,0.5408163265306122,0.24421585,0.0586738,0.056130018,0.7486979166666666,74.85389709472656,0.6987364888191223,1.528361678123474,75.27851867675781,28.882068634033203,0.946311950532116,0.1491348594427108,0.0994588136672973,0.3936196565628052,0.5920551419258118,18.058083,-38.403385,-30.094597,4.9365788,-11.401163,-2.6114469,1.3931549,1.2176447,-4.486024,0.32899672
RealESRGAN/ava_images___18037.npy.gz,0.485,0.17778188,0.0550313,0.038598396,0.87890625,50.72285842895508,0.5963743329048157,1.0853140354156494,73.01343536376953,31.45829963684082,0.9457444031165804,0.2352578341960907,0.149524986743927,0.4336508512496948,0.5653974413871765,-30.876032,18.333094,9.392913,-5.159282,-1.6443841,7.851717,3.5629447,-3.4626896,0.30910322,5.311855
RealESRGAN/ava_images___217590.npy.gz,0.4390243902439025,0.13492209,0.029266953,0.030749375,0.9300595238095238,57.93258666992188,0.6745308041572571,0.9765020608901978,73.6007080078125,35.332481384277344,0.9638135994650624,0.2447444796562194,0.1060532629489898,0.7697456479072571,0.5164870619773865,-33.69548,18.791508,16.225739,-6.9471955,-0.91909933,3.9754164,0.39197755,-1.5862298,1.332421,1.412962
RealESRGAN/ava_images___251530.npy.gz,0.246938775510204,0.27101672,0.19726211,0.07207977,0.8761682242990654,48.40248107910156,0.528569757938385,0.4660998880863189,68.35846710205078,20.26340103149414,0.5371876066866493,0.5029235482215881,0.392576664686203,0.070354126393795,0.2792536914348602,-31.497406,15.696394,8.280815,-2.247166,1.0910558,6.2436547,3.1151855,-0.42025062,3.147798,-4.3732324
RealESRGAN/ava_images___253900.npy.gz,0.29375,0.20092368,0.08301559,0.048343457,0.9181356837606838,46.47599411010742,0.6366603970527649,0.121610090136528,68.92804718017578,28.57682037353516,0.8889698114058667,0.2249277234077453,0.1157765537500381,0.2188224345445633,0.3824466168880462,-18.920773,-6.7074356,8.826776,-1.472111,11.929251,2.3134584,4.5395174,4.043979,-3.6537428,1.5849979
RealESRGAN/ava_images___273810.npy.gz,0.3769230769230769,0.18499827,0.054514945,0.046485648,0.8835565476190477,57.111419677734375,0.7149615287780762,1.552562236785889,75.02339172363281,31.32036590576172,0.9541197138031764,0.1689991652965545,0.1178938150405883,0.6185849905014038,0.5213231444358826,10.12125,-4.605833,-27.550758,4.4062014,-4.9318447,-2.4963949,-1.0707161,-1.3148698,-3.092556,-0.044557452
RealESRGAN/ava_images___295451.npy.gz,0.2948979591836734,0.21199775,0.07451075,0.053417828,0.8761682242990654,48.19565582275391,0.6265466809272766,0.2457147538661956,64.31253814697266,26.24542617797852,0.8952323321881609,0.2282610833644867,0.1058749184012413,-0.2040530145168304,0.4196735322475433,-13.50304,-0.5719261,-4.7684617,2.78373,4.9954996,-2.2461567,0.98057914,-0.052940845,-3.2823677,-0.4467792
RealESRGAN/ava_images___308473.npy.gz,0.2776595744680851,0.19488665,0.08394122,0.05535812,0.8761682242990654,48.89326477050781,0.5729949474334717,-0.3161198794841766,64.8392562866211,27.10521697998047,0.8798312746081092,0.2323977947235107,0.1303621232509613,0.0661564320325851,0.3705663383007049,-16.245487,-3.4152203,5.041093,12.948109,9.730183,0.081602044,1.377754,4.892416,-1.4342083,0.81547195
RealESRGAN/ava_images___321917.npy.gz,0.385,0.30070952,0.19924837,0.08545927,0.8680555555555556,61.96450805664063,0.6399683952331543,1.0727578401565552,70.00098419189453,19.230548858642575,0.5794404944968707,0.451789379119873,0.5088404417037964,0.4535135328769684,0.2898747026920318,-20.052742,-3.6875381,20.668041,-14.871086,7.34612,2.6527586,0.8134167,0.33742625,0.70241,-3.9015067
RealESRGAN/ava_images___360165.npy.gz,0.246938775510204,0.2366359,0.07680309,0.05912909,0.875221108490566,66.11619567871094,0.6680896878242493,0.5494277477264404,76.33177185058594,23.66783142089844,0.8694165322321314,0.1901841461658477,0.1576409190893173,-0.1898492574691772,0.4550972580909729,10.357227,-21.221905,-20.653437,5.6676745,12.660763,-0.75504494,-2.100441,-0.17847443,-0.51311076,1.0707184
RealESRGAN/ava_images___426629.npy.gz,0.1723529411764706,0.28572905,0.14207897,0.077936016,0.9014423076923076,56.49968719482422,0.6200907826423645,0.9257052540779114,73.08203887939453,24.826833724975582,0.79631192568381,0.3355177044868469,0.2837640643119812,0.2466721534729004,0.3620654046535492,-26.250784,11.183659,10.611822,-2.189159,-2.4571278,5.1230664,3.535465,0.40898138,2.0132656,-1.6241317
RealESRGAN/ava_images___436880.npy.gz,0.2009999999999999,0.22872558,0.13649762,0.052302722,0.9191176470588236,60.42007446289063,0.6259754300117493,0.955942153930664,71.87574005126953,22.1007137298584,0.7519145118599347,0.3146184980869293,0.2864831089973449,-0.1556125432252884,0.3258842527866363,-6.5475006,-18.321854,9.274834,28.648586,-2.5526521,-0.6922955,0.5583906,6.2151666,-0.5732899,-1.266921
RealESRGAN/ava_images___46021.npy.gz,0.3399999999999999,0.19032514,0.06310123,0.036999375,0.893802966101695,61.07803726196289,0.6662020683288574,1.2644468545913696,75.4897232055664,27.117673873901367,0.9402291735079116,0.177501231431961,0.0837246477603912,0.2100449353456497,0.5194520950317383,-12.919472,3.025341,-6.8663898,-5.0227284,3.8948624,-1.3917589,0.68926024,-0.08579153,-2.2141323,-1.1546457
RealESRGAN/ava_images___472713.npy.gz,0.3298076923076923,0.14263189,0.08296594,0.038548324,0.8862920168067226,59.61985778808594,0.7013136744499207,0.8896588683128357,77.38326263427734,27.68724632263184,0.8977691112762082,0.2363475263118744,0.1500085294246673,0.8206507563591003,0.4167968332767486,18.631264,-20.714931,-20.821703,-4.935336,0.92340624,-1.7827846,-1.7191918,-0.77393675,-1.1305047,0.3214981
RealESRGAN/ava_images___501777.npy.gz,0.157,0.2116065,0.089452624,0.04562303,0.92738309352518,47.55785751342773,0.6803224086761475,-0.05555235221982,64.9876937866211,28.07070541381836,0.9188566788056984,0.2606773674488067,0.1578880846500396,0.3623711168766022,0.442901462316513,-8.611675,-2.0316105,5.105902,10.605003,-3.9498332,-2.0378373,3.0691183,2.097829,-1.7789096,-0.93511325
RealESRGAN/ava_images___564572.npy.gz,0.4052631578947368,0.19560003,0.06119865,0.050804038,0.9283371913580248,66.81776428222656,0.6628726124763489,0.9968682527542114,76.18338775634766,28.3211612701416,0.8929008148887926,0.1767791807651519,0.0754144713282585,0.1409981995820999,0.3883340060710907,-11.843428,0.072546005,-31.109442,-29.741867,-16.487064,-0.041645583,-2.5273557,-1.9102738,-1.2317297,-0.98459893
RealESRGAN/ava_images___588008.npy.gz,0.4611111111111111,0.12412813,0.021094501,0.033338513,0.8544921875,58.02132415771485,0.6602344512939453,0.8449462652206421,73.98350524902344,31.40907096862793,0.9616136070009644,0.1554907411336898,0.1589026600122451,0.810567319393158,0.5467339754104614,-30.154964,16.878414,3.7972853,-8.386158,0.24035007,6.242382,2.4261029,-3.592742,-0.94948614,6.9923306
RealESRGAN/ava_images___645845.npy.gz,0.1521739130434782,0.24405646,0.07186201,0.058079787,0.850554435483871,57.896392822265625,0.6992805600166321,0.8663120865821838,75.9219741821289,27.7689208984375,0.862547080426783,0.2604959011077881,0.1477028727531433,0.6145349740982056,0.4287581145763397,19.99419,-14.5597,13.9075575,-20.116014,-21.375471,1.2552004,-1.6206985,0.39892715,2.0012965,1.0338913
RealESRGAN/ava_images___699615.npy.gz,0.3020408163265305,0.19106346,0.07561931,0.054235112,0.8280194502678779,68.17208862304688,0.6975307464599609,1.339465856552124,74.17119598388672,27.08252716064453,0.916298860717836,0.1677463352680206,0.1069892421364784,0.4869620501995086,0.5332233905792236,4.1377907,-17.856949,-18.4035,-11.470587,8.158461,-1.0538275,-0.8370514,-1.5276453,-1.842578,-2.161002
RealESRGAN/ava_images___710191.npy.gz,0.5072916666666667,0.24933124,0.046076477,0.070265196,0.8644979508196722,59.14151763916016,0.7423301935195923,0.8877266645431519,74.6727523803711,33.0126953125,0.917143455360612,0.1484842300415039,0.0516250133514404,0.454081654548645,0.4331064224243164,-2.2783947,-1.7797108,-25.459574,7.7233033,-6.275255,-3.5765874,2.3696597,0.81511503,-3.0585952,-0.61794
RealESRGAN/ava_images___737450.npy.gz,0.4862745098039215,0.14009476,0.04826632,0.03450697,0.8844339622641509,59.79872894287109,0.6317493319511414,0.7907713055610657,80.91851043701172,26.59502410888672,0.9291579743854956,0.1849468350410461,0.081524908542633,1.0067238807678225,0.4555585086345672,8.35397,-4.027891,-39.794697,-8.481451,-6.562299,-0.5299589,-3.0905333,-0.9893659,0.3644101,0.6057607
RealESRGAN/ava_images___74410.npy.gz,0.3434782608695652,0.2624112,0.15265411,0.065278165,0.8644979508196722,60.33082580566406,0.6479092836380005,0.7992263436317444,72.3189926147461,27.456863403320312,0.7294594021677193,0.3571897149085998,0.2596198320388794,1.1032568216323853,0.3904508650302887,-18.05972,4.626939,0.015822679,-2.529794,1.7144382,0.24526252,-0.80493,-0.54125106,-1.2276074,-1.9415727
RealESRGAN/ava_images___751927.npy.gz,0.5519999999999999,0.1606113,0.05161807,0.04222665,0.9283371913580248,57.319122314453125,0.6156927347183228,0.4139711856842041,72.94820404052734,29.41988182067871,0.9084151541746006,0.2408172488212585,0.112244963645935,0.921030819416046,0.3491035401821136,29.315975,10.7648535,-6.319683,-18.662558,4.9999676,-0.5839031,-2.8223853,-0.925681,0.24771339,0.38081923
RealESRGAN/ava_images___773899.npy.gz,0.3397959183673469,0.23454338,0.06835815,0.06567048,0.8761682242990654,52.924930572509766,0.6438538432121277,0.5385969281196594,68.99761962890625,28.8186149597168,0.897980420165095,0.2178308069705963,0.1402257680892944,-0.1972979456186294,0.4219392836093902,-7.9590435,-9.475552,-0.7860056,7.430227,7.636675,-2.2770665,1.6240332,2.0453115,-3.163147,-0.93164927
RealESRGAN/ava_images___827653.npy.gz,0.185576923076923,0.25765502,0.08463174,0.051490355,0.8761682242990654,49.038177490234375,0.5298355221748352,-0.1544453054666519,72.90087127685547,25.32256126403809,0.8458120189787516,0.2490458786487579,0.1371731013059616,0.7927260994911194,0.3772007822990417,0.20141792,-30.215233,-15.90853,-9.067774,0.77724135,-0.4814226,2.5357487,2.1252,-5.692859,-0.3078367
RealESRGAN/ava_images___842206.npy.gz,0.7855555555555556,0.26040345,0.09611569,0.04655898,1.0,73.34886932373047,0.7045050859451294,1.2783384323120115,74.8367691040039,29.534482955932617,0.8770117836704467,0.2978717088699341,0.158070683479309,0.7522767186164856,0.443019300699234,2.9523354,17.9842,-27.550882,19.595213,-3.708567,-4.736857,2.6356876,-1.6362218,3.3179994,0.6354452
RealESRGAN/ava_images___846773.npy.gz,0.7,0.25059214,0.11630936,0.06043276,1.0,62.68272399902344,0.6504561901092529,1.2333513498306274,73.16508483886719,24.957847595214844,0.8022706150272888,0.2758411169052124,0.1598415672779083,0.817030668258667,0.328134685754776,-3.3405418,19.236628,-26.878538,11.701033,3.5945508,-4.3270545,3.8653748,-3.1590452,3.1126766,-2.2756078
RealESRGAN/ava_images___857447.npy.gz,0.5414893617021277,0.28052667,0.14876431,0.072532244,0.9973404255319148,58.382598876953125,0.6186938285827637,0.8119843006134033,70.46248626708984,25.3820915222168,0.7296315745859161,0.3245033919811249,0.2202458530664444,1.3989081382751465,0.3225491940975189,-3.7159119,23.05122,-22.109995,20.759193,4.654416,-4.969676,3.2993572,-0.7337977,3.0235658,0.30073595
RealESRGAN/ava_images___864250.npy.gz,0.2872549019607843,0.23520726,0.107340574,0.043200985,0.9615384615384616,62.03196716308594,0.6268410086631775,0.7099446654319763,77.30866241455078,23.608522415161133,0.8620206435240788,0.2517655491828918,0.1294002681970596,0.5331906080245972,0.3858774602413177,16.322308,-10.359364,-24.869616,-6.441949,-5.9910955,-3.6371648,1.4073927,-0.015794933,0.1488077,-0.11079824
RealESRGAN/ava_images___865616.npy.gz,0.2586538461538462,0.26060268,0.122730374,0.06395267,0.9283371913580248,74.69338989257812,0.7094221115112305,1.000080943107605,76.60674285888672,23.104494094848636,0.7617195319113688,0.2936812937259674,0.2421383559703827,-0.3042253255844116,0.3767077922821045,6.795292,-36.80283,10.727468,25.466385,0.72763383,-0.14546491,-0.62974024,3.5704327,1.8857347,0.7647871
RealESRGAN/ava_images___953752.npy.gz,0.4447916666666667,0.27203318,0.11340797,0.06024004,0.9789156626506024,67.16242218017578,0.6784088611602783,0.7997101545333862,76.59576416015625,25.10967254638672,0.8291551302112703,0.2699953317642212,0.1727101802825927,0.7373390793800354,0.4266068041324615,28.437363,-86.64466,65.781166,-3.4062648,21.469408,0.48463753,-2.3243437,1.0853741,0.55171037,0.7276754
RealESRGAN/blur_dataset___out_of_focus0685.npy.gz,0.4647727272727272,0.18080413,0.079253614,0.040786926,0.8844339622641509,53.90392303466797,0.6769896149635315,0.6362382769584656,71.44733428955078,30.190406799316406,0.9328698907667372,0.2744288444519043,0.0900793299078941,0.3432653844356537,0.5002850890159607,-10.789528,-3.2881832,-4.1134877,2.85603,6.7765493,-2.3856523,0.4892187,0.786923,-3.6316204,-0.646383
RealESRGAN/voc_emotic_ava___EMOTIC__COCO_train2014_000000244530.npy.gz,0.0777777777777777,0.2722545,0.108195245,0.05440225,0.87890625,67.87335968017578,0.7157492637634277,1.179129719734192,78.88945770263672,27.891193389892575,0.8874776223343254,0.2964393198490143,0.23564513027668,0.1997710168361663,0.5302058458328247,-0.7695503,-11.7384815,-1.2263725,26.137733,-11.484749,-2.6553717,2.2718675,4.5863395,-0.1689375,1.5141724
RealESRGAN/voc_emotic_ava___EMOTIC__COCO_train2014_000000247190.npy.gz,0.2816326530612245,0.21539813,0.1390521,0.058725722,0.8761682242990654,66.57258605957031,0.7150997519493103,1.2292646169662476,76.77294158935547,26.219690322875977,0.7993441215328603,0.31044602394104,0.247877687215805,0.5555194616317749,0.4262212812900543,35.629192,-0.046207428,14.394153,15.392324,-21.237463,0.10296851,-2.4616442,0.569477,1.5512853,0.6908057
RealESRGAN/voc_emotic_ava___EMOTIC__COCO_val2014_000000020598.npy.gz,0.246078431372549,0.2179248,0.12028247,0.051470213,0.8844339622641509,70.91143798828125,0.712738037109375,1.5909910202026367,79.40823364257812,24.14117431640625,0.8296660726044939,0.2860516309738159,0.2531923651695251,0.3514922559261322,0.4488359093666076,2.309639,-6.128063,-16.631104,40.903908,-28.958054,-3.3195724,2.3107626,3.4339733,1.1486557,0.9085533
RealESRGAN/voc_emotic_ava___JPEGImages__2008_003883.npy.gz,0.0793506493506493,0.247697,0.12672615,0.054464515,0.9308510638297872,61.96024703979492,0.6895540952682495,0.8378081321716309,74.47743225097656,24.45543098449707,0.7776504966684378,0.3615086674690246,0.2756841480731964,0.7705382704734802,0.3861328661441803,-5.869566,-13.980818,12.24059,10.732973,-5.9071407,-2.0810728,2.6825235,5.0793085,-0.57098424,-0.48081213
RealESRGAN/voc_emotic_ava___VOC2012__2010_004399.npy.gz,0.1918367346938775,0.273764,0.10882503,0.060915563,0.9308510638297872,58.536399841308594,0.6884320378303528,0.6135622262954712,73.86681365966797,23.97753524780273,0.8154492229409048,0.3114343881607055,0.214000716805458,0.2775412201881408,0.3714887797832489,62.68771,9.839256,-0.7705041,-5.10704,6.0715733,-1.076763,-1.9835453,-0.7785082,0.8569479,0.35377914
RealESRGAN/voc_emotic_ava___VOC2012__2012_004043.npy.gz,0.2778846153846154,0.23116624,0.12584743,0.045543563,0.9375,67.49639892578125,0.7274851202964783,1.2386415004730225,79.06842803955078,24.631725311279297,0.7908148863060122,0.2694742679595947,0.2177890241146087,0.2272025346755981,0.4245261251926422,50.270817,-11.561918,14.216763,16.581764,-49.335632,-0.515338,-0.91700053,2.9469416,2.3592038,-0.38178128
SUPIR/1024x768___4962875195.npy.gz,0.8254716981132075,0.27879664,0.10448483,0.05373376,0.95367431640625,73.00465393066406,0.6900818347930908,1.4953241348266602,70.6972885131836,28.168834686279297,0.791108019270015,0.3717291951179504,0.3349358737468719,1.077033758163452,0.3324034810066223,-9.419947,-8.832277,-2.4125392,11.769028,2.1113439,-0.80636674,-1.1895366,1.9104638,0.0043295026,1.1863717
SUPIR/ava_images___101816.npy.gz,0.5989795918367347,0.27769712,0.1858483,0.07829495,0.8465011286681715,76.07307434082031,0.7510104775428772,1.490597128868103,76.706787109375,19.822059631347656,0.4848191706514581,0.538467526435852,0.5534339547157288,1.0254900455474854,0.2861852645874023,12.1140785,18.69214,22.322594,-8.821772,-9.030614,0.5762979,-2.8896306,-0.49644893,1.3824153,0.16772848
SUPIR/ava_images___158174.npy.gz,0.309375,0.20482779,0.07768363,0.05954333,0.87890625,60.45060729980469,0.636318027973175,0.8104816675186157,70.64904022216797,29.73045539855957,0.8962446143806402,0.2602315247058868,0.2145288288593292,1.0857795476913452,0.5025507807731628,16.40073,-32.38935,-27.897667,0.09759152,-8.341531,-2.582363,1.1271694,0.74758,-4.652121,0.4635087
SUPIR/ava_images___18037.npy.gz,0.6990384615384615,0.23078242,0.07517257,0.049991734,0.87890625,53.01918411254883,0.5826648473739624,0.6199800372123718,74.06381225585938,29.755786895751957,0.8946086662473476,0.3490159213542938,0.271570473909378,0.902516543865204,0.4377975463867187,-31.244183,18.61836,10.347506,-4.8834777,-0.81685436,7.139133,2.9601848,-3.1783845,0.5494994,4.168743
SUPIR/ava_images___217590.npy.gz,0.576829268292683,0.23515677,0.0457516,0.04102364,0.9263833992094862,54.072662353515625,0.6649413704872131,0.8998472094535828,72.36353302001953,37.36105346679688,0.9548693848591718,0.3029554784297943,0.1335500329732895,1.1153879165649414,0.4625711441040039,-33.35524,19.666182,15.082923,-5.7960477,0.22415209,3.898558,0.15257883,-1.4629438,1.5065906,1.5463992
SUPIR/ava_images___251530.npy.gz,0.3895833333333333,0.28671902,0.21587813,0.07690443,0.8782201405152225,57.84565734863281,0.6133904457092285,1.3034892082214355,71.91778564453125,18.634716033935547,0.4420296931087947,0.606332540512085,0.5965160727500916,0.5539458990097046,0.2504741847515106,-30.835295,14.985279,9.22139,-1.0915477,2.1236792,6.912339,3.6810396,-0.74562067,3.1932874,-6.357929
SUPIR/ava_images___253900.npy.gz,0.243,0.27570075,0.11855781,0.06833348,0.9174792911817132,51.28261947631836,0.6231823563575745,0.5795633792877197,69.19364929199219,27.394495010375977,0.7903512352697057,0.3472809195518493,0.2348556816577911,0.9730966091156006,0.3185594379901886,-23.513124,-4.364073,11.187335,-0.92350197,14.811743,3.2151382,4.2304916,4.1117682,-3.0931168,0.8637379
SUPIR/ava_images___273810.npy.gz,0.3894230769230769,0.23103237,0.08467546,0.052445855,1.0,65.57292938232422,0.7007074356079102,1.5095365047454834,73.29762268066406,32.221923828125,0.9306790020597242,0.2823290228843689,0.1876363009214401,1.7630934715270996,0.4105052947998047,11.654064,-2.2938347,-28.160841,4.4430714,-1.2043653,-2.3557942,-1.2410855,-1.2947891,-3.0604262,-0.22683698
SUPIR/ava_images___295451.npy.gz,0.5387755102040817,0.22213861,0.062399685,0.057738286,0.8782201405152225,55.31600570678711,0.5338263511657715,0.2845321595668793,66.1352767944336,27.35051727294922,0.8609598208307213,0.3420867025852203,0.2179178446531295,2.1499388217926025,0.3721385896205902,-14.125948,3.7384262,-4.149204,3.6924398,3.8064177,-1.2690026,-1.0914493,-0.16646194,-1.3106111,0.21005839
SUPIR/ava_images___308473.npy.gz,0.4180851063829787,0.23412848,0.13601243,0.06799935,0.8782201405152225,54.924503326416016,0.5778337121009827,-0.0507313087582588,65.05335235595703,26.53618049621582,0.7471980589218628,0.3957347869873047,0.2557640969753265,0.748445987701416,0.2901908755302429,-14.524005,-9.7944355,9.095306,15.465122,12.510437,0.20159903,2.1570137,5.844936,-1.5467886,-0.12057799
SUPIR/ava_images___321917.npy.gz,0.6816326530612244,0.330563,0.23972064,0.09911314,0.8680555555555556,62.881229400634766,0.6389123797416687,0.8966883420944214,67.2071762084961,16.850631713867188,0.3767835889390439,0.5598989725112915,0.5612836480140686,0.5153486728668213,0.2206004709005355,-20.55582,1.2705746,20.062893,-16.548962,10.0011,2.4167764,-0.039707184,0.1312955,1.2057765,-3.6657827
SUPIR/ava_images___360165.npy.gz,0.496938775510204,0.2474333,0.12672043,0.059821904,0.8802816901408451,71.97814178466797,0.658665657043457,0.7421236634254456,75.55880737304688,23.376131057739254,0.7627959915195591,0.3539438247680664,0.3815009593963623,0.913962721824646,0.3710073232650757,13.467136,-26.35722,-21.403822,6.788317,14.819722,-0.42413545,-2.8385365,-0.38687062,0.28799134,0.9023598
SUPIR/ava_images___426629.npy.gz,0.4519999999999999,0.28199366,0.19596773,0.08874073,0.9014423076923076,63.92670440673828,0.6016603708267212,-0.3662654161453247,71.54533386230469,21.52746963500977,0.6385307310433959,0.4659121632575989,0.4973106980323791,1.3354852199554443,0.2483088076114654,-27.843285,12.073439,10.337426,-2.3280091,-2.887642,4.7421575,2.8256729,0.36350805,2.520774,-2.5020478
SUPIR/ava_images___436880.npy.gz,0.3432692307692307,0.27436733,0.18085325,0.062132485,0.9191176470588236,61.921016693115234,0.6183062791824341,0.3329228460788727,69.69795227050781,19.832677841186523,0.5952908683720257,0.4388195872306824,0.4974706768989563,1.0763237476348877,0.2234025448560714,-13.128899,-9.786779,10.786753,23.80579,-0.2541151,-0.6422889,0.2803433,4.3018374,-0.427207,-1.6779792
SUPIR/ava_images___46021.npy.gz,0.302,0.16880506,0.05791247,0.033651587,0.893802966101695,52.44561767578125,0.5941053628921509,0.6453245282173157,72.55613708496094,26.685869216918945,0.8731610897105838,0.3321743011474609,0.1285687685012817,2.0309157371521,0.4317390620708465,-16.441994,6.453765,-6.492111,-4.346914,4.082654,-1.6004231,0.97398496,-0.9472971,-2.1156898,-1.6197643
SUPIR/ava_images___472713.npy.gz,0.6653846153846155,0.24035233,0.13385117,0.059891228,0.8881578947368421,75.62897491455078,0.7305882573127747,1.6407198905944824,78.05855560302734,26.076642990112305,0.7746450652426283,0.3970972001552582,0.3171855807304382,0.9415428042411804,0.3086214065551758,17.544674,-17.43694,-22.874966,-1.6627247,2.3854425,-1.9338826,-1.6880215,-0.65622765,-1.2295282,0.22843885
SUPIR/ava_images___501777.npy.gz,0.202,0.22859555,0.13185996,0.047474194,0.92738309352518,38.52221298217773,0.513078510761261,-0.6427454352378845,61.54069519042969,28.42428970336914,0.7269295096506866,0.5201820731163025,0.4111474752426147,1.5029505491256714,0.2813026010990143,-10.244978,-0.68349075,-0.06425342,7.435007,-2.6958623,-2.31123,2.972397,1.2188096,-2.8346157,-2.1537793
SUPIR/ava_images___564572.npy.gz,0.2859649122807017,0.22261465,0.09657395,0.053878736,0.9283371913580248,72.94390106201172,0.6203175783157349,0.6933586597442627,77.67082214355469,25.93912124633789,0.813181858043867,0.3674473762512207,0.219273567199707,0.8099442720413208,0.284035712480545,-12.603712,1.6284161,-26.251064,-29.136803,-12.351803,0.3709572,-1.7411796,-2.5895953,-2.0335498,-2.0910552
SUPIR/ava_images___588008.npy.gz,0.3879629629629629,0.117735684,0.07059431,0.0316443,0.8567232375979112,44.606590270996094,0.497454434633255,0.8535595536231995,69.9013442993164,31.05422019958496,0.869543957185281,0.4115972518920898,0.4069868922233581,0.9861132502555848,0.450369656085968,-31.683609,19.197203,3.7020247,-6.8356504,1.5371557,6.0045915,2.0895402,-3.4484582,-0.6662898,6.078939
SUPIR/ava_images___645845.npy.gz,0.3608695652173913,0.27742535,0.105458915,0.07045625,0.8471385542168675,64.96910095214844,0.7398642897605896,0.7031264901161194,74.48250579833984,25.74767303466797,0.8284919765013374,0.3079526722431183,0.2083260416984558,0.9917301535606384,0.4040834605693817,10.965576,-8.506645,13.471176,-17.115791,-15.227376,0.96243614,-1.737448,0.53041095,1.9046568,1.0517263
SUPIR/ava_images___699615.npy.gz,0.384375,0.20168,0.09107667,0.06212878,0.8735150244584207,72.21945190429688,0.711109459400177,1.416493535041809,74.39308166503906,25.33976554870605,0.8284958141324591,0.2752914726734161,0.2423325031995773,1.0909024477005005,0.4310444891452789,0.052764893,-10.056406,-17.609814,-10.374487,6.451642,-0.7705426,-1.1220756,-1.3467977,-1.3286818,-2.0665495
SUPIR/ava_images___710191.npy.gz,0.3697916666666666,0.2624545,0.09132385,0.077139236,0.860969387755102,63.01607894897461,0.6990321278572083,0.9863020181655884,72.0547866821289,28.697633743286133,0.82239899404697,0.3325713276863098,0.1872980147600174,1.361169695854187,0.3609824478626251,-0.85728264,-5.9021397,-23.798111,-1.5893738,-7.1072903,-2.9598026,1.3387659,0.15828139,-2.9329233,-1.0691435
SUPIR/ava_images___737450.npy.gz,0.548,0.1859706,0.048196614,0.045313608,0.8823529411764706,66.1771011352539,0.6393153071403503,0.8322978615760803,79.56807708740234,26.878868103027344,0.879104175031931,0.2372249960899353,0.1455973982810974,1.2490981817245483,0.4200965464115143,3.6927795,-0.05609131,-35.892567,-8.970024,-7.584549,-0.4779307,-3.225085,-0.9747467,0.42890176,0.6494578
SUPIR/ava_images___74410.npy.gz,0.558695652173913,0.30315304,0.21955371,0.08195082,0.860969387755102,64.25403594970703,0.6615935564041138,1.6430063247680664,75.24887084960938,24.156612396240234,0.5498227130462604,0.5383926630020142,0.5590910315513611,1.2877696752548218,0.3087223172187805,-17.835472,9.219202,-1.2264992,-4.263111,-0.20537686,1.078917,0.5905802,-1.2114486,-1.3417832,-0.5072332
SUPIR/ava_images___751927.npy.gz,0.805,0.29624942,0.06576055,0.06647089,0.925124951941561,72.79622650146484,0.6624162197113037,1.2587810754776,75.48268127441406,27.662750244140625,0.83328603274665,0.3175400495529175,0.1954954862594604,0.8665029406547546,0.3294776380062103,29.71178,16.04215,-4.7370996,-16.866283,3.3811,-0.3573692,-2.9648676,-0.85999304,0.45050853,0.4646519
SUPIR/ava_images___773899.npy.gz,0.421,0.25250882,0.09002322,0.054785755,0.8782201405152225,42.78023147583008,0.4979103207588196,-0.4919426143169403,64.03885650634766,29.88127899169922,0.8329158786567528,0.3648815155029297,0.2262507826089859,1.7554900646209717,0.3957028090953827,-12.938812,-5.0136166,4.001515,6.139689,9.789115,-0.93620527,1.8971422,2.1429572,-3.5167727,-1.837889
SUPIR/ava_images___827653.npy.gz,0.2086538461538461,0.27996868,0.12944394,0.06380582,0.8761682242990654,35.12261962890625,0.5148242712020874,0.121475413441658,72.41681671142578,23.51017189025879,0.6669180925375001,0.411636471748352,0.3763565421104431,1.3969624042510986,0.3088558614253998,-3.338831,-21.20229,-15.847177,-12.76708,0.6540139,0.40029493,2.2116044,0.92592233,-4.9838843,-0.34702784
SUPIR/ava_images___842206.npy.gz,0.7532608695652174,0.27981788,0.111881316,0.044791833,1.0,76.7055435180664,0.715904951095581,1.321888089179993,76.08045959472656,28.978879928588867,0.8416976845844538,0.3582088947296142,0.2435672283172607,1.3268978595733645,0.3791445195674896,0.40653038,22.644358,-24.252638,21.96622,-3.4499714,-4.5393453,1.9197137,-1.3564212,4.1327395,1.0800894
SUPIR/ava_images___846773.npy.gz,0.8058823529411765,0.28759563,0.1596539,0.059425447,1.0,69.4416275024414,0.6125040650367737,1.2143040895462036,71.49510192871094,26.468551635742188,0.7721841627033437,0.3780435621738434,0.284464418888092,0.9706833958625792,0.3625147342681885,-7.6604156,20.481024,-24.009893,11.592516,1.1703408,-3.8131568,3.9395764,-2.7242844,3.1969137,-2.3708544
SUPIR/ava_images___857447.npy.gz,0.8425531914893616,0.34108,0.19326358,0.08373506,1.0,71.03668975830078,0.6569516062736511,1.1436549425125122,70.61347961425781,23.47126197814941,0.61507635503409,0.4421660602092743,0.3310500383377075,0.9779986143112184,0.2875319123268127,4.3248024,25.241539,-20.79771,18.81888,3.6937447,-4.443252,2.6997063,-0.61764026,2.4451456,0.3771002
SUPIR/ava_images___864250.npy.gz,0.5882352941176471,0.26551712,0.1516012,0.052032243,0.9615384615384616,78.60079193115234,0.7630676031112671,1.6539777517318726,78.69792175292969,22.117090225219727,0.7355510971966357,0.3984430432319641,0.3384056091308594,0.9641700387001038,0.2616669535636902,20.744839,-5.609064,-20.14582,-11.523092,-1.396538,-3.495571,1.1107037,-0.19168782,0.3870614,-0.1080963
SUPIR/ava_images___865616.npy.gz,0.698076923076923,0.28465062,0.1403777,0.07273145,0.9254429506486512,75.79951477050781,0.7542063593864441,1.5445261001586914,76.9592056274414,20.932090759277344,0.6203824729644547,0.4089619517326355,0.3357472717761993,0.3725229799747467,0.3408737182617187,1.6797066,-33.611984,9.59167,26.316763,-3.2967894,-0.25832433,-0.74887013,3.5558305,1.8736753,0.8371735
SUPIR/ava_images___953752.npy.gz,0.5659574468085107,0.26013154,0.14099503,0.06862745,0.9774436090225564,75.84296417236328,0.718561053276062,1.3009685277938845,77.29334259033203,23.942577362060547,0.731534278580923,0.3790575861930847,0.3100477159023285,1.1290265321731567,0.354741096496582,27.558117,-84.77885,68.324585,-9.566675,22.158344,0.5187359,-2.3757176,0.95600325,0.5610672,0.4832566
SUPIR/blur_dataset___out_of_focus0685.npy.gz,0.5674418604651164,0.22503477,0.095082045,0.047842365,0.8844339622641509,55.72828674316406,0.6653892993927002,0.6140491366386414,71.7178726196289,29.191102981567383,0.8588173576207346,0.3911705017089844,0.2394391149282455,1.2032653093338013,0.4120221138000488,-12.740137,-1.317524,-0.21491113,-0.34521496,10.798678,-1.5906883,-0.3211894,0.34457582,-2.9664297,-1.3808291
SUPIR/voc_emotic_ava___EMOTIC__COCO_train2014_000000244530.npy.gz,0.3283018867924528,0.28618237,0.1530905,0.06798408,0.87890625,72.37548065185547,0.7341906428337097,1.271794319152832,77.73662567138672,27.425291061401367,0.7721663433705539,0.4644958972930908,0.3901412785053253,0.8075997233390808,0.4488572180271148,-6.7838593,-8.66452,-1.839166,26.829802,-12.517293,-2.706415,2.7634509,4.7581615,0.37053695,1.3648369
SUPIR/voc_emotic_ava___EMOTIC__COCO_train2014_000000247190.npy.gz,0.6927083333333333,0.27712065,0.17772174,0.07922288,0.8782201405152225,74.62039184570312,0.7642425298690796,1.699033260345459,77.57147979736328,23.86733627319336,0.6595243339996839,0.4281210005283355,0.4077992439270019,0.9643797278404236,0.3605390191078186,40.97775,4.264303,23.131336,17.711569,-17.285904,-0.03449066,-2.8184428,0.11641979,1.6764233,0.6890649
SUPIR/voc_emotic_ava___EMOTIC__COCO_val2014_000000020598.npy.gz,0.5660000000000001,0.2324503,0.15545407,0.061001644,0.8844339622641509,76.52576446533203,0.7509534358978271,1.7523674964904783,79.12700653076172,24.230058670043945,0.7577365158254187,0.3765344023704529,0.3714643716812134,0.9656846523284912,0.3421187996864319,-1.7093887,-7.205738,-11.772461,38.23879,-28.384253,-3.1187172,1.8471005,2.4442217,1.9452606,0.8714939
SUPIR/voc_emotic_ava___JPEGImages__2008_003883.npy.gz,0.3294520547945205,0.25111446,0.16219181,0.060663942,0.9333333333333332,61.711273193359375,0.6888723373413086,0.4931678473949432,73.10134887695312,23.48357963562012,0.6769162449254563,0.4841078519821167,0.4417324066162109,0.9178839921951294,0.318141222000122,-1.1429348,-9.162806,11.601926,12.567097,-10.535863,-3.173926,2.5325987,5.0799203,0.061896503,0.60082865
SUPIR/voc_emotic_ava___VOC2012__2010_004399.npy.gz,0.4928571428571429,0.2623616,0.16284466,0.062395766,0.9333333333333332,66.70561981201172,0.6941882967948914,0.7743240594863892,72.08432006835938,25.57915687561035,0.7950882140040301,0.447913110256195,0.2956306934356689,1.731101632118225,0.2828572988510132,59.88818,25.982708,3.9559643,2.2892246,15.1916065,-0.618542,-2.5090158,-0.69502234,1.353224,0.963398
SUPIR/voc_emotic_ava___VOC2012__2012_004043.npy.gz,0.7230769230769231,0.2511031,0.16874558,0.05900554,0.933609958506224,75.87262725830078,0.7810224890708923,1.931471586227417,79.46455383300781,23.16485595703125,0.6342107095415496,0.3918406665325165,0.4462157189846039,0.7140165567398071,0.3165684640407562,59.790646,-10.215862,31.558027,15.25214,-48.612507,-0.39896345,-0.9058211,2.7204537,2.955999,-0.486973
