sample_id,sr_method,sr_filename,sr_path,gt_path,lr_path,psnr_gt,ssim_gt,lpips-vgg_gt,stlpips-vgg_gt,pieapp_gt,ahiq_gt,psnr_bicubic,ssim_bicubic,lpips-vgg_bicubic,stlpips-vgg_bicubic,pieapp_bicubic,ahiq_bicubic,psnr_rlfn,ssim_rlfn,lpips-vgg_rlfn,stlpips-vgg_rlfn,pieapp_rlfn,ahiq_rlfn,psnr_span,ssim_span,lpips-vgg_span,stlpips-vgg_span,pieapp_span,ahiq_span
PASD:1024x768___4962875195,PASD,1024x768___4962875195.png,dataset/sr/PASD/1024x768___4962875195.png,dataset/hr/1024x768___4962875195.png,dataset/lr/1024x768___4962875195.png,25.45161247253418,0.7163192818520737,0.2924575209617615,0.25312402844429016,0.5732151865959167,0.4380185604095459,25.67243766784668,0.742878332501175,0.41661515831947327,0.45740118622779846,0.3653355836868286,0.36209577322006226,25.632932662963867,0.7400796833834462,0.39718273282051086,0.4110010266304016,0.4924788773059845,0.34711217880249023,25.524658203125,0.7454047546392993,0.41675612330436707,0.4246240258216858,0.5084027051925659,0.3500257432460785
PASD:ava_images___101816,PASD,ava_images___101816.png,dataset/sr/PASD/ava_images___101816.png,dataset/hr/ava_images___101816.png,dataset/lr/ava_images___101816.png,16.504987716674805,0.3770919891706646,0.40927037596702576,0.2833261787891388,1.1459968090057373,0.4152836501598358,19.541114807128906,0.5512694157929414,0.48272132873535156,0.5386009216308594,0.47554269433021545,0.42850375175476074,19.10248565673828,0.5021292227441024,0.4863942563533783,0.5284298062324524,1.1939325332641602,0.3891732394695282,19.17205047607422,0.5247290519897015,0.4837486147880554,0.5013969540596008,0.8712566494941711,0.3837999403476715
PASD:ava_images___158174,PASD,ava_images___158174.png,dataset/sr/PASD/ava_images___158174.png,dataset/hr/ava_images___158174.png,dataset/lr/ava_images___158174.png,27.837188720703125,0.905474294494065,0.2070191204547882,0.21426057815551758,0.45843878388404846,0.5102463960647583,27.265235900878906,0.9026130676193391,0.21520957350730896,0.19690881669521332,0.1694585233926773,0.5866639018058777,27.253665924072266,0.9063777954962232,0.1813572645187378,0.17712827026844025,0.6379998922348022,0.5660180449485779,26.989660263061523,0.903551381694759,0.19681531190872192,0.18477573990821838,0.37528935074806213,0.553334653377533
PASD:ava_images___18037,PASD,ava_images___18037.png,dataset/sr/PASD/ava_images___18037.png,dataset/hr/ava_images___18037.png,dataset/lr/ava_images___18037.png,29.263248443603516,0.8864030327003812,0.2764776349067688,0.2232777178287506,0.7465016841888428,0.4359865188598633,30.56361961364746,0.9155537056800881,0.2769140303134918,0.25104284286499023,0.7471261620521545,0.455154150724411,29.85508155822754,0.9068322037979774,0.2691041827201843,0.24201466143131256,0.7543258666992188,0.4253504276275635,29.81479263305664,0.9119605581103013,0.2509956359863281,0.2364484667778015,0.9942949414253235,0.44192153215408325
PASD:ava_images___217590,PASD,ava_images___217590.png,dataset/sr/PASD/ava_images___217590.png,dataset/hr/ava_images___217590.png,dataset/lr/ava_images___217590.png,34.44649124145508,0.9306043221206592,0.20115172863006592,0.08570099622011185,0.5537672638893127,0.5508606433868408,38.55027770996094,0.9624196921142939,0.231661856174469,0.12131751328706741,0.5719231963157654,0.5151033401489258,37.87181854248047,0.9557782886341069,0.2830566167831421,0.12042348086833954,1.050178050994873,0.4751749038696289,38.080928802490234,0.9586742269622256,0.24728214740753174,0.11389428377151489,0.7964755892753601,0.4605826437473297
PASD:ava_images___251530,PASD,ava_images___251530.png,dataset/sr/PASD/ava_images___251530.png,dataset/hr/ava_images___251530.png,dataset/lr/ava_images___251530.png,14.759042739868164,0.22536805804417326,0.5080164670944214,0.36102113127708435,1.800498366355896,0.22289656102657318,18.869678497314453,0.46706183090893766,0.6214597225189209,0.48062801361083984,0.5971656441688538,0.22698020935058594,19.74260711669922,0.44789867536996053,0.5790329575538635,0.4848003685474396,0.7235764861106873,0.16604885458946228,19.384130477905273,0.45206749521611356,0.5798666477203369,0.46424227952957153,0.9765902757644653,0.1635088473558426
PASD:ava_images___253900,PASD,ava_images___253900.png,dataset/sr/PASD/ava_images___253900.png,dataset/hr/ava_images___253900.png,dataset/lr/ava_images___253900.png,22.73537826538086,0.7160720495255054,0.30925410985946655,0.13519515097141266,0.2857426404953003,0.31866297125816345,26.278560638427734,0.7804519491879939,0.3430655598640442,0.2919563949108124,-0.31867215037345886,0.4060509204864502,25.90140151977539,0.7650323841795046,0.35573798418045044,0.28483179211616516,0.5355178117752075,0.325167715549469,25.819303512573242,0.7690712055849207,0.3463169038295746,0.27600595355033875,0.2343011051416397,0.36044204235076904
PASD:ava_images___273810,PASD,ava_images___273810.png,dataset/sr/PASD/ava_images___273810.png,dataset/hr/ava_images___273810.png,dataset/lr/ava_images___273810.png,29.58073616027832,0.9111539948888955,0.2030717432498932,0.09761221706867218,0.9894046783447266,0.5091676115989685,33.23909378051758,0.9470046447672062,0.20685023069381714,0.1206483319401741,0.9444054365158081,0.5223747491836548,32.58816146850586,0.939732787072036,0.20139959454536438,0.13360092043876648,1.4900010824203491,0.478405237197876,32.432594299316406,0.9415449988302971,0.2118699848651886,0.1161368191242218,1.3510223627090454,0.48043185472488403
PASD:ava_images___295451,PASD,ava_images___295451.png,dataset/sr/PASD/ava_images___295451.png,dataset/hr/ava_images___295451.png,dataset/lr/ava_images___295451.png,21.075952529907227,0.7464873822326257,0.3534712493419647,0.19527731835842133,1.0881948471069336,0.30806025862693787,22.14077377319336,0.7711687711583138,0.3757186830043793,0.285614013671875,0.20374254882335663,0.3708776533603668,22.252792358398438,0.7633741792150388,0.37880757451057434,0.26035812497138977,1.2880425453186035,0.3368537724018097,22.048370361328125,0.7685410953846311,0.37819647789001465,0.25352081656455994,1.2989226579666138,0.3655688464641571
PASD:ava_images___308473,PASD,ava_images___308473.png,dataset/sr/PASD/ava_images___308473.png,dataset/hr/ava_images___308473.png,dataset/lr/ava_images___308473.png,23.018661499023438,0.7257011441749596,0.33188343048095703,0.1517326384782791,1.1086434125900269,0.31030458211898804,25.76158332824707,0.8131796665072761,0.37528276443481445,0.24293383955955505,-0.6379818320274353,0.3485254943370819,25.683082580566406,0.7935739886294558,0.3683567941188812,0.22007030248641968,0.43048399686813354,0.29421311616897583,25.28351593017578,0.8033859927211705,0.3835228681564331,0.2224360555410385,0.3994015157222748,0.3082505762577057
PASD:ava_images___321917,PASD,ava_images___321917.png,dataset/sr/PASD/ava_images___321917.png,dataset/hr/ava_images___321917.png,dataset/lr/ava_images___321917.png,15.35719108581543,0.3724086493573301,0.3613179326057434,0.23884683847427368,1.5560966730117798,0.3080432116985321,18.676254272460938,0.5249434860779575,0.5219694375991821,0.5397783517837524,0.0663021132349968,0.35488954186439514,18.988656997680664,0.500561178755787,0.5042591691017151,0.5323234796524048,0.7816042304039001,0.32172271609306335,18.671018600463867,0.5071482448453983,0.5231637954711914,0.502045214176178,0.7937977910041809,0.33370763063430786
PASD:ava_images___360165,PASD,ava_images___360165.png,dataset/sr/PASD/ava_images___360165.png,dataset/hr/ava_images___360165.png,dataset/lr/ava_images___360165.png,19.149581909179688,0.6739528519369586,0.24676407873630524,0.22329407930374146,0.01566724106669426,0.33009812235832214,20.937179565429688,0.6952993256220071,0.38094133138656616,0.4471426010131836,-0.9000639915466309,0.40349626541137695,21.0526123046875,0.7035026340263161,0.3654625415802002,0.39426711201667786,0.11074268072843552,0.3509841859340668,20.88749122619629,0.6993407196037483,0.3887937068939209,0.40548717975616455,-0.12486641854047775,0.359244167804718
PASD:ava_images___426629,PASD,ava_images___426629.png,dataset/sr/PASD/ava_images___426629.png,dataset/hr/ava_images___426629.png,dataset/lr/ava_images___426629.png,19.975406646728516,0.5898166671165228,0.3560246229171753,0.1556149274110794,1.1221574544906616,0.3279383182525635,22.122976303100586,0.6748665781334493,0.4744858145713806,0.43910887837409973,-0.37938326597213745,0.34317076206207275,22.138185501098633,0.655135092202425,0.44664353132247925,0.4479341506958008,0.6925830245018005,0.33026960492134094,21.914569854736328,0.6616140634367749,0.4583560824394226,0.41162019968032837,0.0360126793384552,0.3285401165485382
PASD:ava_images___436880,PASD,ava_images___436880.png,dataset/sr/PASD/ava_images___436880.png,dataset/hr/ava_images___436880.png,dataset/lr/ava_images___436880.png,17.655744552612305,0.5122554702965582,0.37746721506118774,0.19084833562374115,1.358741283416748,0.2500716745853424,19.98603630065918,0.6219525788256142,0.444388747215271,0.48341765999794006,-0.018210554495453835,0.2578802704811096,19.945541381835938,0.592121124061284,0.435588002204895,0.4654756188392639,0.8868391513824463,0.20051632821559906,19.656984329223633,0.5936418647136377,0.44764888286590576,0.4270344078540802,0.8529923558235168,0.22645223140716553
PASD:ava_images___46021,PASD,ava_images___46021.png,dataset/sr/PASD/ava_images___46021.png,dataset/hr/ava_images___46021.png,dataset/lr/ava_images___46021.png,26.877185821533203,0.9259834552058479,0.2023162841796875,0.05301440879702568,0.6530835032463074,0.5142278671264648,26.607664108276367,0.9189100771314512,0.23185618221759796,0.1339438557624817,-0.05058923736214638,0.4744938313961029,25.834815979003906,0.9117217778921094,0.2247774600982666,0.0796896293759346,1.5961742401123047,0.44276103377342224,25.87283706665039,0.9136693752644957,0.23748789727687836,0.09912698715925217,0.5953490138053894,0.47150737047195435
PASD:ava_images___472713,PASD,ava_images___472713.png,dataset/sr/PASD/ava_images___472713.png,dataset/hr/ava_images___472713.png,dataset/lr/ava_images___472713.png,22.154762268066406,0.6122954602756722,0.3585279881954193,0.2767437696456909,1.4120763540267944,0.35037103295326233,22.96124267578125,0.6503283341053276,0.4558032751083374,0.46287980675697327,0.4575332701206207,0.30383309721946716,22.830459594726562,0.6444413856573414,0.44885483384132385,0.4422992467880249,1.433959722518921,0.24737799167633057,22.799057006835938,0.6456798516873345,0.4587792158126831,0.4360763430595398,1.0678805112838745,0.2730042636394501
PASD:ava_images___501777,PASD,ava_images___501777.png,dataset/sr/PASD/ava_images___501777.png,dataset/hr/ava_images___501777.png,dataset/lr/ava_images___501777.png,24.45591163635254,0.730816134263294,0.4188145697116852,0.3417559862136841,1.1306232213974,0.3246769905090332,24.76335334777832,0.756233549156885,0.4578523337841034,0.43615204095840454,0.7399628162384033,0.34305238723754883,24.773719787597656,0.7546887816071748,0.43815916776657104,0.3956562876701355,1.1975663900375366,0.31412220001220703,24.87075424194336,0.7603811953540878,0.4543273448944092,0.4043898284435272,0.9595235586166382,0.3298620879650116
PASD:ava_images___564572,PASD,ava_images___564572.png,dataset/sr/PASD/ava_images___564572.png,dataset/hr/ava_images___564572.png,dataset/lr/ava_images___564572.png,22.28987693786621,0.8195663762645448,0.1776144802570343,0.08845963329076767,0.18450424075126648,0.373540461063385,24.10956382751465,0.8219836518551066,0.29362887144088745,0.2779535949230194,0.02023874595761299,0.4088307321071625,23.86630630493164,0.8170370275553361,0.2962290644645691,0.24944975972175598,0.014544464647769928,0.32968682050704956,23.80108642578125,0.8202065637254707,0.30391553044319153,0.26238828897476196,-0.051003143191337585,0.3708590865135193
PASD:ava_images___588008,PASD,ava_images___588008.png,dataset/sr/PASD/ava_images___588008.png,dataset/hr/ava_images___588008.png,dataset/lr/ava_images___588008.png,38.18873977661133,0.9627508443448242,0.21291151642799377,0.0954168289899826,0.2729174792766571,0.5367739796638489,40.24690246582031,0.9716007663200189,0.24210646748542786,0.17553476989269257,0.42343688011169434,0.555631160736084,32.501712799072266,0.9655186647589536,0.24894818663597107,0.1710282415151596,0.47077465057373047,0.5298948884010315,32.1052131652832,0.966092200897364,0.257794052362442,0.19138558208942413,0.5471900701522827,0.5396912097930908
PASD:ava_images___645845,PASD,ava_images___645845.png,dataset/sr/PASD/ava_images___645845.png,dataset/hr/ava_images___645845.png,dataset/lr/ava_images___645845.png,22.979095458984375,0.7389894769570136,0.290705144405365,0.15248450636863708,1.4017200469970703,0.34234505891799927,25.09659194946289,0.8072817735258936,0.3449226915836334,0.2256680428981781,0.6556769609451294,0.49906617403030396,24.768871307373047,0.7852412428356316,0.2990509569644928,0.2195448875427246,0.9831606149673462,0.4347967803478241,24.938339233398438,0.8019037856703852,0.33250221610069275,0.22761571407318115,0.8079755306243896,0.4691190719604492
PASD:ava_images___699615,PASD,ava_images___699615.png,dataset/sr/PASD/ava_images___699615.png,dataset/hr/ava_images___699615.png,dataset/lr/ava_images___699615.png,22.42281723022461,0.7986408288320833,0.20795366168022156,0.10897303372621536,1.1982336044311523,0.4870871603488922,25.50440216064453,0.854661106759849,0.2403581738471985,0.17616815865039825,0.3936029076576233,0.566388726234436,25.597192764282227,0.8523119768899033,0.23106282949447632,0.16611133515834808,0.6988521218299866,0.4613436758518219,25.378108978271484,0.8517104028396388,0.24654929339885712,0.16172388195991516,0.5733091831207275,0.509283185005188
PASD:ava_images___710191,PASD,ava_images___710191.png,dataset/sr/PASD/ava_images___710191.png,dataset/hr/ava_images___710191.png,dataset/lr/ava_images___710191.png,26.95854377746582,0.8525431024766936,0.19267959892749786,0.09388665109872818,0.6748523712158203,0.41271114349365234,29.39691162109375,0.894183177923982,0.2573259472846985,0.17392416298389435,0.09611649066209793,0.44157344102859497,29.730934143066406,0.8943363718109151,0.24259239435195923,0.14431039988994598,0.5033645629882812,0.41330423951148987,29.45545196533203,0.8929680515984542,0.2572273313999176,0.14650404453277588,0.37167811393737793,0.4155223071575165
PASD:ava_images___737450,PASD,ava_images___737450.png,dataset/sr/PASD/ava_images___737450.png,dataset/hr/ava_images___737450.png,dataset/lr/ava_images___737450.png,23.676321029663086,0.7823865606985023,0.2137668877840042,0.15369197726249695,1.8193703889846802,0.44100505113601685,25.897987365722656,0.8255891510104441,0.2505943179130554,0.25276729464530945,1.606263279914856,0.4021283686161041,24.545888900756836,0.8014502131743294,0.2737722396850586,0.2326684594154358,1.8497979640960693,0.34735676646232605,24.712665557861328,0.8066758323573321,0.2696170210838318,0.24126112461090088,1.4086631536483765,0.33696672320365906
PASD:ava_images___74410,PASD,ava_images___74410.png,dataset/sr/PASD/ava_images___74410.png,dataset/hr/ava_images___74410.png,dataset/lr/ava_images___74410.png,21.917097091674805,0.4189891411670601,0.4684203565120697,0.3308856189250946,1.0123399496078491,0.4128967225551605,23.466184616088867,0.554351429092027,0.5280613899230957,0.562972366809845,0.9131764769554138,0.40480905771255493,22.878210067749023,0.513750635042353,0.5195251703262329,0.5643013715744019,1.3428959846496582,0.35588759183883667,23.195919036865234,0.5385947557506842,0.5292333364486694,0.549949586391449,1.1671552658081055,0.3474317193031311
PASD:ava_images___751927,PASD,ava_images___751927.png,dataset/sr/PASD/ava_images___751927.png,dataset/hr/ava_images___751927.png,dataset/lr/ava_images___751927.png,25.479650497436523,0.8305965137042187,0.25929921865463257,0.20179882645606995,1.0560098886489868,0.3679976761341095,30.576391220092773,0.9131957532695238,0.24911801517009735,0.14591626822948456,0.3671466112136841,0.388590931892395,28.79361915588379,0.8845829867807583,0.24857941269874573,0.14233961701393127,1.0588997602462769,0.3691805303096771,29.50790786743164,0.898012862038278,0.23742640018463135,0.15112920105457306,0.9962818026542664,0.36607813835144043
PASD:ava_images___773899,PASD,ava_images___773899.png,dataset/sr/PASD/ava_images___773899.png,dataset/hr/ava_images___773899.png,dataset/lr/ava_images___773899.png,26.022563934326172,0.8161305378251061,0.31628745794296265,0.161759153008461,0.5731917023658752,0.34965988993644714,26.70810890197754,0.8435670495660602,0.328970730304718,0.23850323259830475,-0.0029407618567347527,0.3700859248638153,26.329177856445312,0.8364528689521541,0.3287535011768341,0.20335429906845093,1.1820087432861328,0.35784950852394104,26.409862518310547,0.8375938912175243,0.3337269425392151,0.2127213329076767,0.9181520342826843,0.36493703722953796
PASD:ava_images___827653,PASD,ava_images___827653.png,dataset/sr/PASD/ava_images___827653.png,dataset/hr/ava_images___827653.png,dataset/lr/ava_images___827653.png,20.161060333251953,0.6079397037598174,0.33020418882369995,0.21501371264457703,1.8324753046035767,0.20493052899837494,22.18561363220215,0.6372675396189135,0.4236910939216614,0.41637134552001953,1.1803003549575806,0.2506314814090729,21.685401916503906,0.6080799908432141,0.41117092967033386,0.41678714752197266,1.323930025100708,0.20230841636657715,21.728591918945312,0.6168482558487988,0.4324224889278412,0.419699102640152,1.2943412065505981,0.19964629411697388
PASD:ava_images___842206,PASD,ava_images___842206.png,dataset/sr/PASD/ava_images___842206.png,dataset/hr/ava_images___842206.png,dataset/lr/ava_images___842206.png,25.650236129760742,0.7354679455363696,0.3791566491127014,0.26655012369155884,0.9272959232330322,0.38715946674346924,26.5114688873291,0.7692133014716852,0.4459912180900574,0.40370282530784607,0.4687086045742035,0.38932833075523376,25.72635269165039,0.7561933677853201,0.4470846951007843,0.38369762897491455,1.2450133562088013,0.3183302581310272,26.101497650146484,0.7670712015173494,0.44716134667396545,0.39039552211761475,0.9698256850242615,0.3446992039680481
PASD:ava_images___846773,PASD,ava_images___846773.png,dataset/sr/PASD/ava_images___846773.png,dataset/hr/ava_images___846773.png,dataset/lr/ava_images___846773.png,22.184370040893555,0.6620286404182261,0.32083630561828613,0.2439509779214859,1.4782296419143677,0.33489105105400085,24.813610076904297,0.7732121658608019,0.36754149198532104,0.32346707582473755,0.1860119253396988,0.37211233377456665,24.133413314819336,0.7432393892884191,0.3730039894580841,0.27959027886390686,0.9737567901611328,0.35583510994911194,23.641639709472656,0.7447540344751529,0.4003024399280548,0.29670411348342896,0.628495991230011,0.3445086181163788
PASD:ava_images___857447,PASD,ava_images___857447.png,dataset/sr/PASD/ava_images___857447.png,dataset/hr/ava_images___857447.png,dataset/lr/ava_images___857447.png,20.064504623413086,0.5381613490357866,0.3640764057636261,0.2282584309577942,1.2957353591918945,0.36132869124412537,23.411277770996094,0.6689129700861334,0.42404669523239136,0.4090549051761627,0.45766428112983704,0.34027615189552307,23.109224319458008,0.6403975829324805,0.42555978894233704,0.3657049536705017,0.9913064241409302,0.30350422859191895,23.03886604309082,0.6486350783258757,0.44025397300720215,0.3803102374076843,1.091676950454712,0.3015305995941162
PASD:ava_images___864250,PASD,ava_images___864250.png,dataset/sr/PASD/ava_images___864250.png,dataset/hr/ava_images___864250.png,dataset/lr/ava_images___864250.png,18.551923751831055,0.6480282419620085,0.3790183663368225,0.27678731083869934,1.560610055923462,0.24472692608833313,20.592872619628906,0.706180071293387,0.40504127740859985,0.3530772030353546,0.5334447622299194,0.29078182578086853,20.328365325927734,0.6834262145486464,0.39792466163635254,0.35391542315483093,0.8645234704017639,0.23565612733364105,20.208118438720703,0.687045050455449,0.41495269536972046,0.3357660174369812,0.9945951104164124,0.26191267371177673
PASD:ava_images___865616,PASD,ava_images___865616.png,dataset/sr/PASD/ava_images___865616.png,dataset/hr/ava_images___865616.png,dataset/lr/ava_images___865616.png,18.75861930847168,0.5723710809690616,0.3449776768684387,0.21432098746299744,1.1217708587646484,0.31949618458747864,20.408008575439453,0.6394643020140259,0.40558183193206787,0.38448819518089294,-0.1602969765663147,0.4285854399204254,20.498559951782227,0.6302606593937408,0.3981250822544098,0.3933139443397522,0.3372901380062103,0.3725831210613251,20.224685668945312,0.6270566381353906,0.41094011068344116,0.3553788959980011,0.2844337522983551,0.4022281765937805
PASD:ava_images___953752,PASD,ava_images___953752.png,dataset/sr/PASD/ava_images___953752.png,dataset/hr/ava_images___953752.png,dataset/lr/ava_images___953752.png,20.469362258911133,0.5929257689222791,0.32280194759368896,0.15800516307353973,1.2606366872787476,0.2990928292274475,21.75302505493164,0.6444620850314334,0.4116981029510498,0.39989209175109863,0.5568747520446777,0.37305110692977905,21.12433624267578,0.6116616504312359,0.41252389550209045,0.40202081203460693,1.0363705158233643,0.2938370704650879,21.297344207763672,0.63082390673097,0.41753000020980835,0.4020620286464691,0.6648935079574585,0.34592220187187195
PASD:blur_dataset___out_of_focus0685,PASD,blur_dataset___out_of_focus0685.png,dataset/sr/PASD/blur_dataset___out_of_focus0685.png,dataset/hr/blur_dataset___out_of_focus0685.png,dataset/lr/blur_dataset___out_of_focus0685.png,26.803020477294922,0.7652242746255083,0.3888152539730072,0.2518097460269928,1.0740749835968018,0.4314299523830414,27.127994537353516,0.8273613811530448,0.37095820903778076,0.2230399250984192,0.0003866415936499834,0.46272584795951843,27.175493240356445,0.8276838044178683,0.34120672941207886,0.2156156748533249,0.8568156957626343,0.4532965123653412,27.14064598083496,0.8306866974930525,0.33428260684013367,0.23493149876594543,0.8488804697990417,0.4354070723056793
PASD:voc_emotic_ava___EMOTIC__COCO_train2014_000000244530,PASD,voc_emotic_ava___EMOTIC__COCO_train2014_000000244530.png,dataset/sr/PASD/voc_emotic_ava___EMOTIC__COCO_train2014_000000244530.png,dataset/hr/voc_emotic_ava___EMOTIC__COCO_train2014_000000244530.png,dataset/lr/voc_emotic_ava___EMOTIC__COCO_train2014_000000244530.png,24.540376663208008,0.7240438540877959,0.3415738642215729,0.22354064881801605,0.9790658354759216,0.4118996560573578,26.006877899169922,0.774834598984115,0.4545752704143524,0.4219245910644531,0.288937509059906,0.5567417144775391,25.916961669921875,0.7698958151166665,0.44036728143692017,0.41953176259994507,0.6525646448135376,0.5014066100120544,25.78668212890625,0.7739500985810771,0.45269566774368286,0.40015584230422974,0.533318042755127,0.529251754283905
PASD:voc_emotic_ava___EMOTIC__COCO_train2014_000000247190,PASD,voc_emotic_ava___EMOTIC__COCO_train2014_000000247190.png,dataset/sr/PASD/voc_emotic_ava___EMOTIC__COCO_train2014_000000247190.png,dataset/hr/voc_emotic_ava___EMOTIC__COCO_train2014_000000247190.png,dataset/lr/voc_emotic_ava___EMOTIC__COCO_train2014_000000247190.png,20.704227447509766,0.5037040712237196,0.37885814905166626,0.31558722257614136,1.4613943099975586,0.3278251588344574,22.690122604370117,0.6297975665213674,0.4223436415195465,0.4575803279876709,0.6062515377998352,0.41334396600723267,22.303237915039062,0.5880143716329472,0.43702805042266846,0.47280630469322205,1.1694003343582153,0.3579382002353668,22.39961814880371,0.6094890026389511,0.42874327301979065,0.4420403838157654,0.8898493051528931,0.36083292961120605
PASD:voc_emotic_ava___EMOTIC__COCO_val2014_000000020598,PASD,voc_emotic_ava___EMOTIC__COCO_val2014_000000020598.png,dataset/sr/PASD/voc_emotic_ava___EMOTIC__COCO_val2014_000000020598.png,dataset/hr/voc_emotic_ava___EMOTIC__COCO_val2014_000000020598.png,dataset/lr/voc_emotic_ava___EMOTIC__COCO_val2014_000000020598.png,20.79127311706543,0.6305755802457041,0.31071072816848755,0.20758387446403503,1.0430368185043335,0.272036075592041,21.71837615966797,0.6653444759871235,0.3998354971408844,0.4631348252296448,0.25975266098976135,0.4054752290248871,21.381214141845703,0.6398109429620004,0.39661285281181335,0.46407681703567505,0.8271162509918213,0.29534846544265747,21.368635177612305,0.655315586742754,0.4046977758407593,0.43907445669174194,0.4598400592803955,0.3734768033027649
PASD:voc_emotic_ava___JPEGImages__2008_003883,PASD,voc_emotic_ava___JPEGImages__2008_003883.png,dataset/sr/PASD/voc_emotic_ava___JPEGImages__2008_003883.png,dataset/hr/voc_emotic_ava___JPEGImages__2008_003883.png,dataset/lr/voc_emotic_ava___JPEGImages__2008_003883.png,20.89544677734375,0.5483809229667229,0.42882293462753296,0.30004796385765076,1.4582159519195557,0.36810556054115295,24.27395248413086,0.7066022287039347,0.4556586444377899,0.3756241500377655,0.24492371082305908,0.47652021050453186,24.048641204833984,0.672195316941682,0.4489084482192993,0.3624219298362732,1.0170814990997314,0.4106886088848114,23.80246353149414,0.6951520915339756,0.4615253210067749,0.3512403070926666,0.6143256425857544,0.43234673142433167
PASD:voc_emotic_ava___VOC2012__2010_004399,PASD,voc_emotic_ava___VOC2012__2010_004399.png,dataset/sr/PASD/voc_emotic_ava___VOC2012__2010_004399.png,dataset/hr/voc_emotic_ava___VOC2012__2010_004399.png,dataset/lr/voc_emotic_ava___VOC2012__2010_004399.png,23.275909423828125,0.741759870434445,0.35947132110595703,0.28182926774024963,1.889944076538086,0.3570989668369293,28.577545166015625,0.8811481238659173,0.30995166301727295,0.1895754337310791,0.9129374027252197,0.40096449851989746,27.19013023376465,0.848342527928655,0.3376672863960266,0.206308051943779,1.9188131093978882,0.3251747786998749,27.429981231689453,0.859892677743797,0.3228893280029297,0.18013620376586914,1.6646989583969116,0.3584027886390686
PASD:voc_emotic_ava___VOC2012__2012_004043,PASD,voc_emotic_ava___VOC2012__2012_004043.png,dataset/sr/PASD/voc_emotic_ava___VOC2012__2012_004043.png,dataset/hr/voc_emotic_ava___VOC2012__2012_004043.png,dataset/lr/voc_emotic_ava___VOC2012__2012_004043.png,19.80828285217285,0.5256259626631179,0.3372422456741333,0.284944623708725,1.2226518392562866,0.3511136472225189,23.162883758544922,0.7150341063721393,0.3544226288795471,0.3507731854915619,-0.20636522769927979,0.46440616250038147,22.681957244873047,0.678707068068183,0.36149418354034424,0.3578591048717499,0.7161998748779297,0.4061923623085022,22.613370895385742,0.6768954443068219,0.36786070466041565,0.31712156534194946,0.6744794249534607,0.39636141061782837
SUPIR:1024x768___4962875195,SUPIR,1024x768___4962875195.png,dataset/sr/SUPIR/1024x768___4962875195.png,dataset/hr/1024x768___4962875195.png,dataset/lr/1024x768___4962875195.png,27.134483337402344,0.749012375572988,0.2827693223953247,0.1958514153957367,1.578216314315796,0.41519150137901306,28.479019165039062,0.7970471104939695,0.3898616433143616,0.38343533873558044,0.4480609893798828,0.33760830760002136,28.168834686279297,0.791108019270015,0.37172919511795044,0.33493587374687195,1.0770336389541626,0.33240461349487305,28.33635139465332,0.797215967750249,0.39244160056114197,0.35400182008743286,0.736783504486084,0.3384919762611389
SUPIR:ava_images___101816,SUPIR,ava_images___101816.png,dataset/sr/SUPIR/ava_images___101816.png,dataset/hr/ava_images___101816.png,dataset/lr/ava_images___101816.png,16.370222091674805,0.3152627342454142,0.45217373967170715,0.26131802797317505,1.3640435934066772,0.28550878167152405,19.93364143371582,0.5258106620046251,0.5332067608833313,0.56737220287323,0.18807697296142578,0.3330509066581726,19.822059631347656,0.48481917065145813,0.538467526435852,0.5534339547157288,1.0254899263381958,0.28618547320365906,19.713266372680664,0.49784133910485956,0.5303032398223877,0.5310121774673462,0.7055261731147766,0.28970304131507874
SUPIR:ava_images___158174,SUPIR,ava_images___158174.png,dataset/sr/SUPIR/ava_images___158174.png,dataset/hr/ava_images___158174.png,dataset/lr/ava_images___158174.png,28.879314422607422,0.8749431103463318,0.232783243060112,0.21753400564193726,1.2739201784133911,0.4544315040111542,30.307727813720703,0.9026599402214451,0.26490864157676697,0.2196495234966278,0.31615880131721497,0.5127548575401306,29.73045539855957,0.8962446143806402,0.26023152470588684,0.21452882885932922,1.0857794284820557,0.5025503039360046,29.462753295898438,0.8968999576226666,0.266096293926239,0.21045708656311035,0.7044216990470886,0.4783313274383545
SUPIR:ava_images___18037,SUPIR,ava_images___18037.png,dataset/sr/SUPIR/ava_images___18037.png,dataset/hr/ava_images___18037.png,dataset/lr/ava_images___18037.png,29.260162353515625,0.8761151153768308,0.32000482082366943,0.22709578275680542,0.8857144713401794,0.4475954473018646,30.74589729309082,0.9098695777148313,0.36400550603866577,0.2833603024482727,0.8451241254806519,0.4571380317211151,29.755786895751953,0.8946086662473476,0.3490159213542938,0.27157047390937805,0.9025164842605591,0.4377968907356262,29.86182403564453,0.9016730623429354,0.34854984283447266,0.26804259419441223,1.1466479301452637,0.44205012917518616
SUPIR:ava_images___217590,SUPIR,ava_images___217590.png,dataset/sr/SUPIR/ava_images___217590.png,dataset/hr/ava_images___217590.png,dataset/lr/ava_images___217590.png,34.58982467651367,0.9336654367245885,0.18538066744804382,0.08868613094091415,0.6804806590080261,0.5440098643302917,38.339866638183594,0.9645619044913135,0.25831151008605957,0.13066886365413666,0.6867156028747559,0.5017620921134949,37.361053466796875,0.9548693848591718,0.3029554784297943,0.1335500329732895,1.1153877973556519,0.46257081627845764,37.86259078979492,0.9594424613814684,0.2665870785713196,0.12325455248355865,0.8632036447525024,0.44885697960853577
SUPIR:ava_images___251530,SUPIR,ava_images___251530.png,dataset/sr/SUPIR/ava_images___251530.png,dataset/hr/ava_images___251530.png,dataset/lr/ava_images___251530.png,14.111417770385742,0.21908969979704532,0.5142796039581299,0.21264053881168365,1.401699185371399,0.22903728485107422,19.06742286682129,0.5086621780832604,0.640016496181488,0.5979891419410706,0.0603962317109108,0.30769777297973633,18.634716033935547,0.4420296931087947,0.606332540512085,0.5965160727500916,0.5539459586143494,0.2504732608795166,18.807435989379883,0.47035001053774,0.6001876592636108,0.5804378986358643,0.7171968221664429,0.2594115734100342
SUPIR:ava_images___253900,SUPIR,ava_images___253900.png,dataset/sr/SUPIR/ava_images___253900.png,dataset/hr/ava_images___253900.png,dataset/lr/ava_images___253900.png,23.235992431640625,0.72334161949123,0.3242238163948059,0.12536577880382538,0.8953306674957275,0.24468167126178741,28.291643142700195,0.8175879026551194,0.3418665826320648,0.24920892715454102,-0.04613843932747841,0.39833781123161316,27.394495010375977,0.7903512352697057,0.34728091955184937,0.23485568165779114,0.9730966687202454,0.3185599446296692,27.473007202148438,0.7963135401573915,0.33504360914230347,0.22936931252479553,0.7156954407691956,0.3604557514190674
SUPIR:ava_images___273810,SUPIR,ava_images___273810.png,dataset/sr/SUPIR/ava_images___273810.png,dataset/hr/ava_images___273810.png,dataset/lr/ava_images___273810.png,29.22629165649414,0.8974501219653112,0.23776333034038544,0.12326386570930481,1.3407421112060547,0.44284364581108093,33.298702239990234,0.9406200233025116,0.29679593443870544,0.2031518965959549,0.9663334488868713,0.4529145359992981,32.221923828125,0.9306790020597242,0.2823290228843689,0.18763630092144012,1.7630934715270996,0.4105042517185211,32.62222671508789,0.9363707088634587,0.29179465770721436,0.17654448747634888,1.3416982889175415,0.4409998059272766
SUPIR:ava_images___295451,SUPIR,ava_images___295451.png,dataset/sr/SUPIR/ava_images___295451.png,dataset/hr/ava_images___295451.png,dataset/lr/ava_images___295451.png,23.575679779052734,0.8121381721071912,0.28156933188438416,0.13626131415367126,1.8200119733810425,0.3273868262767792,28.43515396118164,0.885839623413927,0.3273918032646179,0.19382768869400024,0.18784496188163757,0.4132666289806366,27.35051727294922,0.8609598208307213,0.34208670258522034,0.21791784465312958,2.1499390602111816,0.3721387982368469,27.342514038085938,0.8673269274695731,0.35303154587745667,0.18812435865402222,1.9680898189544678,0.3888239562511444
SUPIR:ava_images___308473,SUPIR,ava_images___308473.png,dataset/sr/SUPIR/ava_images___308473.png,dataset/hr/ava_images___308473.png,dataset/lr/ava_images___308473.png,23.06178855895996,0.6654460409727387,0.36768341064453125,0.15479445457458496,1.0908470153808594,0.27616769075393677,27.08226776123047,0.7774843460991352,0.40008366107940674,0.2732611894607544,-0.530974805355072,0.35342228412628174,26.53618049621582,0.7471980589218628,0.3957347869873047,0.25576409697532654,0.7484461069107056,0.29019179940223694,26.55520248413086,0.7627045629954723,0.40858104825019836,0.2524837851524353,0.7138554453849792,0.31579041481018066
SUPIR:ava_images___321917,SUPIR,ava_images___321917.png,dataset/sr/SUPIR/ava_images___321917.png,dataset/hr/ava_images___321917.png,dataset/lr/ava_images___321917.png,14.224180221557617,0.29796181963536505,0.3970569372177124,0.22294580936431885,1.6851040124893188,0.22131045162677765,16.575132369995117,0.39330236377054334,0.5767665505409241,0.5674774646759033,-0.033033594489097595,0.2252039909362793,16.850631713867188,0.37678358893904396,0.5598989725112915,0.5612836480140686,0.5153486728668213,0.22060056030750275,16.748815536499023,0.38746881339847283,0.5774396061897278,0.5335659384727478,0.6913051605224609,0.20426979660987854
SUPIR:ava_images___360165,SUPIR,ava_images___360165.png,dataset/sr/SUPIR/ava_images___360165.png,dataset/hr/ava_images___360165.png,dataset/lr/ava_images___360165.png,20.607603073120117,0.7042045308730708,0.2817901074886322,0.24341802299022675,1.4406770467758179,0.3234063982963562,24.163135528564453,0.7661298686860127,0.3657977879047394,0.4239918887615204,-0.26788702607154846,0.4245421886444092,23.376131057739258,0.7627959915195591,0.3539438247680664,0.3815009593963623,0.913962721824646,0.37100711464881897,23.58363914489746,0.7636604659847033,0.36457952857017517,0.3807501792907715,0.6768199801445007,0.3772312104701996
SUPIR:ava_images___426629,SUPIR,ava_images___426629.png,dataset/sr/SUPIR/ava_images___426629.png,dataset/hr/ava_images___426629.png,dataset/lr/ava_images___426629.png,19.309228897094727,0.5678602839294523,0.3566170632839203,0.21112744510173798,1.500218152999878,0.22643812000751495,21.70077896118164,0.663105322424607,0.5010530948638916,0.49384865164756775,0.031997278332710266,0.2720295190811157,21.527469635009766,0.6385307310433959,0.4659121632575989,0.49731069803237915,1.3354852199554443,0.24830837547779083,21.471782684326172,0.652458596484097,0.4775329828262329,0.46907857060432434,0.5416243672370911,0.2500484585762024
SUPIR:ava_images___436880,SUPIR,ava_images___436880.png,dataset/sr/SUPIR/ava_images___436880.png,dataset/hr/ava_images___436880.png,dataset/lr/ava_images___436880.png,17.227371215820312,0.48070818075206834,0.3878509998321533,0.21287648379802704,1.6839863061904907,0.23549871146678925,20.073226928710938,0.622085645708473,0.45021992921829224,0.5247867107391357,0.04087948054075241,0.2842569351196289,19.832677841186523,0.5952908683720257,0.4388195872306824,0.4974706768989563,1.0763238668441772,0.22340159118175507,19.63312339782715,0.5969279556301957,0.4482402205467224,0.47169527411460876,0.9745917916297913,0.2677690386772156
SUPIR:ava_images___46021,SUPIR,ava_images___46021.png,dataset/sr/SUPIR/ava_images___46021.png,dataset/hr/ava_images___46021.png,dataset/lr/ava_images___46021.png,27.634559631347656,0.8749678368043297,0.18890899419784546,0.0636533796787262,1.2694861888885498,0.4814313054084778,26.919944763183594,0.870416420149527,0.3266579508781433,0.19237768650054932,-0.0051527065224945545,0.46252766251564026,26.685869216918945,0.8731610897105838,0.33217430114746094,0.12856876850128174,2.0309157371520996,0.4317391514778137,26.82556915283203,0.8716651318971618,0.3385390341281891,0.14316989481449127,0.8878263831138611,0.4590909481048584
SUPIR:ava_images___472713,SUPIR,ava_images___472713.png,dataset/sr/SUPIR/ava_images___472713.png,dataset/hr/ava_images___472713.png,dataset/lr/ava_images___472713.png,23.581409454345703,0.6733092117728303,0.360676109790802,0.20641668140888214,1.2725515365600586,0.35722026228904724,26.3800048828125,0.7845219553503031,0.398406058549881,0.33709093928337097,-0.10493528097867966,0.3691008985042572,26.076642990112305,0.7746450652426283,0.3970972001552582,0.31718558073043823,0.94154292345047,0.30862030386924744,26.078651428222656,0.780446943854156,0.39132383465766907,0.3079040050506592,0.5769342184066772,0.3338395655155182
SUPIR:ava_images___501777,SUPIR,ava_images___501777.png,dataset/sr/SUPIR/ava_images___501777.png,dataset/hr/ava_images___501777.png,dataset/lr/ava_images___501777.png,27.181621551513672,0.7018221560401477,0.441005676984787,0.35424789786338806,1.0002306699752808,0.26787739992141724,28.471668243408203,0.7314049923163938,0.5126442313194275,0.39702028036117554,0.34174948930740356,0.29824838042259216,28.42428970336914,0.7269295096506866,0.5201820731163025,0.41114747524261475,1.5029505491256714,0.28130289912223816,28.539140701293945,0.7328887869963169,0.5220171809196472,0.3796570897102356,0.989141047000885,0.28073427081108093
SUPIR:ava_images___564572,SUPIR,ava_images___564572.png,dataset/sr/SUPIR/ava_images___564572.png,dataset/hr/ava_images___564572.png,dataset/lr/ava_images___564572.png,23.230134963989258,0.7978259073481786,0.3281843662261963,0.16831478476524353,1.556195616722107,0.2827581763267517,28.004756927490234,0.854657721169803,0.3307197690010071,0.22328202426433563,-0.4186367690563202,0.3333489000797272,25.93912124633789,0.813181858043867,0.3674473762512207,0.21927356719970703,0.8099442720413208,0.28403615951538086,26.847755432128906,0.8418061841442762,0.3536410331726074,0.2084559202194214,0.20645827054977417,0.31058111786842346
SUPIR:ava_images___588008,SUPIR,ava_images___588008.png,dataset/sr/SUPIR/ava_images___588008.png,dataset/hr/ava_images___588008.png,dataset/lr/ava_images___588008.png,35.348514556884766,0.8736127503867499,0.3547230362892151,0.29100310802459717,1.1397260427474976,0.4490133225917816,36.52063751220703,0.8831527171423642,0.4040777087211609,0.41552621126174927,0.279649555683136,0.44844484329223633,31.05422019958496,0.869543957185281,0.41159725189208984,0.40698689222335815,0.9861132502555847,0.4503687918186188,30.800579071044922,0.8714862870116025,0.40586593747138977,0.4236251413822174,0.6533063054084778,0.46514758467674255
SUPIR:ava_images___645845,SUPIR,ava_images___645845.png,dataset/sr/SUPIR/ava_images___645845.png,dataset/hr/ava_images___645845.png,dataset/lr/ava_images___645845.png,23.314245223999023,0.7662038508051969,0.24930733442306519,0.16907624900341034,1.6463173627853394,0.3561291992664337,25.899913787841797,0.8602776961066843,0.3690212368965149,0.21648558974266052,0.5311896204948425,0.44401970505714417,25.74767303466797,0.8284919765013374,0.3079526722431183,0.2083260416984558,0.9917300343513489,0.404081791639328,25.98356056213379,0.8515898456875644,0.35409578680992126,0.21846294403076172,0.7955922484397888,0.41266709566116333
SUPIR:ava_images___699615,SUPIR,ava_images___699615.png,dataset/sr/SUPIR/ava_images___699615.png,dataset/hr/ava_images___699615.png,dataset/lr/ava_images___699615.png,21.52690887451172,0.7560207727952843,0.24448789656162262,0.15630318224430084,1.7085657119750977,0.42896005511283875,25.931976318359375,0.8480717865852718,0.26992103457450867,0.2579900324344635,0.20158043503761292,0.5195655226707458,25.339765548706055,0.8284958141324591,0.27529147267341614,0.24233250319957733,1.0909026861190796,0.4310440719127655,25.516660690307617,0.8326457257552928,0.2770652174949646,0.2359645664691925,0.827314555644989,0.4659784436225891
SUPIR:ava_images___710191,SUPIR,ava_images___710191.png,dataset/sr/SUPIR/ava_images___710191.png,dataset/hr/ava_images___710191.png,dataset/lr/ava_images___710191.png,26.409910202026367,0.8067286932386194,0.3109791874885559,0.09427434206008911,1.9980756044387817,0.3457927703857422,29.550418853759766,0.8517382769189755,0.34151792526245117,0.22105921804904938,-0.367710679769516,0.40746161341667175,28.697633743286133,0.82239899404697,0.3325713276863098,0.1872980147600174,1.3611698150634766,0.36098334193229675,28.832324981689453,0.8352646216797849,0.3311123847961426,0.18240395188331604,0.3629295825958252,0.3708067536354065
SUPIR:ava_images___737450,SUPIR,ava_images___737450.png,dataset/sr/SUPIR/ava_images___737450.png,dataset/hr/ava_images___737450.png,dataset/lr/ava_images___737450.png,25.03178596496582,0.8325683441143629,0.2141529768705368,0.13376425206661224,2.1872222423553467,0.45522257685661316,30.016826629638672,0.913650108489827,0.23397374153137207,0.1561664640903473,0.5951418280601501,0.4647710919380188,26.878868103027344,0.879104175031931,0.2372249960899353,0.1455973982810974,1.2490981817245483,0.42009612917900085,26.9659423828125,0.8836535481522003,0.2424486130475998,0.1527618169784546,0.9435420632362366,0.4087134897708893
SUPIR:ava_images___74410,SUPIR,ava_images___74410.png,dataset/sr/SUPIR/ava_images___74410.png,dataset/hr/ava_images___74410.png,dataset/lr/ava_images___74410.png,22.546600341796875,0.42255699278378395,0.4924300014972687,0.30581751465797424,1.051490306854248,0.3277193307876587,24.794715881347656,0.5820570041009556,0.548376202583313,0.560990571975708,0.7032544016838074,0.3502217233181,24.156612396240234,0.5498227130462604,0.5383926630020142,0.5590910315513611,1.2877696752548218,0.30872175097465515,24.407569885253906,0.5636551891121251,0.5607280731201172,0.5473498702049255,1.015252709388733,0.29210805892944336
SUPIR:ava_images___751927,SUPIR,ava_images___751927.png,dataset/sr/SUPIR/ava_images___751927.png,dataset/hr/ava_images___751927.png,dataset/lr/ava_images___751927.png,25.17489242553711,0.8043776046979711,0.2599655091762543,0.16157175600528717,0.9024989008903503,0.34651991724967957,28.860532760620117,0.8559226767452442,0.33560922741889954,0.20918159186840057,0.41416600346565247,0.34743398427963257,27.662750244140625,0.83328603274665,0.3175400495529175,0.19549548625946045,0.8665030002593994,0.32947689294815063,28.20703125,0.8461087797483283,0.31717732548713684,0.213786780834198,0.9460546970367432,0.3158547580242157
SUPIR:ava_images___773899,SUPIR,ava_images___773899.png,dataset/sr/SUPIR/ava_images___773899.png,dataset/hr/ava_images___773899.png,dataset/lr/ava_images___773899.png,27.110031127929688,0.8077760416412839,0.35799819231033325,0.1599791944026947,0.9201955795288086,0.361314982175827,31.081483840942383,0.8573028525029645,0.37581461668014526,0.2385786920785904,0.22540797293186188,0.4160881042480469,29.88127899169922,0.8329158786567528,0.3648815155029297,0.2262507826089859,1.7554900646209717,0.39570286870002747,30.395305633544922,0.8467963886109525,0.37536025047302246,0.21946173906326294,1.2964411973953247,0.39664727449417114
SUPIR:ava_images___827653,SUPIR,ava_images___827653.png,dataset/sr/SUPIR/ava_images___827653.png,dataset/hr/ava_images___827653.png,dataset/lr/ava_images___827653.png,20.726335525512695,0.591793986756232,0.4314400851726532,0.27368399500846863,2.735349655151367,0.2013794183731079,24.5821475982666,0.7164680816643415,0.41852492094039917,0.381368488073349,0.9510589838027954,0.34649476408958435,23.51017189025879,0.6669180925375001,0.41163647174835205,0.3763565421104431,1.3969624042510986,0.30885550379753113,23.5762939453125,0.6808072724585108,0.42300695180892944,0.3735097646713257,1.2894550561904907,0.29739052057266235
SUPIR:ava_images___842206,SUPIR,ava_images___842206.png,dataset/sr/SUPIR/ava_images___842206.png,dataset/hr/ava_images___842206.png,dataset/lr/ava_images___842206.png,28.021963119506836,0.8023492540536732,0.3096978962421417,0.15942595899105072,0.9336419701576233,0.43935662508010864,30.497777938842773,0.857740235910723,0.34826764464378357,0.26647067070007324,0.5845415592193604,0.43011102080345154,28.978879928588867,0.8416976845844538,0.35820889472961426,0.24356722831726074,1.3268978595733643,0.37914392352104187,29.75345802307129,0.8538793945360038,0.3449227809906006,0.25324520468711853,1.0219943523406982,0.400153249502182
SUPIR:ava_images___846773,SUPIR,ava_images___846773.png,dataset/sr/SUPIR/ava_images___846773.png,dataset/hr/ava_images___846773.png,dataset/lr/ava_images___846773.png,21.12248992919922,0.6403659663101807,0.3230050206184387,0.20880219340324402,1.5791616439819336,0.3441618084907532,25.4888916015625,0.7849165728742291,0.36950185894966125,0.32526183128356934,-0.10301201790571213,0.38103538751602173,26.468551635742188,0.7721841627033437,0.3780435621738434,0.28446441888809204,0.9706835150718689,0.3625147342681885,25.455636978149414,0.7696278724557927,0.401835173368454,0.3002918064594269,0.6026362180709839,0.33919739723205566
SUPIR:ava_images___857447,SUPIR,ava_images___857447.png,dataset/sr/SUPIR/ava_images___857447.png,dataset/hr/ava_images___857447.png,dataset/lr/ava_images___857447.png,20.11404800415039,0.5168380740911375,0.37202122807502747,0.2670011818408966,1.3919466733932495,0.3320874869823456,23.949575424194336,0.6446539949740588,0.4478330612182617,0.3753480315208435,0.4503331780433655,0.3416438102722168,23.471261978149414,0.61507635503409,0.4421660602092743,0.3310500383377075,0.9779984951019287,0.28753215074539185,23.492473602294922,0.6299501376184804,0.4541189670562744,0.34505221247673035,1.069991946220398,0.3008096218109131
SUPIR:ava_images___864250,SUPIR,ava_images___864250.png,dataset/sr/SUPIR/ava_images___864250.png,dataset/hr/ava_images___864250.png,dataset/lr/ava_images___864250.png,19.020631790161133,0.6485653852586672,0.34039682149887085,0.2397361695766449,2.2015388011932373,0.26423153281211853,22.493532180786133,0.7504498180315368,0.40963855385780334,0.343496173620224,0.2836654484272003,0.3161451816558838,22.117090225219727,0.7355510971966357,0.3984430432319641,0.3384056091308594,0.9641700387001038,0.261666864156723,21.94329833984375,0.7337565372985113,0.4168492555618286,0.3212895393371582,0.8774492740631104,0.28222528100013733
SUPIR:ava_images___865616,SUPIR,ava_images___865616.png,dataset/sr/SUPIR/ava_images___865616.png,dataset/hr/ava_images___865616.png,dataset/lr/ava_images___865616.png,18.674875259399414,0.5308428779274753,0.3464987277984619,0.24942205846309662,1.3671993017196655,0.265730619430542,20.31631851196289,0.6012808401923188,0.4238394796848297,0.33604851365089417,-0.0565912164747715,0.366458535194397,20.932090759277344,0.6203824729644547,0.4089619517326355,0.33574727177619934,0.3725229799747467,0.34087347984313965,20.146652221679688,0.595745809151189,0.4279845952987671,0.30691587924957275,0.48449838161468506,0.3462373912334442
SUPIR:ava_images___953752,SUPIR,ava_images___953752.png,dataset/sr/SUPIR/ava_images___953752.png,dataset/hr/ava_images___953752.png,dataset/lr/ava_images___953752.png,21.820079803466797,0.6377918781339132,0.31788259744644165,0.14951390027999878,1.9938355684280396,0.32498201727867126,25.268978118896484,0.7620326281902219,0.3794054687023163,0.3091452717781067,0.6207805275917053,0.4438459873199463,23.942577362060547,0.731534278580923,0.3790575861930847,0.3100477159023285,1.1290266513824463,0.3547402024269104,24.31783676147461,0.7476964626544608,0.3855122923851013,0.31321704387664795,0.802611768245697,0.4126891791820526
SUPIR:blur_dataset___out_of_focus0685,SUPIR,blur_dataset___out_of_focus0685.png,dataset/sr/SUPIR/blur_dataset___out_of_focus0685.png,dataset/hr/blur_dataset___out_of_focus0685.png,dataset/lr/blur_dataset___out_of_focus0685.png,26.421415328979492,0.7627749648431505,0.290367066860199,0.17847643792629242,1.4433667659759521,0.4205668866634369,30.35936737060547,0.8752537640953605,0.39757031202316284,0.2463400959968567,0.08797147870063782,0.4322115480899811,29.191102981567383,0.8588173576207346,0.3911705017089844,0.23943911492824554,1.2032651901245117,0.41202211380004883,29.67029571533203,0.8644461639784654,0.3875231444835663,0.24673312902450562,1.1494413614273071,0.3958929777145386
SUPIR:voc_emotic_ava___EMOTIC__COCO_train2014_000000244530,SUPIR,voc_emotic_ava___EMOTIC__COCO_train2014_000000244530.png,dataset/sr/SUPIR/voc_emotic_ava___EMOTIC__COCO_train2014_000000244530.png,dataset/hr/voc_emotic_ava___EMOTIC__COCO_train2014_000000244530.png,dataset/lr/voc_emotic_ava___EMOTIC__COCO_train2014_000000244530.png,24.48729705810547,0.6784640910835736,0.38803011178970337,0.25600728392601013,1.4530549049377441,0.322355180978775,27.613117218017578,0.774334991950955,0.4747161567211151,0.3931775689125061,0.30848047137260437,0.4851848781108856,27.425291061401367,0.7721663433705539,0.4644958972930908,0.3901412785053253,0.8075997829437256,0.44885706901550293,27.420530319213867,0.7746085436892284,0.47421500086784363,0.37217381596565247,0.5551605820655823,0.45479679107666016
SUPIR:voc_emotic_ava___EMOTIC__COCO_train2014_000000247190,SUPIR,voc_emotic_ava___EMOTIC__COCO_train2014_000000247190.png,dataset/sr/SUPIR/voc_emotic_ava___EMOTIC__COCO_train2014_000000247190.png,dataset/hr/voc_emotic_ava___EMOTIC__COCO_train2014_000000247190.png,dataset/lr/voc_emotic_ava___EMOTIC__COCO_train2014_000000247190.png,20.834922790527344,0.5010129563264539,0.3855893015861511,0.32350242137908936,1.6357401609420776,0.3027438819408417,24.31109619140625,0.702990845648245,0.41317006945610046,0.39710044860839844,0.2698567807674408,0.4203156530857086,23.86733627319336,0.6595243339996839,0.42812100052833557,0.40779924392700195,0.9643797278404236,0.36054009199142456,23.92038345336914,0.6838992513868632,0.4192919135093689,0.3887168765068054,0.6520649194717407,0.35951611399650574
SUPIR:voc_emotic_ava___EMOTIC__COCO_val2014_000000020598,SUPIR,voc_emotic_ava___EMOTIC__COCO_val2014_000000020598.png,dataset/sr/SUPIR/voc_emotic_ava___EMOTIC__COCO_val2014_000000020598.png,dataset/hr/voc_emotic_ava___EMOTIC__COCO_val2014_000000020598.png,dataset/lr/voc_emotic_ava___EMOTIC__COCO_val2014_000000020598.png,22.28714942932129,0.6683998499571758,0.3218587636947632,0.16173017024993896,1.614031195640564,0.27780473232269287,24.958984375,0.7817779784587461,0.38329899311065674,0.3740580976009369,0.2587782144546509,0.42987075448036194,24.230058670043945,0.7577365158254187,0.3765344023704529,0.3714643716812134,0.965684711933136,0.34211859107017517,24.299453735351562,0.7701094002731457,0.38374096155166626,0.34619447588920593,0.5574986338615417,0.39993005990982056
SUPIR:voc_emotic_ava___JPEGImages__2008_003883,SUPIR,voc_emotic_ava___JPEGImages__2008_003883.png,dataset/sr/SUPIR/voc_emotic_ava___JPEGImages__2008_003883.png,dataset/hr/voc_emotic_ava___JPEGImages__2008_003883.png,dataset/lr/voc_emotic_ava___JPEGImages__2008_003883.png,20.029571533203125,0.5214217625972563,0.43479686975479126,0.275627076625824,1.5485529899597168,0.31552109122276306,23.928396224975586,0.7153588761671196,0.48362070322036743,0.4446721076965332,0.09340183436870575,0.41413089632987976,23.483579635620117,0.6769162449254563,0.4841078519821167,0.44173240661621094,0.9178839921951294,0.31814199686050415,23.638431549072266,0.7123195616266391,0.47961556911468506,0.42632800340652466,0.534008800983429,0.3780902624130249
SUPIR:voc_emotic_ava___VOC2012__2010_004399,SUPIR,voc_emotic_ava___VOC2012__2010_004399.png,dataset/sr/SUPIR/voc_emotic_ava___VOC2012__2010_004399.png,dataset/hr/voc_emotic_ava___VOC2012__2010_004399.png,dataset/lr/voc_emotic_ava___VOC2012__2010_004399.png,21.892719268798828,0.6782810197589901,0.38213831186294556,0.24207144975662231,1.6312459707260132,0.3297078311443329,26.352231979370117,0.8189051918237841,0.4309045672416687,0.3265162706375122,0.4527294635772705,0.37511366605758667,25.57915687561035,0.7950882140040301,0.44791311025619507,0.29563069343566895,1.731101632118225,0.28285712003707886,25.662567138671875,0.8031567823204019,0.4454048275947571,0.29731592535972595,1.4802263975143433,0.3095819652080536
SUPIR:voc_emotic_ava___VOC2012__2012_004043,SUPIR,voc_emotic_ava___VOC2012__2012_004043.png,dataset/sr/SUPIR/voc_emotic_ava___VOC2012__2012_004043.png,dataset/hr/voc_emotic_ava___VOC2012__2012_004043.png,dataset/lr/voc_emotic_ava___VOC2012__2012_004043.png,19.92559814453125,0.49114038501674756,0.33395278453826904,0.24016237258911133,1.1387094259262085,0.26241013407707214,23.740997314453125,0.6620642339092249,0.39260342717170715,0.4498671889305115,-0.12147410959005356,0.370495468378067,23.16485595703125,0.6342107095415496,0.3918406665325165,0.4462157189846039,0.7140165567398071,0.3165688216686249,23.340471267700195,0.6443687121942585,0.39980775117874146,0.40276867151260376,0.723521888256073,0.32196664810180664
RealESRGAN:1024x768___4962875195,RealESRGAN,1024x768___4962875195.png,dataset/sr/RealESRGAN/1024x768___4962875195.png,dataset/hr/1024x768___4962875195.png,dataset/lr/1024x768___4962875195.png,28.51808738708496,0.8364960778959756,0.292059063911438,0.22221580147743225,0.9563604593276978,0.46608075499534607,29.74757957458496,0.9043828456521821,0.27222564816474915,0.2017681896686554,0.5899941325187683,0.5231570601463318,30.057266235351562,0.919824788696778,0.2420824021100998,0.1428675800561905,0.6047284603118896,0.49455419182777405,29.903488159179688,0.9210031495723016,0.25832822918891907,0.15431417524814606,0.7263520359992981,0.5019842982292175
RealESRGAN:ava_images___101816,RealESRGAN,ava_images___101816.png,dataset/sr/RealESRGAN/ava_images___101816.png,dataset/hr/ava_images___101816.png,dataset/lr/ava_images___101816.png,17.586742401123047,0.4331796898645961,0.4559973180294037,0.372444748878479,1.0112017393112183,0.27647924423217773,21.81713104248047,0.7139690184847405,0.3837917745113373,0.35836052894592285,-0.19995687901973724,0.42611533403396606,21.750682830810547,0.6933433061052257,0.39324045181274414,0.3279753029346466,0.4823976457118988,0.3787049651145935,21.68830680847168,0.7015099936285245,0.38062596321105957,0.305438369512558,0.21212460100650787,0.38873401284217834
RealESRGAN:ava_images___158174,RealESRGAN,ava_images___158174.png,dataset/sr/RealESRGAN/ava_images___158174.png,dataset/hr/ava_images___158174.png,dataset/lr/ava_images___158174.png,28.383066177368164,0.9204506845647421,0.18007230758666992,0.16445520520210266,0.2723843455314636,0.5155000686645508,28.21004867553711,0.9271812524913478,0.18195614218711853,0.13861265778541565,0.10057888925075531,0.5929309725761414,28.882068634033203,0.9463119505321161,0.14913485944271088,0.09945881366729736,0.393619567155838,0.5920551419258118,28.49632453918457,0.9387606538569769,0.1563636064529419,0.1115969717502594,0.16008056700229645,0.5744156241416931
RealESRGAN:ava_images___18037,RealESRGAN,ava_images___18037.png,dataset/sr/RealESRGAN/ava_images___18037.png,dataset/hr/ava_images___18037.png,dataset/lr/ava_images___18037.png,30.28173828125,0.9064252315509982,0.25924810767173767,0.2181919515132904,0.5426260232925415,0.5480995178222656,31.826688766479492,0.9381079963595671,0.2654188573360443,0.1717989593744278,0.557904064655304,0.5901636481285095,31.45829963684082,0.9457444031165804,0.2352578341960907,0.149524986743927,0.4336508512496948,0.5653976798057556,31.314496994018555,0.9402251550631399,0.2355726659297943,0.1550671011209488,0.645124614238739,0.572402834892273
RealESRGAN:ava_images___217590,RealESRGAN,ava_images___217590.png,dataset/sr/RealESRGAN/ava_images___217590.png,dataset/hr/ava_images___217590.png,dataset/lr/ava_images___217590.png,33.188236236572266,0.9378961631794805,0.191817045211792,0.09739173948764801,0.471932590007782,0.5250880122184753,34.59371566772461,0.9586295151567962,0.22145944833755493,0.11855210363864899,0.5394837260246277,0.5295082330703735,35.332481384277344,0.9638135994650623,0.24474447965621948,0.10605326294898987,0.7697456479072571,0.516487717628479,35.33538055419922,0.9639588062902265,0.2147517204284668,0.10000869631767273,0.6197740435600281,0.5084086060523987
RealESRGAN:ava_images___251530,RealESRGAN,ava_images___251530.png,dataset/sr/RealESRGAN/ava_images___251530.png,dataset/hr/ava_images___251530.png,dataset/lr/ava_images___251530.png,14.609895706176758,0.21419350644160096,0.5272184014320374,0.48360297083854675,1.4020496606826782,0.17534518241882324,19.19033432006836,0.5486682945945743,0.5355058908462524,0.377716988325119,-0.2936071455478668,0.3027103841304779,20.26340103149414,0.5371876066866493,0.5029235482215881,0.392576664686203,0.07035414129495621,0.2792535722255707,19.88792610168457,0.5472001780563112,0.48318958282470703,0.3476879596710205,-0.12303785234689713,0.2667943239212036
RealESRGAN:ava_images___253900,RealESRGAN,ava_images___253900.png,dataset/sr/RealESRGAN/ava_images___253900.png,dataset/hr/ava_images___253900.png,dataset/lr/ava_images___253900.png,23.81270980834961,0.8025847512972671,0.3151562213897705,0.1475524604320526,0.8466972708702087,0.3199707567691803,28.17780303955078,0.8807592969194482,0.2583993375301361,0.14121949672698975,-0.20822158455848694,0.4161504805088043,28.576820373535156,0.8889698114058667,0.22492772340774536,0.11577655375003815,0.2188224047422409,0.38244640827178955,28.61048126220703,0.8889443880679333,0.21529735624790192,0.11592744290828705,0.03002227656543255,0.4116518199443817
RealESRGAN:ava_images___273810,RealESRGAN,ava_images___273810.png,dataset/sr/RealESRGAN/ava_images___273810.png,dataset/hr/ava_images___273810.png,dataset/lr/ava_images___273810.png,28.180118560791016,0.9057672626870394,0.22910375893115997,0.14020496606826782,0.4370892345905304,0.49589815735816956,30.396202087402344,0.9384955149669167,0.20790037512779236,0.18739721179008484,0.3351331353187561,0.5514011383056641,31.32036590576172,0.9541197138031765,0.16899916529655457,0.11789381504058838,0.6185850501060486,0.5213231444358826,31.244892120361328,0.9510212979758192,0.1821746826171875,0.1383877396583557,0.4444500505924225,0.5286123156547546
RealESRGAN:ava_images___295451,RealESRGAN,ava_images___295451.png,dataset/sr/RealESRGAN/ava_images___295451.png,dataset/hr/ava_images___295451.png,dataset/lr/ava_images___295451.png,23.229400634765625,0.8468281900939558,0.3016400635242462,0.1383105218410492,0.2591889500617981,0.36216631531715393,25.83185577392578,0.8892323102197887,0.26741182804107666,0.14402027428150177,-0.9680086970329285,0.4468691051006317,26.245426177978516,0.8952323321881609,0.2282610833644867,0.1058749184012413,-0.20405298471450806,0.41967344284057617,26.389141082763672,0.8991112930424052,0.25870734453201294,0.10342950373888016,-0.07383947819471359,0.4233737587928772
RealESRGAN:ava_images___308473,RealESRGAN,ava_images___308473.png,dataset/sr/RealESRGAN/ava_images___308473.png,dataset/hr/ava_images___308473.png,dataset/lr/ava_images___308473.png,23.90409278869629,0.7532140296786984,0.32845455408096313,0.18098407983779907,0.7465185523033142,0.3106566369533539,27.33039093017578,0.8731498441493835,0.27621012926101685,0.15126463770866394,-0.7923153042793274,0.4042825698852539,27.10521697998047,0.8798312746081092,0.23239779472351074,0.1303621232509613,0.06615641713142395,0.37056633830070496,27.700889587402344,0.8877608278699394,0.24503234028816223,0.11548817902803421,-0.04154635965824127,0.40389391779899597
RealESRGAN:ava_images___321917,RealESRGAN,ava_images___321917.png,dataset/sr/RealESRGAN/ava_images___321917.png,dataset/hr/ava_images___321917.png,dataset/lr/ava_images___321917.png,15.264209747314453,0.40260278856102205,0.39191630482673645,0.2203822135925293,1.2358441352844238,0.21936045587062836,19.118268966674805,0.6001453903388576,0.47128820419311523,0.5323618054389954,-0.33879274129867554,0.33427730202674866,19.230548858642578,0.5794404944968707,0.45178937911987305,0.5088404417037964,0.45351362228393555,0.28987500071525574,19.217512130737305,0.6006403747780283,0.4601207375526428,0.48336082696914673,0.28724557161331177,0.31822726130485535
RealESRGAN:ava_images___360165,RealESRGAN,ava_images___360165.png,dataset/sr/RealESRGAN/ava_images___360165.png,dataset/hr/ava_images___360165.png,dataset/lr/ava_images___360165.png,20.48394203186035,0.7858782101475429,0.26852113008499146,0.17206384241580963,0.7174534797668457,0.36462512612342834,23.126317977905273,0.8461544892514554,0.23978906869888306,0.21726056933403015,-0.7517430782318115,0.4643830358982086,23.667831420898438,0.8694165322321314,0.19018414616584778,0.15764091908931732,-0.18984928727149963,0.45509693026542664,23.70796012878418,0.8696196905669318,0.21983197331428528,0.17557911574840546,-0.26212435960769653,0.45272096991539
RealESRGAN:ava_images___426629,RealESRGAN,ava_images___426629.png,dataset/sr/RealESRGAN/ava_images___426629.png,dataset/hr/ava_images___426629.png,dataset/lr/ava_images___426629.png,20.954837799072266,0.6457515317215593,0.35733574628829956,0.23461458086967468,1.1911308765411377,0.30205681920051575,24.698204040527344,0.8005332547155128,0.38516104221343994,0.29763996601104736,-0.24983356893062592,0.38711854815483093,24.826833724975586,0.79631192568381,0.3355177044868469,0.2837640643119812,0.24667218327522278,0.362064927816391,24.49526023864746,0.7898510438155589,0.3661041557788849,0.25919342041015625,-0.06680503487586975,0.3568004071712494
RealESRGAN:ava_images___436880,RealESRGAN,ava_images___436880.png,dataset/sr/RealESRGAN/ava_images___436880.png,dataset/hr/ava_images___436880.png,dataset/lr/ava_images___436880.png,18.559696197509766,0.5865998435136222,0.3682253062725067,0.2507951855659485,1.0746433734893799,0.2763994336128235,21.6744441986084,0.7388260557569163,0.341249942779541,0.3256734311580658,-0.6961008310317993,0.3453441560268402,22.1007137298584,0.7519145118599347,0.3146184980869293,0.28648310899734497,-0.1556125432252884,0.32588472962379456,22.251298904418945,0.7533399918226614,0.3243095576763153,0.261612206697464,-0.2732928395271301,0.36132508516311646
RealESRGAN:ava_images___46021,RealESRGAN,ava_images___46021.png,dataset/sr/RealESRGAN/ava_images___46021.png,dataset/hr/ava_images___46021.png,dataset/lr/ava_images___46021.png,25.423124313354492,0.9090349098148621,0.26011931896209717,0.13456566631793976,-0.3407011330127716,0.5330098271369934,24.781362533569336,0.8881324662086958,0.2440834939479828,0.21712841093540192,-1.0365071296691895,0.48453769087791443,27.117673873901367,0.9402291735079116,0.17750123143196106,0.08372464776039124,0.21004493534564972,0.5194525122642517,26.063743591308594,0.9189053180323232,0.20907899737358093,0.13667474687099457,-0.43913277983665466,0.5042425990104675
RealESRGAN:ava_images___472713,RealESRGAN,ava_images___472713.png,dataset/sr/RealESRGAN/ava_images___472713.png,dataset/hr/ava_images___472713.png,dataset/lr/ava_images___472713.png,24.92023468017578,0.764317796055195,0.3447313904762268,0.24470670521259308,1.238784670829773,0.35095545649528503,28.157546997070312,0.9063155700453823,0.24701181054115295,0.1659177988767624,0.0782850831747055,0.45278486609458923,27.687246322631836,0.8977691112762082,0.2363475263118744,0.15000852942466736,0.8206507563591003,0.4167965054512024,27.745651245117188,0.9041452989988249,0.2300269454717636,0.15178216993808746,0.5723174810409546,0.43074390292167664
RealESRGAN:ava_images___501777,RealESRGAN,ava_images___501777.png,dataset/sr/RealESRGAN/ava_images___501777.png,dataset/hr/ava_images___501777.png,dataset/lr/ava_images___501777.png,26.580581665039062,0.8637437644962312,0.3134668469429016,0.18315494060516357,0.7879652976989746,0.39560380578041077,27.018482208251953,0.9034572847721484,0.2945447862148285,0.22574815154075623,0.4461105167865753,0.4602104127407074,28.07070541381836,0.9188566788056985,0.26067736744880676,0.15788808465003967,0.3623711168766022,0.4429031014442444,27.941991806030273,0.9187055284422242,0.27599355578422546,0.177266463637352,0.4424993097782135,0.4603131413459778
RealESRGAN:ava_images___564572,RealESRGAN,ava_images___564572.png,dataset/sr/RealESRGAN/ava_images___564572.png,dataset/hr/ava_images___564572.png,dataset/lr/ava_images___564572.png,24.502132415771484,0.8414348568608147,0.21529632806777954,0.22888310253620148,0.7246303558349609,0.3149387836456299,29.21432876586914,0.8936970514320256,0.20828980207443237,0.0940089076757431,0.30384930968284607,0.3748731017112732,28.3211612701416,0.8929008148887926,0.17677918076515198,0.07541447132825851,0.14099819958209991,0.38833457231521606,28.863637924194336,0.9054245923668996,0.17261558771133423,0.09180480241775513,0.06887652724981308,0.3890809714794159
RealESRGAN:ava_images___588008,RealESRGAN,ava_images___588008.png,dataset/sr/RealESRGAN/ava_images___588008.png,dataset/hr/ava_images___588008.png,dataset/lr/ava_images___588008.png,36.39337158203125,0.9675184324372204,0.19504347443580627,0.09982402622699738,0.8246939182281494,0.564248263835907,36.500858306884766,0.9698233827858439,0.19091154634952545,0.15694372355937958,0.3712223768234253,0.5664979815483093,31.40907096862793,0.9616136070009645,0.15549074113368988,0.15890266001224518,0.8105672001838684,0.5467334985733032,31.052656173706055,0.960631862482552,0.17678184807300568,0.18094493448734283,0.6421683430671692,0.5482444763183594
RealESRGAN:ava_images___645845,RealESRGAN,ava_images___645845.png,dataset/sr/RealESRGAN/ava_images___645845.png,dataset/hr/ava_images___645845.png,dataset/lr/ava_images___645845.png,23.791248321533203,0.7954642772612679,0.3203243613243103,0.20151779055595398,1.4067848920822144,0.3288883864879608,28.789276123046875,0.9069659926145854,0.26574432849884033,0.1646134853363037,0.3167870342731476,0.4563632011413574,27.7689208984375,0.862547080426783,0.2604959011077881,0.1477028727531433,0.6145349740982056,0.42875805497169495,28.583675384521484,0.9034625509316371,0.2445141077041626,0.14555776119232178,0.4331701397895813,0.4289657771587372
RealESRGAN:ava_images___699615,RealESRGAN,ava_images___699615.png,dataset/sr/RealESRGAN/ava_images___699615.png,dataset/hr/ava_images___699615.png,dataset/lr/ava_images___699615.png,22.970184326171875,0.8191146439002428,0.21915699541568756,0.14824771881103516,0.9628866910934448,0.43774157762527466,25.971237182617188,0.8929113465365678,0.2049250304698944,0.1338845193386078,0.358447402715683,0.5477877855300903,27.08252716064453,0.916298860717836,0.16774633526802063,0.10698924213647842,0.48696210980415344,0.53322434425354,27.11600112915039,0.9129810530255312,0.18585631251335144,0.1124514564871788,0.40598681569099426,0.5364874005317688
RealESRGAN:ava_images___710191,RealESRGAN,ava_images___710191.png,dataset/sr/RealESRGAN/ava_images___710191.png,dataset/hr/ava_images___710191.png,dataset/lr/ava_images___710191.png,27.60892105102539,0.8454372269858115,0.19629718363285065,0.15457995235919952,0.7442542314529419,0.37511536478996277,31.291370391845703,0.905354019520148,0.17740745842456818,0.10680277645587921,0.43440911173820496,0.4241115152835846,33.0126953125,0.917143455360612,0.1484842300415039,0.05162501335144043,0.454081654548645,0.4331064224243164,32.33270263671875,0.9090423751135743,0.16081500053405762,0.07399042695760727,0.5520079731941223,0.40180978178977966
RealESRGAN:ava_images___737450,RealESRGAN,ava_images___737450.png,dataset/sr/RealESRGAN/ava_images___737450.png,dataset/hr/ava_images___737450.png,dataset/lr/ava_images___737450.png,25.0367374420166,0.8487832953024576,0.2182309776544571,0.20051845908164978,1.7210097312927246,0.40061578154563904,28.94808578491211,0.9306916051244829,0.19391271471977234,0.08079549670219421,0.937305748462677,0.4448155462741852,26.59502410888672,0.9291579743854955,0.18494683504104614,0.08152490854263306,1.0067238807678223,0.45555850863456726,26.734378814697266,0.9282839348414383,0.18634942173957825,0.08407518267631531,0.5094438791275024,0.4391012191772461
RealESRGAN:ava_images___74410,RealESRGAN,ava_images___74410.png,dataset/sr/RealESRGAN/ava_images___74410.png,dataset/hr/ava_images___74410.png,dataset/lr/ava_images___74410.png,24.53293228149414,0.5583711311126045,0.3944222331047058,0.30510932207107544,1.6019198894500732,0.3871329426765442,27.49233627319336,0.7756439206511224,0.3554314374923706,0.26632195711135864,0.6517225503921509,0.43910446763038635,27.456863403320312,0.7294594021677193,0.35718971490859985,0.2596198320388794,1.1032568216323853,0.39045143127441406,27.942707061767578,0.7603988446656376,0.3520520329475403,0.2549562454223633,0.8742865920066833,0.39152756333351135
RealESRGAN:ava_images___751927,RealESRGAN,ava_images___751927.png,dataset/sr/RealESRGAN/ava_images___751927.png,dataset/hr/ava_images___751927.png,dataset/lr/ava_images___751927.png,25.707679748535156,0.8402057320475358,0.2595040202140808,0.278885155916214,0.21569816768169403,0.3200390934944153,32.13826370239258,0.9436499007105039,0.2454458773136139,0.08438358455896378,-0.6894331574440002,0.39583873748779297,29.41988182067871,0.9084151541746006,0.24081724882125854,0.11224496364593506,0.9210309386253357,0.34910327196121216,30.522216796875,0.9297268555485287,0.21905404329299927,0.08598512411117554,0.7418035268783569,0.36214956641197205
RealESRGAN:ava_images___773899,RealESRGAN,ava_images___773899.png,dataset/sr/RealESRGAN/ava_images___773899.png,dataset/hr/ava_images___773899.png,dataset/lr/ava_images___773899.png,26.41492462158203,0.8486098026186478,0.2644960880279541,0.14272326231002808,-0.38050341606140137,0.3929564952850342,27.466148376464844,0.8809679199333491,0.2670692801475525,0.19037525355815887,-1.1233770847320557,0.4225970208644867,28.818614959716797,0.897980420165095,0.2178308069705963,0.14022576808929443,-0.19729791581630707,0.4219382703304291,28.59773826599121,0.8954428446705762,0.2378658801317215,0.14489367604255676,-0.46996480226516724,0.43010178208351135
RealESRGAN:ava_images___827653,RealESRGAN,ava_images___827653.png,dataset/sr/RealESRGAN/ava_images___827653.png,dataset/hr/ava_images___827653.png,dataset/lr/ava_images___827653.png,21.418659210205078,0.683603490991633,0.3497326076030731,0.31325945258140564,1.9374065399169922,0.24199967086315155,25.318126678466797,0.8381995736348814,0.27323290705680847,0.15535740554332733,0.9360620379447937,0.3414164185523987,25.322561264038086,0.8458120189787516,0.24904587864875793,0.1371731013059616,0.7927260994911194,0.3772011399269104,25.63018035888672,0.8454494308866164,0.24660438299179077,0.14143973588943481,0.7550814151763916,0.34779176115989685
RealESRGAN:ava_images___842206,RealESRGAN,ava_images___842206.png,dataset/sr/RealESRGAN/ava_images___842206.png,dataset/hr/ava_images___842206.png,dataset/lr/ava_images___842206.png,27.307979583740234,0.8158171553218706,0.3228665590286255,0.19949284195899963,0.6013078689575195,0.4439826011657715,29.390727996826172,0.881313003361504,0.30024635791778564,0.17067879438400269,0.0693388432264328,0.4727539122104645,29.534482955932617,0.8770117836704467,0.2978717088699341,0.15807068347930908,0.7522766590118408,0.4430186450481415,29.67034339904785,0.8869894903497132,0.2720746695995331,0.15513436496257782,0.48785701394081116,0.4645843505859375
RealESRGAN:ava_images___846773,RealESRGAN,ava_images___846773.png,dataset/sr/RealESRGAN/ava_images___846773.png,dataset/hr/ava_images___846773.png,dataset/lr/ava_images___846773.png,20.3056697845459,0.6575396402830189,0.32276788353919983,0.28493785858154297,1.3569061756134033,0.3012497127056122,24.679983139038086,0.8081632218787058,0.2884712517261505,0.17804591357707977,-0.20373399555683136,0.35056671500205994,24.957847595214844,0.8022706150272888,0.2758411169052124,0.15984156727790833,0.817030668258667,0.3281345069408417,25.02523422241211,0.8132143055177503,0.29907867312431335,0.16445012390613556,0.309013694524765,0.3307589888572693
RealESRGAN:ava_images___857447,RealESRGAN,ava_images___857447.png,dataset/sr/RealESRGAN/ava_images___857447.png,dataset/hr/ava_images___857447.png,dataset/lr/ava_images___857447.png,20.900278091430664,0.5521857358255958,0.379791259765625,0.4082218408584595,1.9977596998214722,0.3100981116294861,25.2712459564209,0.7501301841816359,0.3328329622745514,0.23531146347522736,0.8270215392112732,0.35654041171073914,25.382091522216797,0.7296315745859161,0.3245033919811249,0.2202458530664444,1.3989081382751465,0.32254931330680847,25.164493560791016,0.7401596351469447,0.33084186911582947,0.2243289053440094,1.4955346584320068,0.33054661750793457
RealESRGAN:ava_images___864250,RealESRGAN,ava_images___864250.png,dataset/sr/RealESRGAN/ava_images___864250.png,dataset/hr/ava_images___864250.png,dataset/lr/ava_images___864250.png,19.79151153564453,0.7341764615096512,0.3293170928955078,0.26263290643692017,1.8367035388946533,0.30719009041786194,23.70110511779785,0.8590368098893565,0.28139403462409973,0.1573139727115631,0.639453649520874,0.3731776177883148,23.608522415161133,0.8620206435240788,0.25176554918289185,0.12940026819705963,0.5331906080245972,0.38587725162506104,23.666812896728516,0.8432787698231743,0.28371888399124146,0.16475839912891388,0.7801200747489929,0.3588084578514099
RealESRGAN:ava_images___865616,RealESRGAN,ava_images___865616.png,dataset/sr/RealESRGAN/ava_images___865616.png,dataset/hr/ava_images___865616.png,dataset/lr/ava_images___865616.png,19.25928497314453,0.6123209687575187,0.33772528171539307,0.2754001021385193,1.0357099771499634,0.26422831416130066,23.07245635986328,0.7554748482452678,0.3187435269355774,0.25084394216537476,-0.6470884680747986,0.37195301055908203,23.104494094848633,0.7617195319113688,0.2936812937259674,0.2421383559703827,-0.3042253255844116,0.3767080307006836,23.022899627685547,0.7472407152506392,0.31635749340057373,0.21513484418392181,-0.19278831779956818,0.36489853262901306
RealESRGAN:ava_images___953752,RealESRGAN,ava_images___953752.png,dataset/sr/RealESRGAN/ava_images___953752.png,dataset/hr/ava_images___953752.png,dataset/lr/ava_images___953752.png,22.319072723388672,0.6794242648752652,0.3178967237472534,0.2699436545372009,1.8717353343963623,0.30945804715156555,25.82780647277832,0.8412777150348386,0.2799454927444458,0.17538833618164062,0.5986548066139221,0.4159885048866272,25.10967254638672,0.8291551302112703,0.2699953317642212,0.17271018028259277,0.7373390793800354,0.4266066551208496,25.569625854492188,0.8392664250438862,0.27838730812072754,0.1761144995689392,0.47603732347488403,0.4358900189399719
RealESRGAN:blur_dataset___out_of_focus0685,RealESRGAN,blur_dataset___out_of_focus0685.png,dataset/sr/RealESRGAN/blur_dataset___out_of_focus0685.png,dataset/hr/blur_dataset___out_of_focus0685.png,dataset/lr/blur_dataset___out_of_focus0685.png,27.19171714782715,0.8151674107036674,0.34678640961647034,0.28213050961494446,1.2067111730575562,0.4179632365703583,29.421714782714844,0.916757247815313,0.30100199580192566,0.11346638202667236,-0.25939303636550903,0.4799466133117676,30.190406799316406,0.9328698907667372,0.2744288444519043,0.09007932990789413,0.3432654142379761,0.5002849102020264,30.460678100585938,0.9385760765803545,0.2502647042274475,0.09529601782560349,0.10011009871959686,0.49398836493492126
RealESRGAN:voc_emotic_ava___EMOTIC__COCO_train2014_000000244530,RealESRGAN,voc_emotic_ava___EMOTIC__COCO_train2014_000000244530.png,dataset/sr/RealESRGAN/voc_emotic_ava___EMOTIC__COCO_train2014_000000244530.png,dataset/hr/voc_emotic_ava___EMOTIC__COCO_train2014_000000244530.png,dataset/lr/voc_emotic_ava___EMOTIC__COCO_train2014_000000244530.png,24.704408645629883,0.7504894586249783,0.37408560514450073,0.29426199197769165,0.9843778014183044,0.31601575016975403,28.083953857421875,0.874045825320913,0.3279455602169037,0.25109004974365234,-0.06968747079372406,0.534252941608429,27.891193389892578,0.8874776223343254,0.2964393198490143,0.23564513027668,0.19977106153964996,0.5302069187164307,28.269512176513672,0.8855662897272198,0.298989862203598,0.21817488968372345,0.08567256480455399,0.5182633996009827
RealESRGAN:voc_emotic_ava___EMOTIC__COCO_train2014_000000247190,RealESRGAN,voc_emotic_ava___EMOTIC__COCO_train2014_000000247190.png,dataset/sr/RealESRGAN/voc_emotic_ava___EMOTIC__COCO_train2014_000000247190.png,dataset/hr/voc_emotic_ava___EMOTIC__COCO_train2014_000000247190.png,dataset/lr/voc_emotic_ava___EMOTIC__COCO_train2014_000000247190.png,22.711681365966797,0.6029164709914224,0.3583879768848419,0.36098456382751465,1.314903974533081,0.3250702917575836,26.432281494140625,0.8233221619653995,0.2957291603088379,0.25293436646461487,0.007089408114552498,0.4879700839519501,26.219690322875977,0.7993441215328603,0.31044602394104004,0.24787768721580505,0.5555194616317749,0.42622023820877075,26.452484130859375,0.817395492016152,0.2963038980960846,0.2280779331922531,0.28337785601615906,0.4320184886455536
RealESRGAN:voc_emotic_ava___EMOTIC__COCO_val2014_000000020598,RealESRGAN,voc_emotic_ava___EMOTIC__COCO_val2014_000000020598.png,dataset/sr/RealESRGAN/voc_emotic_ava___EMOTIC__COCO_val2014_000000020598.png,dataset/hr/voc_emotic_ava___EMOTIC__COCO_val2014_000000020598.png,dataset/lr/voc_emotic_ava___EMOTIC__COCO_val2014_000000020598.png,22.251075744628906,0.7003984630361367,0.32740867137908936,0.2206960767507553,1.0050780773162842,0.31452199816703796,24.402925491333008,0.8242390107359798,0.29945454001426697,0.27167871594429016,0.11500535905361176,0.4825562536716461,24.14117431640625,0.8296660726044939,0.2860516309738159,0.25319236516952515,0.3514922857284546,0.44883519411087036,24.2342472076416,0.8308370036866816,0.28942736983299255,0.23709797859191895,0.1861543357372284,0.4719618260860443
RealESRGAN:voc_emotic_ava___JPEGImages__2008_003883,RealESRGAN,voc_emotic_ava___JPEGImages__2008_003883.png,dataset/sr/RealESRGAN/voc_emotic_ava___JPEGImages__2008_003883.png,dataset/hr/voc_emotic_ava___JPEGImages__2008_003883.png,dataset/lr/voc_emotic_ava___JPEGImages__2008_003883.png,20.60573959350586,0.5859385858506891,0.4319542944431305,0.34738802909851074,1.3480643033981323,0.2918398380279541,24.90777015686035,0.8071736780862343,0.3561176061630249,0.28116321563720703,-0.0017660582670941949,0.4335002899169922,24.45543098449707,0.7776504966684378,0.36150866746902466,0.2756841480731964,0.770538330078125,0.38613325357437134,25.296728134155273,0.8245578110772467,0.32990601658821106,0.2434951663017273,0.1368245631456375,0.4251178801059723
RealESRGAN:voc_emotic_ava___VOC2012__2010_004399,RealESRGAN,voc_emotic_ava___VOC2012__2010_004399.png,dataset/sr/RealESRGAN/voc_emotic_ava___VOC2012__2010_004399.png,dataset/hr/voc_emotic_ava___VOC2012__2010_004399.png,dataset/lr/voc_emotic_ava___VOC2012__2010_004399.png,21.44399642944336,0.7093293738743783,0.38998475670814514,0.2913190722465515,0.4853893220424652,0.3028653562068939,23.828475952148438,0.8008055797430091,0.319696307182312,0.2907125949859619,-0.19203098118305206,0.4026339650154114,23.977535247802734,0.8154492229409048,0.31143438816070557,0.21400071680545807,0.27754124999046326,0.371489018201828,24.13439178466797,0.8146756148853865,0.308761328458786,0.23960372805595398,0.2730298936367035,0.39360854029655457
RealESRGAN:voc_emotic_ava___VOC2012__2012_004043,RealESRGAN,voc_emotic_ava___VOC2012__2012_004043.png,dataset/sr/RealESRGAN/voc_emotic_ava___VOC2012__2012_004043.png,dataset/hr/voc_emotic_ava___VOC2012__2012_004043.png,dataset/lr/voc_emotic_ava___VOC2012__2012_004043.png,20.943721771240234,0.5786841629171975,0.3173865079879761,0.31981706619262695,1.2404989004135132,0.31730127334594727,25.306873321533203,0.8073628163554325,0.2688296139240265,0.23238669335842133,-0.5508067011833191,0.4530690312385559,24.631725311279297,0.7908148863060122,0.2694742679595947,0.21778902411460876,0.22720257937908173,0.42452654242515564,25.107545852661133,0.792576870128767,0.2736048400402069,0.19336265325546265,0.16665561497211456,0.4185605049133301
