sample_id,sr_method,sr_filename,sr_path,dataset,test_case,rel_path,gt_path,lr_path,set_type,resnet_diff_000,resnet_diff_001,resnet_diff_002,resnet_diff_003,resnet_diff_004
QualiSR-Set120/PASD/1024x768___4962875195.npy.gz,PASD,1024x768___4962875195.png,../../../mnt/ssd2/29o_rya/datasets/iqa/QualiSR-Set120/sr/PASD/1024x768___4962875195.png,QualiSR-Set120,1024x768___4962875195,PASD/1024x768___4962875195.png,../../../mnt/ssd2/29o_rya/datasets/iqa/QualiSR-Set120/hr/1024x768___4962875195.png,../../../mnt/ssd2/29o_rya/datasets/iqa/QualiSR-Set120/lr/1024x768___4962875195.png,train,-0.28658983000000005,0.10097939,0.15230109999999986,0.09440129999999991,-0.046569943
QualiSR-Set120/RealESRGAN/1024x768___4962875195.npy.gz,RealESRGAN,1024x768___4962875195.png,../../../mnt/ssd2/29o_rya/datasets/iqa/QualiSR-Set120/sr/RealESRGAN/1024x768___4962875195.png,QualiSR-Set120,1024x768___4962875195,RealESRGAN/1024x768___4962875195.png,../../../mnt/ssd2/29o_rya/datasets/iqa/QualiSR-Set120/hr/1024x768___4962875195.png,../../../mnt/ssd2/29o_rya/datasets/iqa/QualiSR-Set120/lr/1024x768___4962875195.png,train,-0.33870049999999996,0.009156940000000002,-0.09904740000000012,0.29172299999999995,0.059761762999999996
QualiSR-Set120/SUPIR/1024x768___4962875195.npy.gz,SUPIR,1024x768___4962875195.png,../../../mnt/ssd2/29o_rya/datasets/iqa/QualiSR-Set120/sr/SUPIR/1024x768___4962875195.png,QualiSR-Set120,1024x768___4962875195,SUPIR/1024x768___4962875195.png,../../../mnt/ssd2/29o_rya/datasets/iqa/QualiSR-Set120/hr/1024x768___4962875195.png,../../../mnt/ssd2/29o_rya/datasets/iqa/QualiSR-Set120/lr/1024x768___4962875195.png,train,-0.20892736,-0.010072660000000011,0.1210138999999999,0.06869829999999988,0.003326654999999998
QualiSR-Set120/PASD/ava_images___101816.npy.gz,PASD,ava_images___101816.png,../../../mnt/ssd2/29o_rya/datasets/iqa/QualiSR-Set120/sr/PASD/ava_images___101816.png,QualiSR-Set120,ava_images___101816,PASD/ava_images___101816.png,../../../mnt/ssd2/29o_rya/datasets/iqa/QualiSR-Set120/hr/ava_images___101816.png,../../../mnt/ssd2/29o_rya/datasets/iqa/QualiSR-Set120/lr/ava_images___101816.png,train,-3.0259031,-0.73481923,-0.4554222000000001,0.9539385,1.2026167
QualiSR-Set120/RealESRGAN/ava_images___101816.npy.gz,RealESRGAN,ava_images___101816.png,../../../mnt/ssd2/29o_rya/datasets/iqa/QualiSR-Set120/sr/RealESRGAN/ava_images___101816.png,QualiSR-Set120,ava_images___101816,RealESRGAN/ava_images___101816.png,../../../mnt/ssd2/29o_rya/datasets/iqa/QualiSR-Set120/hr/ava_images___101816.png,../../../mnt/ssd2/29o_rya/datasets/iqa/QualiSR-Set120/lr/ava_images___101816.png,train,-2.7615442000000003,-0.41960244999999996,-0.48812299999999986,0.34503339999999993,0.8869717000000001
QualiSR-Set120/SUPIR/ava_images___101816.npy.gz,SUPIR,ava_images___101816.png,../../../mnt/ssd2/29o_rya/datasets/iqa/QualiSR-Set120/sr/SUPIR/ava_images___101816.png,QualiSR-Set120,ava_images___101816,SUPIR/ava_images___101816.png,../../../mnt/ssd2/29o_rya/datasets/iqa/QualiSR-Set120/hr/ava_images___101816.png,../../../mnt/ssd2/29o_rya/datasets/iqa/QualiSR-Set120/lr/ava_images___101816.png,train,-3.0328834000000002,-0.6662996300000001,-0.47783960000000003,0.6696154000000001,1.048632
QualiSR-Set120/PASD/ava_images___158174.npy.gz,PASD,ava_images___158174.png,../../../mnt/ssd2/29o_rya/datasets/iqa/QualiSR-Set120/sr/PASD/ava_images___158174.png,QualiSR-Set120,ava_images___158174,PASD/ava_images___158174.png,../../../mnt/ssd2/29o_rya/datasets/iqa/QualiSR-Set120/hr/ava_images___158174.png,../../../mnt/ssd2/29o_rya/datasets/iqa/QualiSR-Set120/lr/ava_images___158174.png,train,-0.3434353999999997,0.8641242999999994,0.8612529999999996,-0.23716669999999995,0.31798792
QualiSR-Set120/RealESRGAN/ava_images___158174.npy.gz,RealESRGAN,ava_images___158174.png,../../../mnt/ssd2/29o_rya/datasets/iqa/QualiSR-Set120/sr/RealESRGAN/ava_images___158174.png,QualiSR-Set120,ava_images___158174,RealESRGAN/ava_images___158174.png,../../../mnt/ssd2/29o_rya/datasets/iqa/QualiSR-Set120/hr/ava_images___158174.png,../../../mnt/ssd2/29o_rya/datasets/iqa/QualiSR-Set120/lr/ava_images___158174.png,train,-0.005161799999999994,0.5698603999999996,0.7935220000000003,-0.04503729999999995,0.82577014
QualiSR-Set120/SUPIR/ava_images___158174.npy.gz,SUPIR,ava_images___158174.png,../../../mnt/ssd2/29o_rya/datasets/iqa/QualiSR-Set120/sr/SUPIR/ava_images___158174.png,QualiSR-Set120,ava_images___158174,SUPIR/ava_images___158174.png,../../../mnt/ssd2/29o_rya/datasets/iqa/QualiSR-Set120/hr/ava_images___158174.png,../../../mnt/ssd2/29o_rya/datasets/iqa/QualiSR-Set120/lr/ava_images___158174.png,train,-0.7036731999999999,0.22324460000000013,0.0775193999999999,-0.024957200000000013,0.41727148000000003
QualiSR-Set120/PASD/ava_images___18037.npy.gz,PASD,ava_images___18037.png,../../../mnt/ssd2/29o_rya/datasets/iqa/QualiSR-Set120/sr/PASD/ava_images___18037.png,QualiSR-Set120,ava_images___18037,PASD/ava_images___18037.png,../../../mnt/ssd2/29o_rya/datasets/iqa/QualiSR-Set120/hr/ava_images___18037.png,../../../mnt/ssd2/29o_rya/datasets/iqa/QualiSR-Set120/lr/ava_images___18037.png,train,-0.8504916000000002,0.14532799999999924,0.0900382999999998,0.16570449999999992,0.03481770000000001
QualiSR-Set120/RealESRGAN/ava_images___18037.npy.gz,RealESRGAN,ava_images___18037.png,../../../mnt/ssd2/29o_rya/datasets/iqa/QualiSR-Set120/sr/RealESRGAN/ava_images___18037.png,QualiSR-Set120,ava_images___18037,RealESRGAN/ava_images___18037.png,../../../mnt/ssd2/29o_rya/datasets/iqa/QualiSR-Set120/hr/ava_images___18037.png,../../../mnt/ssd2/29o_rya/datasets/iqa/QualiSR-Set120/lr/ava_images___18037.png,train,-1.0439805999999998,0.9557859999999998,-0.3535917000000002,0.8185145999999999,-0.0611999
QualiSR-Set120/SUPIR/ava_images___18037.npy.gz,SUPIR,ava_images___18037.png,../../../mnt/ssd2/29o_rya/datasets/iqa/QualiSR-Set120/sr/SUPIR/ava_images___18037.png,QualiSR-Set120,ava_images___18037,SUPIR/ava_images___18037.png,../../../mnt/ssd2/29o_rya/datasets/iqa/QualiSR-Set120/hr/ava_images___18037.png,../../../mnt/ssd2/29o_rya/datasets/iqa/QualiSR-Set120/lr/ava_images___18037.png,train,-0.8977186000000006,0.05723899999999915,0.22553389999999984,-0.0732914,0.18319881999999998
QualiSR-Set120/PASD/ava_images___217590.npy.gz,PASD,ava_images___217590.png,../../../mnt/ssd2/29o_rya/datasets/iqa/QualiSR-Set120/sr/PASD/ava_images___217590.png,QualiSR-Set120,ava_images___217590,PASD/ava_images___217590.png,../../../mnt/ssd2/29o_rya/datasets/iqa/QualiSR-Set120/hr/ava_images___217590.png,../../../mnt/ssd2/29o_rya/datasets/iqa/QualiSR-Set120/lr/ava_images___217590.png,test,-0.21797529999999998,-0.5068241999999996,0.09715784999999999,0.15636539999999988,-0.24814436
QualiSR-Set120/RealESRGAN/ava_images___217590.npy.gz,RealESRGAN,ava_images___217590.png,../../../mnt/ssd2/29o_rya/datasets/iqa/QualiSR-Set120/sr/RealESRGAN/ava_images___217590.png,QualiSR-Set120,ava_images___217590,RealESRGAN/ava_images___217590.png,../../../mnt/ssd2/29o_rya/datasets/iqa/QualiSR-Set120/hr/ava_images___217590.png,../../../mnt/ssd2/29o_rya/datasets/iqa/QualiSR-Set120/lr/ava_images___217590.png,test,-0.34099540000000017,-0.33779800000000026,-0.12565874999999999,0.5203228,-0.23049456999999995
QualiSR-Set120/SUPIR/ava_images___217590.npy.gz,SUPIR,ava_images___217590.png,../../../mnt/ssd2/29o_rya/datasets/iqa/QualiSR-Set120/sr/SUPIR/ava_images___217590.png,QualiSR-Set120,ava_images___217590,SUPIR/ava_images___217590.png,../../../mnt/ssd2/29o_rya/datasets/iqa/QualiSR-Set120/hr/ava_images___217590.png,../../../mnt/ssd2/29o_rya/datasets/iqa/QualiSR-Set120/lr/ava_images___217590.png,test,-0.26437730000000004,-0.3750143999999995,-0.07258116000000003,0.33238029999999985,-0.23126865999999996
QualiSR-Set120/PASD/ava_images___251530.npy.gz,PASD,ava_images___251530.png,../../../mnt/ssd2/29o_rya/datasets/iqa/QualiSR-Set120/sr/PASD/ava_images___251530.png,QualiSR-Set120,ava_images___251530,PASD/ava_images___251530.png,../../../mnt/ssd2/29o_rya/datasets/iqa/QualiSR-Set120/hr/ava_images___251530.png,../../../mnt/ssd2/29o_rya/datasets/iqa/QualiSR-Set120/lr/ava_images___251530.png,train,-0.8144038,1.1000293,1.0878939,-2.2512841999999997,0.5252035
QualiSR-Set120/RealESRGAN/ava_images___251530.npy.gz,RealESRGAN,ava_images___251530.png,../../../mnt/ssd2/29o_rya/datasets/iqa/QualiSR-Set120/sr/RealESRGAN/ava_images___251530.png,QualiSR-Set120,ava_images___251530,RealESRGAN/ava_images___251530.png,../../../mnt/ssd2/29o_rya/datasets/iqa/QualiSR-Set120/hr/ava_images___251530.png,../../../mnt/ssd2/29o_rya/datasets/iqa/QualiSR-Set120/lr/ava_images___251530.png,train,-1.0247745000000001,1.4225209999999997,0.5359998000000001,-1.3188693999999996,1.1650331399999998
QualiSR-Set120/SUPIR/ava_images___251530.npy.gz,SUPIR,ava_images___251530.png,../../../mnt/ssd2/29o_rya/datasets/iqa/QualiSR-Set120/sr/SUPIR/ava_images___251530.png,QualiSR-Set120,ava_images___251530,SUPIR/ava_images___251530.png,../../../mnt/ssd2/29o_rya/datasets/iqa/QualiSR-Set120/hr/ava_images___251530.png,../../../mnt/ssd2/29o_rya/datasets/iqa/QualiSR-Set120/lr/ava_images___251530.png,train,-1.5023063,1.3487080000000002,1.0228254999999997,-2.4234061999999996,1.3570295999999997
QualiSR-Set120/PASD/ava_images___253900.npy.gz,PASD,ava_images___253900.png,../../../mnt/ssd2/29o_rya/datasets/iqa/QualiSR-Set120/sr/PASD/ava_images___253900.png,QualiSR-Set120,ava_images___253900,PASD/ava_images___253900.png,../../../mnt/ssd2/29o_rya/datasets/iqa/QualiSR-Set120/hr/ava_images___253900.png,../../../mnt/ssd2/29o_rya/datasets/iqa/QualiSR-Set120/lr/ava_images___253900.png,train,-2.389312,-2.9019068999999997,-0.6519422000000001,-0.5499859,0.5832680000000003
QualiSR-Set120/RealESRGAN/ava_images___253900.npy.gz,RealESRGAN,ava_images___253900.png,../../../mnt/ssd2/29o_rya/datasets/iqa/QualiSR-Set120/sr/RealESRGAN/ava_images___253900.png,QualiSR-Set120,ava_images___253900,RealESRGAN/ava_images___253900.png,../../../mnt/ssd2/29o_rya/datasets/iqa/QualiSR-Set120/hr/ava_images___253900.png,../../../mnt/ssd2/29o_rya/datasets/iqa/QualiSR-Set120/lr/ava_images___253900.png,train,-2.8069286,-2.8589674,-1.4514541000000003,0.33273133,1.3551596999999997
QualiSR-Set120/SUPIR/ava_images___253900.npy.gz,SUPIR,ava_images___253900.png,../../../mnt/ssd2/29o_rya/datasets/iqa/QualiSR-Set120/sr/SUPIR/ava_images___253900.png,QualiSR-Set120,ava_images___253900,SUPIR/ava_images___253900.png,../../../mnt/ssd2/29o_rya/datasets/iqa/QualiSR-Set120/hr/ava_images___253900.png,../../../mnt/ssd2/29o_rya/datasets/iqa/QualiSR-Set120/lr/ava_images___253900.png,train,-2.8740099,-2.3358146,-0.8802530000000002,-0.33956600000000003,1.2623990000000003
QualiSR-Set120/PASD/ava_images___273810.npy.gz,PASD,ava_images___273810.png,../../../mnt/ssd2/29o_rya/datasets/iqa/QualiSR-Set120/sr/PASD/ava_images___273810.png,QualiSR-Set120,ava_images___273810,PASD/ava_images___273810.png,../../../mnt/ssd2/29o_rya/datasets/iqa/QualiSR-Set120/hr/ava_images___273810.png,../../../mnt/ssd2/29o_rya/datasets/iqa/QualiSR-Set120/lr/ava_images___273810.png,train,-0.6157386000000002,0.9339331000000004,0.49094380000000015,-0.34484202,-0.1298233999999998
QualiSR-Set120/RealESRGAN/ava_images___273810.npy.gz,RealESRGAN,ava_images___273810.png,../../../mnt/ssd2/29o_rya/datasets/iqa/QualiSR-Set120/sr/RealESRGAN/ava_images___273810.png,QualiSR-Set120,ava_images___273810,RealESRGAN/ava_images___273810.png,../../../mnt/ssd2/29o_rya/datasets/iqa/QualiSR-Set120/hr/ava_images___273810.png,../../../mnt/ssd2/29o_rya/datasets/iqa/QualiSR-Set120/lr/ava_images___273810.png,train,-0.6597599999999999,0.4098519999999999,0.08199639999999997,-0.1387578399999999,0.051422099999999915
QualiSR-Set120/SUPIR/ava_images___273810.npy.gz,SUPIR,ava_images___273810.png,../../../mnt/ssd2/29o_rya/datasets/iqa/QualiSR-Set120/sr/SUPIR/ava_images___273810.png,QualiSR-Set120,ava_images___273810,SUPIR/ava_images___273810.png,../../../mnt/ssd2/29o_rya/datasets/iqa/QualiSR-Set120/hr/ava_images___273810.png,../../../mnt/ssd2/29o_rya/datasets/iqa/QualiSR-Set120/lr/ava_images___273810.png,train,-0.7095696,0.31266499999999997,0.14706039999999998,-0.11241770000000006,-0.1322511999999998
QualiSR-Set120/PASD/ava_images___295451.npy.gz,PASD,ava_images___295451.png,../../../mnt/ssd2/29o_rya/datasets/iqa/QualiSR-Set120/sr/PASD/ava_images___295451.png,QualiSR-Set120,ava_images___295451,PASD/ava_images___295451.png,../../../mnt/ssd2/29o_rya/datasets/iqa/QualiSR-Set120/hr/ava_images___295451.png,../../../mnt/ssd2/29o_rya/datasets/iqa/QualiSR-Set120/lr/ava_images___295451.png,train,-0.2394544999999999,-0.2162725000000001,-0.21575140000000004,-0.19610587000000002,0.36681469999999994
QualiSR-Set120/RealESRGAN/ava_images___295451.npy.gz,RealESRGAN,ava_images___295451.png,../../../mnt/ssd2/29o_rya/datasets/iqa/QualiSR-Set120/sr/RealESRGAN/ava_images___295451.png,QualiSR-Set120,ava_images___295451,RealESRGAN/ava_images___295451.png,../../../mnt/ssd2/29o_rya/datasets/iqa/QualiSR-Set120/hr/ava_images___295451.png,../../../mnt/ssd2/29o_rya/datasets/iqa/QualiSR-Set120/lr/ava_images___295451.png,train,-0.20554150000000027,-1.0412811999999998,-1.1796305999999999,0.10498825,1.06557548
QualiSR-Set120/SUPIR/ava_images___295451.npy.gz,SUPIR,ava_images___295451.png,../../../mnt/ssd2/29o_rya/datasets/iqa/QualiSR-Set120/sr/SUPIR/ava_images___295451.png,QualiSR-Set120,ava_images___295451,SUPIR/ava_images___295451.png,../../../mnt/ssd2/29o_rya/datasets/iqa/QualiSR-Set120/hr/ava_images___295451.png,../../../mnt/ssd2/29o_rya/datasets/iqa/QualiSR-Set120/lr/ava_images___295451.png,train,-0.1403064999999999,0.3809497999999998,0.30813460000000004,-0.16084037,0.22800274999999992
QualiSR-Set120/PASD/ava_images___308473.npy.gz,PASD,ava_images___308473.png,../../../mnt/ssd2/29o_rya/datasets/iqa/QualiSR-Set120/sr/PASD/ava_images___308473.png,QualiSR-Set120,ava_images___308473,PASD/ava_images___308473.png,../../../mnt/ssd2/29o_rya/datasets/iqa/QualiSR-Set120/hr/ava_images___308473.png,../../../mnt/ssd2/29o_rya/datasets/iqa/QualiSR-Set120/lr/ava_images___308473.png,train,-5.3440959999999995,-3.1094696,-1.607585,0.9860898999999999,1.1608109999999998
QualiSR-Set120/RealESRGAN/ava_images___308473.npy.gz,RealESRGAN,ava_images___308473.png,../../../mnt/ssd2/29o_rya/datasets/iqa/QualiSR-Set120/sr/RealESRGAN/ava_images___308473.png,QualiSR-Set120,ava_images___308473,RealESRGAN/ava_images___308473.png,../../../mnt/ssd2/29o_rya/datasets/iqa/QualiSR-Set120/hr/ava_images___308473.png,../../../mnt/ssd2/29o_rya/datasets/iqa/QualiSR-Set120/lr/ava_images___308473.png,train,-6.3071980000000005,-2.7847853999999996,-1.2924467999999998,0.8752876999999999,0.4959094999999998
QualiSR-Set120/SUPIR/ava_images___308473.npy.gz,SUPIR,ava_images___308473.png,../../../mnt/ssd2/29o_rya/datasets/iqa/QualiSR-Set120/sr/SUPIR/ava_images___308473.png,QualiSR-Set120,ava_images___308473,SUPIR/ava_images___308473.png,../../../mnt/ssd2/29o_rya/datasets/iqa/QualiSR-Set120/hr/ava_images___308473.png,../../../mnt/ssd2/29o_rya/datasets/iqa/QualiSR-Set120/lr/ava_images___308473.png,train,-5.4622467,-3.01918433,-1.9826751,0.05305289999999996,1.2194376999999994
QualiSR-Set120/PASD/ava_images___321917.npy.gz,PASD,ava_images___321917.png,../../../mnt/ssd2/29o_rya/datasets/iqa/QualiSR-Set120/sr/PASD/ava_images___321917.png,QualiSR-Set120,ava_images___321917,PASD/ava_images___321917.png,../../../mnt/ssd2/29o_rya/datasets/iqa/QualiSR-Set120/hr/ava_images___321917.png,../../../mnt/ssd2/29o_rya/datasets/iqa/QualiSR-Set120/lr/ava_images___321917.png,train,-2.1789469,-1.7433394000000002,-1.0717389000000002,0.9825106000000003,-1.1822548000000004
QualiSR-Set120/RealESRGAN/ava_images___321917.npy.gz,RealESRGAN,ava_images___321917.png,../../../mnt/ssd2/29o_rya/datasets/iqa/QualiSR-Set120/sr/RealESRGAN/ava_images___321917.png,QualiSR-Set120,ava_images___321917,RealESRGAN/ava_images___321917.png,../../../mnt/ssd2/29o_rya/datasets/iqa/QualiSR-Set120/hr/ava_images___321917.png,../../../mnt/ssd2/29o_rya/datasets/iqa/QualiSR-Set120/lr/ava_images___321917.png,train,-2.049427,-1.1542285,-1.2215283000000006,0.37006000000000006,-0.0563053
QualiSR-Set120/SUPIR/ava_images___321917.npy.gz,SUPIR,ava_images___321917.png,../../../mnt/ssd2/29o_rya/datasets/iqa/QualiSR-Set120/sr/SUPIR/ava_images___321917.png,QualiSR-Set120,ava_images___321917,SUPIR/ava_images___321917.png,../../../mnt/ssd2/29o_rya/datasets/iqa/QualiSR-Set120/hr/ava_images___321917.png,../../../mnt/ssd2/29o_rya/datasets/iqa/QualiSR-Set120/lr/ava_images___321917.png,train,-2.3603959,-1.447013,-0.46652220000000044,0.5077787000000002,-0.30465830000000027
QualiSR-Set120/PASD/ava_images___360165.npy.gz,PASD,ava_images___360165.png,../../../mnt/ssd2/29o_rya/datasets/iqa/QualiSR-Set120/sr/PASD/ava_images___360165.png,QualiSR-Set120,ava_images___360165,PASD/ava_images___360165.png,../../../mnt/ssd2/29o_rya/datasets/iqa/QualiSR-Set120/hr/ava_images___360165.png,../../../mnt/ssd2/29o_rya/datasets/iqa/QualiSR-Set120/lr/ava_images___360165.png,train,-0.5749650000000002,0.48507144,0.44623813,-0.23227424,-0.21665249999999991
QualiSR-Set120/RealESRGAN/ava_images___360165.npy.gz,RealESRGAN,ava_images___360165.png,../../../mnt/ssd2/29o_rya/datasets/iqa/QualiSR-Set120/sr/RealESRGAN/ava_images___360165.png,QualiSR-Set120,ava_images___360165,RealESRGAN/ava_images___360165.png,../../../mnt/ssd2/29o_rya/datasets/iqa/QualiSR-Set120/hr/ava_images___360165.png,../../../mnt/ssd2/29o_rya/datasets/iqa/QualiSR-Set120/lr/ava_images___360165.png,train,-0.6099977000000001,0.23287543,-0.26613271,0.19599044300000001,0.16832809999999987
QualiSR-Set120/SUPIR/ava_images___360165.npy.gz,SUPIR,ava_images___360165.png,../../../mnt/ssd2/29o_rya/datasets/iqa/QualiSR-Set120/sr/SUPIR/ava_images___360165.png,QualiSR-Set120,ava_images___360165,SUPIR/ava_images___360165.png,../../../mnt/ssd2/29o_rya/datasets/iqa/QualiSR-Set120/hr/ava_images___360165.png,../../../mnt/ssd2/29o_rya/datasets/iqa/QualiSR-Set120/lr/ava_images___360165.png,train,-0.6305442000000001,0.41096305000000005,0.41429877000000004,-0.25523836,-0.22003569999999995
QualiSR-Set120/PASD/ava_images___426629.npy.gz,PASD,ava_images___426629.png,../../../mnt/ssd2/29o_rya/datasets/iqa/QualiSR-Set120/sr/PASD/ava_images___426629.png,QualiSR-Set120,ava_images___426629,PASD/ava_images___426629.png,../../../mnt/ssd2/29o_rya/datasets/iqa/QualiSR-Set120/hr/ava_images___426629.png,../../../mnt/ssd2/29o_rya/datasets/iqa/QualiSR-Set120/lr/ava_images___426629.png,test,-0.76307344,-1.2746124,-0.35251719536,0.22071125999999996,0.0537088
QualiSR-Set120/RealESRGAN/ava_images___426629.npy.gz,RealESRGAN,ava_images___426629.png,../../../mnt/ssd2/29o_rya/datasets/iqa/QualiSR-Set120/sr/RealESRGAN/ava_images___426629.png,QualiSR-Set120,ava_images___426629,RealESRGAN/ava_images___426629.png,../../../mnt/ssd2/29o_rya/datasets/iqa/QualiSR-Set120/hr/ava_images___426629.png,../../../mnt/ssd2/29o_rya/datasets/iqa/QualiSR-Set120/lr/ava_images___426629.png,test,-0.68533087,-0.7647423,-0.49668676,0.19183866000000005,0.20008899999999996
QualiSR-Set120/SUPIR/ava_images___426629.npy.gz,SUPIR,ava_images___426629.png,../../../mnt/ssd2/29o_rya/datasets/iqa/QualiSR-Set120/sr/SUPIR/ava_images___426629.png,QualiSR-Set120,ava_images___426629,SUPIR/ava_images___426629.png,../../../mnt/ssd2/29o_rya/datasets/iqa/QualiSR-Set120/hr/ava_images___426629.png,../../../mnt/ssd2/29o_rya/datasets/iqa/QualiSR-Set120/lr/ava_images___426629.png,test,-0.8448471000000001,-1.4416550000000004,-0.19555759999999997,-0.016438439999999943,-0.0626118
QualiSR-Set120/PASD/ava_images___436880.npy.gz,PASD,ava_images___436880.png,../../../mnt/ssd2/29o_rya/datasets/iqa/QualiSR-Set120/sr/PASD/ava_images___436880.png,QualiSR-Set120,ava_images___436880,PASD/ava_images___436880.png,../../../mnt/ssd2/29o_rya/datasets/iqa/QualiSR-Set120/hr/ava_images___436880.png,../../../mnt/ssd2/29o_rya/datasets/iqa/QualiSR-Set120/lr/ava_images___436880.png,train,-5.2160122,-2.11855,-0.98193826,1.152911,0.62067926
QualiSR-Set120/RealESRGAN/ava_images___436880.npy.gz,RealESRGAN,ava_images___436880.png,../../../mnt/ssd2/29o_rya/datasets/iqa/QualiSR-Set120/sr/RealESRGAN/ava_images___436880.png,QualiSR-Set120,ava_images___436880,RealESRGAN/ava_images___436880.png,../../../mnt/ssd2/29o_rya/datasets/iqa/QualiSR-Set120/hr/ava_images___436880.png,../../../mnt/ssd2/29o_rya/datasets/iqa/QualiSR-Set120/lr/ava_images___436880.png,train,-5.01225,-1.79785336,-1.84982486,0.42195550000000015,1.7919919600000003
QualiSR-Set120/SUPIR/ava_images___436880.npy.gz,SUPIR,ava_images___436880.png,../../../mnt/ssd2/29o_rya/datasets/iqa/QualiSR-Set120/sr/SUPIR/ava_images___436880.png,QualiSR-Set120,ava_images___436880,SUPIR/ava_images___436880.png,../../../mnt/ssd2/29o_rya/datasets/iqa/QualiSR-Set120/hr/ava_images___436880.png,../../../mnt/ssd2/29o_rya/datasets/iqa/QualiSR-Set120/lr/ava_images___436880.png,train,-5.7225038,-2.1714838,-1.26214096,0.49233170000000004,0.10157882999999998
QualiSR-Set120/PASD/ava_images___46021.npy.gz,PASD,ava_images___46021.png,../../../mnt/ssd2/29o_rya/datasets/iqa/QualiSR-Set120/sr/PASD/ava_images___46021.png,QualiSR-Set120,ava_images___46021,PASD/ava_images___46021.png,../../../mnt/ssd2/29o_rya/datasets/iqa/QualiSR-Set120/hr/ava_images___46021.png,../../../mnt/ssd2/29o_rya/datasets/iqa/QualiSR-Set120/lr/ava_images___46021.png,train,-0.9007308,0.2159302000000003,-0.1650353,0.2522135000000001,-1.0342943
QualiSR-Set120/RealESRGAN/ava_images___46021.npy.gz,RealESRGAN,ava_images___46021.png,../../../mnt/ssd2/29o_rya/datasets/iqa/QualiSR-Set120/sr/RealESRGAN/ava_images___46021.png,QualiSR-Set120,ava_images___46021,RealESRGAN/ava_images___46021.png,../../../mnt/ssd2/29o_rya/datasets/iqa/QualiSR-Set120/hr/ava_images___46021.png,../../../mnt/ssd2/29o_rya/datasets/iqa/QualiSR-Set120/lr/ava_images___46021.png,train,-0.5264315999999998,0.04761850000000001,-0.60272376,0.28868340000000015,-0.6601754
QualiSR-Set120/SUPIR/ava_images___46021.npy.gz,SUPIR,ava_images___46021.png,../../../mnt/ssd2/29o_rya/datasets/iqa/QualiSR-Set120/sr/SUPIR/ava_images___46021.png,QualiSR-Set120,ava_images___46021,SUPIR/ava_images___46021.png,../../../mnt/ssd2/29o_rya/datasets/iqa/QualiSR-Set120/hr/ava_images___46021.png,../../../mnt/ssd2/29o_rya/datasets/iqa/QualiSR-Set120/lr/ava_images___46021.png,train,-0.9944,-0.21571129999999972,-0.30905114,0.08838390000000018,-0.4219417999999999
QualiSR-Set120/PASD/ava_images___472713.npy.gz,PASD,ava_images___472713.png,../../../mnt/ssd2/29o_rya/datasets/iqa/QualiSR-Set120/sr/PASD/ava_images___472713.png,QualiSR-Set120,ava_images___472713,PASD/ava_images___472713.png,../../../mnt/ssd2/29o_rya/datasets/iqa/QualiSR-Set120/hr/ava_images___472713.png,../../../mnt/ssd2/29o_rya/datasets/iqa/QualiSR-Set120/lr/ava_images___472713.png,test,-1.1286021500000003,-0.6162116999999998,-0.7560750820000001,-0.12657459999999998,0.11358939999999995
QualiSR-Set120/RealESRGAN/ava_images___472713.npy.gz,RealESRGAN,ava_images___472713.png,../../../mnt/ssd2/29o_rya/datasets/iqa/QualiSR-Set120/sr/RealESRGAN/ava_images___472713.png,QualiSR-Set120,ava_images___472713,RealESRGAN/ava_images___472713.png,../../../mnt/ssd2/29o_rya/datasets/iqa/QualiSR-Set120/hr/ava_images___472713.png,../../../mnt/ssd2/29o_rya/datasets/iqa/QualiSR-Set120/lr/ava_images___472713.png,test,-1.1637423999999998,0.021141999999999994,-0.41384852,0.14186730000000003,-0.2518083
QualiSR-Set120/SUPIR/ava_images___472713.npy.gz,SUPIR,ava_images___472713.png,../../../mnt/ssd2/29o_rya/datasets/iqa/QualiSR-Set120/sr/SUPIR/ava_images___472713.png,QualiSR-Set120,ava_images___472713,SUPIR/ava_images___472713.png,../../../mnt/ssd2/29o_rya/datasets/iqa/QualiSR-Set120/hr/ava_images___472713.png,../../../mnt/ssd2/29o_rya/datasets/iqa/QualiSR-Set120/lr/ava_images___472713.png,test,-1.2589606500000001,-0.3828444999999998,-0.522242962,-0.16302584999999992,0.0526158000000001
QualiSR-Set120/PASD/ava_images___501777.npy.gz,PASD,ava_images___501777.png,../../../mnt/ssd2/29o_rya/datasets/iqa/QualiSR-Set120/sr/PASD/ava_images___501777.png,QualiSR-Set120,ava_images___501777,PASD/ava_images___501777.png,../../../mnt/ssd2/29o_rya/datasets/iqa/QualiSR-Set120/hr/ava_images___501777.png,../../../mnt/ssd2/29o_rya/datasets/iqa/QualiSR-Set120/lr/ava_images___501777.png,test,-0.15914416,-1.4544816,-1.6067721700000002,-0.45127433,0.84315679
QualiSR-Set120/RealESRGAN/ava_images___501777.npy.gz,RealESRGAN,ava_images___501777.png,../../../mnt/ssd2/29o_rya/datasets/iqa/QualiSR-Set120/sr/RealESRGAN/ava_images___501777.png,QualiSR-Set120,ava_images___501777,RealESRGAN/ava_images___501777.png,../../../mnt/ssd2/29o_rya/datasets/iqa/QualiSR-Set120/hr/ava_images___501777.png,../../../mnt/ssd2/29o_rya/datasets/iqa/QualiSR-Set120/lr/ava_images___501777.png,test,0.21619793999999998,-0.6528227,-0.9673766699999999,0.41140725000000006,0.6929631199999999
QualiSR-Set120/SUPIR/ava_images___501777.npy.gz,SUPIR,ava_images___501777.png,../../../mnt/ssd2/29o_rya/datasets/iqa/QualiSR-Set120/sr/SUPIR/ava_images___501777.png,QualiSR-Set120,ava_images___501777,SUPIR/ava_images___501777.png,../../../mnt/ssd2/29o_rya/datasets/iqa/QualiSR-Set120/hr/ava_images___501777.png,../../../mnt/ssd2/29o_rya/datasets/iqa/QualiSR-Set120/lr/ava_images___501777.png,test,-0.65121079,-1.5636538000000002,-1.17570037,-0.007006879999999993,0.80479739
QualiSR-Set120/PASD/ava_images___564572.npy.gz,PASD,ava_images___564572.png,../../../mnt/ssd2/29o_rya/datasets/iqa/QualiSR-Set120/sr/PASD/ava_images___564572.png,QualiSR-Set120,ava_images___564572,PASD/ava_images___564572.png,../../../mnt/ssd2/29o_rya/datasets/iqa/QualiSR-Set120/hr/ava_images___564572.png,../../../mnt/ssd2/29o_rya/datasets/iqa/QualiSR-Set120/lr/ava_images___564572.png,train,-0.6354188000000001,0.08132349999999999,0.9579592000000001,-0.13509231,0.65207714
QualiSR-Set120/RealESRGAN/ava_images___564572.npy.gz,RealESRGAN,ava_images___564572.png,../../../mnt/ssd2/29o_rya/datasets/iqa/QualiSR-Set120/sr/RealESRGAN/ava_images___564572.png,QualiSR-Set120,ava_images___564572,RealESRGAN/ava_images___564572.png,../../../mnt/ssd2/29o_rya/datasets/iqa/QualiSR-Set120/hr/ava_images___564572.png,../../../mnt/ssd2/29o_rya/datasets/iqa/QualiSR-Set120/lr/ava_images___564572.png,train,-0.2239321000000003,0.17430001,-0.3299542,0.10514325000000002,-0.4499759000000001
QualiSR-Set120/SUPIR/ava_images___564572.npy.gz,SUPIR,ava_images___564572.png,../../../mnt/ssd2/29o_rya/datasets/iqa/QualiSR-Set120/sr/SUPIR/ava_images___564572.png,QualiSR-Set120,ava_images___564572,SUPIR/ava_images___564572.png,../../../mnt/ssd2/29o_rya/datasets/iqa/QualiSR-Set120/hr/ava_images___564572.png,../../../mnt/ssd2/29o_rya/datasets/iqa/QualiSR-Set120/lr/ava_images___564572.png,train,-0.8112584000000003,0.39402844,0.18888379999999994,-0.08851880000000001,0.4542535
QualiSR-Set120/PASD/ava_images___588008.npy.gz,PASD,ava_images___588008.png,../../../mnt/ssd2/29o_rya/datasets/iqa/QualiSR-Set120/sr/PASD/ava_images___588008.png,QualiSR-Set120,ava_images___588008,PASD/ava_images___588008.png,../../../mnt/ssd2/29o_rya/datasets/iqa/QualiSR-Set120/hr/ava_images___588008.png,../../../mnt/ssd2/29o_rya/datasets/iqa/QualiSR-Set120/lr/ava_images___588008.png,train,-0.17932650000000017,0.14155900000000088,0.08652210000000027,0.07776199999999989,0.013278499999999971
QualiSR-Set120/RealESRGAN/ava_images___588008.npy.gz,RealESRGAN,ava_images___588008.png,../../../mnt/ssd2/29o_rya/datasets/iqa/QualiSR-Set120/sr/RealESRGAN/ava_images___588008.png,QualiSR-Set120,ava_images___588008,RealESRGAN/ava_images___588008.png,../../../mnt/ssd2/29o_rya/datasets/iqa/QualiSR-Set120/hr/ava_images___588008.png,../../../mnt/ssd2/29o_rya/datasets/iqa/QualiSR-Set120/lr/ava_images___588008.png,train,0.1656279999999999,-0.6284899999999993,0.2633023000000003,-0.7500371999999995,0.17275439999999986
QualiSR-Set120/SUPIR/ava_images___588008.npy.gz,SUPIR,ava_images___588008.png,../../../mnt/ssd2/29o_rya/datasets/iqa/QualiSR-Set120/sr/SUPIR/ava_images___588008.png,QualiSR-Set120,ava_images___588008,SUPIR/ava_images___588008.png,../../../mnt/ssd2/29o_rya/datasets/iqa/QualiSR-Set120/hr/ava_images___588008.png,../../../mnt/ssd2/29o_rya/datasets/iqa/QualiSR-Set120/lr/ava_images___588008.png,train,0.2298720000000003,-0.7440459999999991,0.34591410000000034,-0.7559430000000003,0.0745579999999999
QualiSR-Set120/PASD/ava_images___645845.npy.gz,PASD,ava_images___645845.png,../../../mnt/ssd2/29o_rya/datasets/iqa/QualiSR-Set120/sr/PASD/ava_images___645845.png,QualiSR-Set120,ava_images___645845,PASD/ava_images___645845.png,../../../mnt/ssd2/29o_rya/datasets/iqa/QualiSR-Set120/hr/ava_images___645845.png,../../../mnt/ssd2/29o_rya/datasets/iqa/QualiSR-Set120/lr/ava_images___645845.png,test,-1.54718956,-0.6059708000000001,0.07402096000000002,0.012445499999999998,-0.23670079999999993
QualiSR-Set120/RealESRGAN/ava_images___645845.npy.gz,RealESRGAN,ava_images___645845.png,../../../mnt/ssd2/29o_rya/datasets/iqa/QualiSR-Set120/sr/RealESRGAN/ava_images___645845.png,QualiSR-Set120,ava_images___645845,RealESRGAN/ava_images___645845.png,../../../mnt/ssd2/29o_rya/datasets/iqa/QualiSR-Set120/hr/ava_images___645845.png,../../../mnt/ssd2/29o_rya/datasets/iqa/QualiSR-Set120/lr/ava_images___645845.png,test,-1.3494636999999998,-0.8111915000000001,0.12653316000000003,0.24944115,-0.35834220000000006
QualiSR-Set120/SUPIR/ava_images___645845.npy.gz,SUPIR,ava_images___645845.png,../../../mnt/ssd2/29o_rya/datasets/iqa/QualiSR-Set120/sr/SUPIR/ava_images___645845.png,QualiSR-Set120,ava_images___645845,SUPIR/ava_images___645845.png,../../../mnt/ssd2/29o_rya/datasets/iqa/QualiSR-Set120/hr/ava_images___645845.png,../../../mnt/ssd2/29o_rya/datasets/iqa/QualiSR-Set120/lr/ava_images___645845.png,test,-1.38250576,-1.0132551,0.00506576000000003,0.03969740000000002,-0.47706669999999995
QualiSR-Set120/PASD/ava_images___699615.npy.gz,PASD,ava_images___699615.png,../../../mnt/ssd2/29o_rya/datasets/iqa/QualiSR-Set120/sr/PASD/ava_images___699615.png,QualiSR-Set120,ava_images___699615,PASD/ava_images___699615.png,../../../mnt/ssd2/29o_rya/datasets/iqa/QualiSR-Set120/hr/ava_images___699615.png,../../../mnt/ssd2/29o_rya/datasets/iqa/QualiSR-Set120/lr/ava_images___699615.png,train,-1.9077767600000002,-0.2021434999999998,-0.12428999999999979,0.03152934000000002,-0.11574050000000002
QualiSR-Set120/RealESRGAN/ava_images___699615.npy.gz,RealESRGAN,ava_images___699615.png,../../../mnt/ssd2/29o_rya/datasets/iqa/QualiSR-Set120/sr/RealESRGAN/ava_images___699615.png,QualiSR-Set120,ava_images___699615,RealESRGAN/ava_images___699615.png,../../../mnt/ssd2/29o_rya/datasets/iqa/QualiSR-Set120/hr/ava_images___699615.png,../../../mnt/ssd2/29o_rya/datasets/iqa/QualiSR-Set120/lr/ava_images___699615.png,train,-1.8822234599999998,-0.4208156999999999,-0.6447623,0.062102320000000016,0.16087889999999994
QualiSR-Set120/SUPIR/ava_images___699615.npy.gz,SUPIR,ava_images___699615.png,../../../mnt/ssd2/29o_rya/datasets/iqa/QualiSR-Set120/sr/SUPIR/ava_images___699615.png,QualiSR-Set120,ava_images___699615,SUPIR/ava_images___699615.png,../../../mnt/ssd2/29o_rya/datasets/iqa/QualiSR-Set120/hr/ava_images___699615.png,../../../mnt/ssd2/29o_rya/datasets/iqa/QualiSR-Set120/lr/ava_images___699615.png,train,-1.70148576,-0.11318189999999984,-0.25532559999999993,0.044736180000000014,-0.027461500000000028
QualiSR-Set120/PASD/ava_images___710191.npy.gz,PASD,ava_images___710191.png,../../../mnt/ssd2/29o_rya/datasets/iqa/QualiSR-Set120/sr/PASD/ava_images___710191.png,QualiSR-Set120,ava_images___710191,PASD/ava_images___710191.png,../../../mnt/ssd2/29o_rya/datasets/iqa/QualiSR-Set120/hr/ava_images___710191.png,../../../mnt/ssd2/29o_rya/datasets/iqa/QualiSR-Set120/lr/ava_images___710191.png,train,-1.0957594,0.8806763000000002,0.09363939999999982,-0.45633072999999996,0.24800753400000003
QualiSR-Set120/RealESRGAN/ava_images___710191.npy.gz,RealESRGAN,ava_images___710191.png,../../../mnt/ssd2/29o_rya/datasets/iqa/QualiSR-Set120/sr/RealESRGAN/ava_images___710191.png,QualiSR-Set120,ava_images___710191,RealESRGAN/ava_images___710191.png,../../../mnt/ssd2/29o_rya/datasets/iqa/QualiSR-Set120/hr/ava_images___710191.png,../../../mnt/ssd2/29o_rya/datasets/iqa/QualiSR-Set120/lr/ava_images___710191.png,train,-0.29722896,-0.25649499999999925,-0.8046894,0.3132889000000001,0.63856912
QualiSR-Set120/SUPIR/ava_images___710191.npy.gz,SUPIR,ava_images___710191.png,../../../mnt/ssd2/29o_rya/datasets/iqa/QualiSR-Set120/sr/SUPIR/ava_images___710191.png,QualiSR-Set120,ava_images___710191,SUPIR/ava_images___710191.png,../../../mnt/ssd2/29o_rya/datasets/iqa/QualiSR-Set120/hr/ava_images___710191.png,../../../mnt/ssd2/29o_rya/datasets/iqa/QualiSR-Set120/lr/ava_images___710191.png,train,-1.0789697999999999,0.16521260000000026,-0.4172771000000002,-0.5102259699999999,0.525710224
QualiSR-Set120/PASD/ava_images___737450.npy.gz,PASD,ava_images___737450.png,../../../mnt/ssd2/29o_rya/datasets/iqa/QualiSR-Set120/sr/PASD/ava_images___737450.png,QualiSR-Set120,ava_images___737450,PASD/ava_images___737450.png,../../../mnt/ssd2/29o_rya/datasets/iqa/QualiSR-Set120/hr/ava_images___737450.png,../../../mnt/ssd2/29o_rya/datasets/iqa/QualiSR-Set120/lr/ava_images___737450.png,train,0.0027813000000000976,0.12272895,0.09739955,-0.0031781300000000012,0.06696089999999999
QualiSR-Set120/RealESRGAN/ava_images___737450.npy.gz,RealESRGAN,ava_images___737450.png,../../../mnt/ssd2/29o_rya/datasets/iqa/QualiSR-Set120/sr/RealESRGAN/ava_images___737450.png,QualiSR-Set120,ava_images___737450,RealESRGAN/ava_images___737450.png,../../../mnt/ssd2/29o_rya/datasets/iqa/QualiSR-Set120/hr/ava_images___737450.png,../../../mnt/ssd2/29o_rya/datasets/iqa/QualiSR-Set120/lr/ava_images___737450.png,train,0.08116630000000002,0.10604293000000004,0.002259760000000055,0.028437619999999997,0.1095851000000001
QualiSR-Set120/SUPIR/ava_images___737450.npy.gz,SUPIR,ava_images___737450.png,../../../mnt/ssd2/29o_rya/datasets/iqa/QualiSR-Set120/sr/SUPIR/ava_images___737450.png,QualiSR-Set120,ava_images___737450,SUPIR/ava_images___737450.png,../../../mnt/ssd2/29o_rya/datasets/iqa/QualiSR-Set120/hr/ava_images___737450.png,../../../mnt/ssd2/29o_rya/datasets/iqa/QualiSR-Set120/lr/ava_images___737450.png,train,-0.01363329999999996,0.17931820999999998,0.09194529000000007,-0.019743449999999996,0.06257009999999985
QualiSR-Set120/PASD/ava_images___74410.npy.gz,PASD,ava_images___74410.png,../../../mnt/ssd2/29o_rya/datasets/iqa/QualiSR-Set120/sr/PASD/ava_images___74410.png,QualiSR-Set120,ava_images___74410,PASD/ava_images___74410.png,../../../mnt/ssd2/29o_rya/datasets/iqa/QualiSR-Set120/hr/ava_images___74410.png,../../../mnt/ssd2/29o_rya/datasets/iqa/QualiSR-Set120/lr/ava_images___74410.png,train,-1.3184040000000001,0.50372217,-0.60587734,0.41200299999999945,0.3998895
QualiSR-Set120/RealESRGAN/ava_images___74410.npy.gz,RealESRGAN,ava_images___74410.png,../../../mnt/ssd2/29o_rya/datasets/iqa/QualiSR-Set120/sr/RealESRGAN/ava_images___74410.png,QualiSR-Set120,ava_images___74410,RealESRGAN/ava_images___74410.png,../../../mnt/ssd2/29o_rya/datasets/iqa/QualiSR-Set120/hr/ava_images___74410.png,../../../mnt/ssd2/29o_rya/datasets/iqa/QualiSR-Set120/lr/ava_images___74410.png,train,-1.0514423000000002,-0.45003413999999997,-0.5841107499999999,0.4797615999999998,-0.12048630000000005
QualiSR-Set120/SUPIR/ava_images___74410.npy.gz,SUPIR,ava_images___74410.png,../../../mnt/ssd2/29o_rya/datasets/iqa/QualiSR-Set120/sr/SUPIR/ava_images___74410.png,QualiSR-Set120,ava_images___74410,SUPIR/ava_images___74410.png,../../../mnt/ssd2/29o_rya/datasets/iqa/QualiSR-Set120/hr/ava_images___74410.png,../../../mnt/ssd2/29o_rya/datasets/iqa/QualiSR-Set120/lr/ava_images___74410.png,train,-1.6820187,0.5025735700000001,-0.82314175,1.226528,0.2054330000000002
QualiSR-Set120/PASD/ava_images___751927.npy.gz,PASD,ava_images___751927.png,../../../mnt/ssd2/29o_rya/datasets/iqa/QualiSR-Set120/sr/PASD/ava_images___751927.png,QualiSR-Set120,ava_images___751927,PASD/ava_images___751927.png,../../../mnt/ssd2/29o_rya/datasets/iqa/QualiSR-Set120/hr/ava_images___751927.png,../../../mnt/ssd2/29o_rya/datasets/iqa/QualiSR-Set120/lr/ava_images___751927.png,train,0.04420320000000011,0.061446909999999993,-0.01937319999999998,0.0066941999999999835,0.138776
QualiSR-Set120/RealESRGAN/ava_images___751927.npy.gz,RealESRGAN,ava_images___751927.png,../../../mnt/ssd2/29o_rya/datasets/iqa/QualiSR-Set120/sr/RealESRGAN/ava_images___751927.png,QualiSR-Set120,ava_images___751927,RealESRGAN/ava_images___751927.png,../../../mnt/ssd2/29o_rya/datasets/iqa/QualiSR-Set120/hr/ava_images___751927.png,../../../mnt/ssd2/29o_rya/datasets/iqa/QualiSR-Set120/lr/ava_images___751927.png,train,-0.10864710000000022,-0.12605355,-0.0685266,0.04266039999999993,-0.024730700000000105
QualiSR-Set120/SUPIR/ava_images___751927.npy.gz,SUPIR,ava_images___751927.png,../../../mnt/ssd2/29o_rya/datasets/iqa/QualiSR-Set120/sr/SUPIR/ava_images___751927.png,QualiSR-Set120,ava_images___751927,SUPIR/ava_images___751927.png,../../../mnt/ssd2/29o_rya/datasets/iqa/QualiSR-Set120/hr/ava_images___751927.png,../../../mnt/ssd2/29o_rya/datasets/iqa/QualiSR-Set120/lr/ava_images___751927.png,train,-0.04681319999999989,0.09316236,-0.02175729999999998,0.10522253999999998,0.2128966000000001
QualiSR-Set120/PASD/ava_images___773899.npy.gz,PASD,ava_images___773899.png,../../../mnt/ssd2/29o_rya/datasets/iqa/QualiSR-Set120/sr/PASD/ava_images___773899.png,QualiSR-Set120,ava_images___773899,PASD/ava_images___773899.png,../../../mnt/ssd2/29o_rya/datasets/iqa/QualiSR-Set120/hr/ava_images___773899.png,../../../mnt/ssd2/29o_rya/datasets/iqa/QualiSR-Set120/lr/ava_images___773899.png,train,-1.34669746,-0.5480559,-0.4518736999999997,0.007922100000000043,-0.11989830000000001
QualiSR-Set120/RealESRGAN/ava_images___773899.npy.gz,RealESRGAN,ava_images___773899.png,../../../mnt/ssd2/29o_rya/datasets/iqa/QualiSR-Set120/sr/RealESRGAN/ava_images___773899.png,QualiSR-Set120,ava_images___773899,RealESRGAN/ava_images___773899.png,../../../mnt/ssd2/29o_rya/datasets/iqa/QualiSR-Set120/hr/ava_images___773899.png,../../../mnt/ssd2/29o_rya/datasets/iqa/QualiSR-Set120/lr/ava_images___773899.png,train,-1.2901271799999998,-1.319583,-0.8420335999999997,0.9947721999999999,0.04496380000000011
QualiSR-Set120/SUPIR/ava_images___773899.npy.gz,SUPIR,ava_images___773899.png,../../../mnt/ssd2/29o_rya/datasets/iqa/QualiSR-Set120/sr/SUPIR/ava_images___773899.png,QualiSR-Set120,ava_images___773899,SUPIR/ava_images___773899.png,../../../mnt/ssd2/29o_rya/datasets/iqa/QualiSR-Set120/hr/ava_images___773899.png,../../../mnt/ssd2/29o_rya/datasets/iqa/QualiSR-Set120/lr/ava_images___773899.png,train,-1.3737843,-0.5677471999999999,-1.0002479999999996,-0.12174369999999968,0.31136509999999973
QualiSR-Set120/PASD/ava_images___827653.npy.gz,PASD,ava_images___827653.png,../../../mnt/ssd2/29o_rya/datasets/iqa/QualiSR-Set120/sr/PASD/ava_images___827653.png,QualiSR-Set120,ava_images___827653,PASD/ava_images___827653.png,../../../mnt/ssd2/29o_rya/datasets/iqa/QualiSR-Set120/hr/ava_images___827653.png,../../../mnt/ssd2/29o_rya/datasets/iqa/QualiSR-Set120/lr/ava_images___827653.png,test,-1.55151894,-0.82570959,-1.3505038999999999,-0.019327134,0.5347044000000001
QualiSR-Set120/RealESRGAN/ava_images___827653.npy.gz,RealESRGAN,ava_images___827653.png,../../../mnt/ssd2/29o_rya/datasets/iqa/QualiSR-Set120/sr/RealESRGAN/ava_images___827653.png,QualiSR-Set120,ava_images___827653,RealESRGAN/ava_images___827653.png,../../../mnt/ssd2/29o_rya/datasets/iqa/QualiSR-Set120/hr/ava_images___827653.png,../../../mnt/ssd2/29o_rya/datasets/iqa/QualiSR-Set120/lr/ava_images___827653.png,test,-1.5089214000000002,-0.94909925,-0.9468917999999997,-0.391438805,1.1721454
QualiSR-Set120/SUPIR/ava_images___827653.npy.gz,SUPIR,ava_images___827653.png,../../../mnt/ssd2/29o_rya/datasets/iqa/QualiSR-Set120/sr/SUPIR/ava_images___827653.png,QualiSR-Set120,ava_images___827653,SUPIR/ava_images___827653.png,../../../mnt/ssd2/29o_rya/datasets/iqa/QualiSR-Set120/hr/ava_images___827653.png,../../../mnt/ssd2/29o_rya/datasets/iqa/QualiSR-Set120/lr/ava_images___827653.png,test,-1.908637073,-0.0076551499999999995,-0.1998009999999999,-0.102089675,0.6323787000000001
QualiSR-Set120/PASD/ava_images___842206.npy.gz,PASD,ava_images___842206.png,../../../mnt/ssd2/29o_rya/datasets/iqa/QualiSR-Set120/sr/PASD/ava_images___842206.png,QualiSR-Set120,ava_images___842206,PASD/ava_images___842206.png,../../../mnt/ssd2/29o_rya/datasets/iqa/QualiSR-Set120/hr/ava_images___842206.png,../../../mnt/ssd2/29o_rya/datasets/iqa/QualiSR-Set120/lr/ava_images___842206.png,test,0.07595444000000001,0.035523199999999866,-0.5736883000000002,-0.2509401000000002,-0.23129558
QualiSR-Set120/RealESRGAN/ava_images___842206.npy.gz,RealESRGAN,ava_images___842206.png,../../../mnt/ssd2/29o_rya/datasets/iqa/QualiSR-Set120/sr/RealESRGAN/ava_images___842206.png,QualiSR-Set120,ava_images___842206,RealESRGAN/ava_images___842206.png,../../../mnt/ssd2/29o_rya/datasets/iqa/QualiSR-Set120/hr/ava_images___842206.png,../../../mnt/ssd2/29o_rya/datasets/iqa/QualiSR-Set120/lr/ava_images___842206.png,test,-0.18531189999999997,-0.3583209000000003,-0.6820869000000003,-0.005545800000000156,-0.19925928000000004
QualiSR-Set120/SUPIR/ava_images___842206.npy.gz,SUPIR,ava_images___842206.png,../../../mnt/ssd2/29o_rya/datasets/iqa/QualiSR-Set120/sr/SUPIR/ava_images___842206.png,QualiSR-Set120,ava_images___842206,SUPIR/ava_images___842206.png,../../../mnt/ssd2/29o_rya/datasets/iqa/QualiSR-Set120/hr/ava_images___842206.png,../../../mnt/ssd2/29o_rya/datasets/iqa/QualiSR-Set120/lr/ava_images___842206.png,test,-0.28190505,-0.1442966000000001,-0.1953813000000002,-0.13568900000000017,-0.16315173000000005
QualiSR-Set120/PASD/ava_images___846773.npy.gz,PASD,ava_images___846773.png,../../../mnt/ssd2/29o_rya/datasets/iqa/QualiSR-Set120/sr/PASD/ava_images___846773.png,QualiSR-Set120,ava_images___846773,PASD/ava_images___846773.png,../../../mnt/ssd2/29o_rya/datasets/iqa/QualiSR-Set120/hr/ava_images___846773.png,../../../mnt/ssd2/29o_rya/datasets/iqa/QualiSR-Set120/lr/ava_images___846773.png,train,-0.45130230000000005,0.11582660000000011,-0.23590300000000042,-0.1282072000000003,0.005380699999999905
QualiSR-Set120/RealESRGAN/ava_images___846773.npy.gz,RealESRGAN,ava_images___846773.png,../../../mnt/ssd2/29o_rya/datasets/iqa/QualiSR-Set120/sr/RealESRGAN/ava_images___846773.png,QualiSR-Set120,ava_images___846773,RealESRGAN/ava_images___846773.png,../../../mnt/ssd2/29o_rya/datasets/iqa/QualiSR-Set120/hr/ava_images___846773.png,../../../mnt/ssd2/29o_rya/datasets/iqa/QualiSR-Set120/lr/ava_images___846773.png,train,-0.5607766999999999,0.1001824,-0.6494515000000005,-0.5337866,-0.8663444
QualiSR-Set120/SUPIR/ava_images___846773.npy.gz,SUPIR,ava_images___846773.png,../../../mnt/ssd2/29o_rya/datasets/iqa/QualiSR-Set120/sr/SUPIR/ava_images___846773.png,QualiSR-Set120,ava_images___846773,SUPIR/ava_images___846773.png,../../../mnt/ssd2/29o_rya/datasets/iqa/QualiSR-Set120/hr/ava_images___846773.png,../../../mnt/ssd2/29o_rya/datasets/iqa/QualiSR-Set120/lr/ava_images___846773.png,train,-0.5967107,0.3249542000000001,-0.502669,-0.48541480000000004,-0.17514800000000008
QualiSR-Set120/PASD/ava_images___857447.npy.gz,PASD,ava_images___857447.png,../../../mnt/ssd2/29o_rya/datasets/iqa/QualiSR-Set120/sr/PASD/ava_images___857447.png,QualiSR-Set120,ava_images___857447,PASD/ava_images___857447.png,../../../mnt/ssd2/29o_rya/datasets/iqa/QualiSR-Set120/hr/ava_images___857447.png,../../../mnt/ssd2/29o_rya/datasets/iqa/QualiSR-Set120/lr/ava_images___857447.png,train,-0.5318160599999999,-0.2723450999999999,-0.39630600000000005,0.11390539999999927,-0.3078599000000004
QualiSR-Set120/RealESRGAN/ava_images___857447.npy.gz,RealESRGAN,ava_images___857447.png,../../../mnt/ssd2/29o_rya/datasets/iqa/QualiSR-Set120/sr/RealESRGAN/ava_images___857447.png,QualiSR-Set120,ava_images___857447,RealESRGAN/ava_images___857447.png,../../../mnt/ssd2/29o_rya/datasets/iqa/QualiSR-Set120/hr/ava_images___857447.png,../../../mnt/ssd2/29o_rya/datasets/iqa/QualiSR-Set120/lr/ava_images___857447.png,train,-0.7823712700000001,-0.7680316000000005,-0.05538769999999982,0.44902320000000007,0.7116012999999999
QualiSR-Set120/SUPIR/ava_images___857447.npy.gz,SUPIR,ava_images___857447.png,../../../mnt/ssd2/29o_rya/datasets/iqa/QualiSR-Set120/sr/SUPIR/ava_images___857447.png,QualiSR-Set120,ava_images___857447,SUPIR/ava_images___857447.png,../../../mnt/ssd2/29o_rya/datasets/iqa/QualiSR-Set120/hr/ava_images___857447.png,../../../mnt/ssd2/29o_rya/datasets/iqa/QualiSR-Set120/lr/ava_images___857447.png,train,-0.5838049599999999,-0.2720455999999998,-0.6358700000000006,0.07418440000000004,0.013382000000000005
QualiSR-Set120/PASD/ava_images___864250.npy.gz,PASD,ava_images___864250.png,../../../mnt/ssd2/29o_rya/datasets/iqa/QualiSR-Set120/sr/PASD/ava_images___864250.png,QualiSR-Set120,ava_images___864250,PASD/ava_images___864250.png,../../../mnt/ssd2/29o_rya/datasets/iqa/QualiSR-Set120/hr/ava_images___864250.png,../../../mnt/ssd2/29o_rya/datasets/iqa/QualiSR-Set120/lr/ava_images___864250.png,train,-2.64768187,-0.17853140000000023,-0.56682805,-0.5377554999999998,0.17498982000000002
QualiSR-Set120/RealESRGAN/ava_images___864250.npy.gz,RealESRGAN,ava_images___864250.png,../../../mnt/ssd2/29o_rya/datasets/iqa/QualiSR-Set120/sr/RealESRGAN/ava_images___864250.png,QualiSR-Set120,ava_images___864250,RealESRGAN/ava_images___864250.png,../../../mnt/ssd2/29o_rya/datasets/iqa/QualiSR-Set120/hr/ava_images___864250.png,../../../mnt/ssd2/29o_rya/datasets/iqa/QualiSR-Set120/lr/ava_images___864250.png,train,-2.61322705,-0.3179247000000003,-0.8241165,-0.5560573999999998,0.08753538
QualiSR-Set120/SUPIR/ava_images___864250.npy.gz,SUPIR,ava_images___864250.png,../../../mnt/ssd2/29o_rya/datasets/iqa/QualiSR-Set120/sr/SUPIR/ava_images___864250.png,QualiSR-Set120,ava_images___864250,SUPIR/ava_images___864250.png,../../../mnt/ssd2/29o_rya/datasets/iqa/QualiSR-Set120/hr/ava_images___864250.png,../../../mnt/ssd2/29o_rya/datasets/iqa/QualiSR-Set120/lr/ava_images___864250.png,train,-2.61854176,-0.4494328000000003,-0.27120429999999995,-0.10359259999999981,-0.020823599999999998
QualiSR-Set120/PASD/ava_images___865616.npy.gz,PASD,ava_images___865616.png,../../../mnt/ssd2/29o_rya/datasets/iqa/QualiSR-Set120/sr/PASD/ava_images___865616.png,QualiSR-Set120,ava_images___865616,PASD/ava_images___865616.png,../../../mnt/ssd2/29o_rya/datasets/iqa/QualiSR-Set120/hr/ava_images___865616.png,../../../mnt/ssd2/29o_rya/datasets/iqa/QualiSR-Set120/lr/ava_images___865616.png,train,-4.5305260999999994,-1.39734443,-0.37317089999999986,0.7339490000000001,0.2854806200000001
QualiSR-Set120/RealESRGAN/ava_images___865616.npy.gz,RealESRGAN,ava_images___865616.png,../../../mnt/ssd2/29o_rya/datasets/iqa/QualiSR-Set120/sr/RealESRGAN/ava_images___865616.png,QualiSR-Set120,ava_images___865616,RealESRGAN/ava_images___865616.png,../../../mnt/ssd2/29o_rya/datasets/iqa/QualiSR-Set120/hr/ava_images___865616.png,../../../mnt/ssd2/29o_rya/datasets/iqa/QualiSR-Set120/lr/ava_images___865616.png,train,-4.5759267999999995,-1.02709742,-0.6162825,0.37563908,0.28458071000000007
QualiSR-Set120/SUPIR/ava_images___865616.npy.gz,SUPIR,ava_images___865616.png,../../../mnt/ssd2/29o_rya/datasets/iqa/QualiSR-Set120/sr/SUPIR/ava_images___865616.png,QualiSR-Set120,ava_images___865616,SUPIR/ava_images___865616.png,../../../mnt/ssd2/29o_rya/datasets/iqa/QualiSR-Set120/hr/ava_images___865616.png,../../../mnt/ssd2/29o_rya/datasets/iqa/QualiSR-Set120/lr/ava_images___865616.png,train,-4.8146492,-1.16034727,-0.6208897999999999,0.31731005,0.19735063000000003
QualiSR-Set120/PASD/ava_images___953752.npy.gz,PASD,ava_images___953752.png,../../../mnt/ssd2/29o_rya/datasets/iqa/QualiSR-Set120/sr/PASD/ava_images___953752.png,QualiSR-Set120,ava_images___953752,PASD/ava_images___953752.png,../../../mnt/ssd2/29o_rya/datasets/iqa/QualiSR-Set120/hr/ava_images___953752.png,../../../mnt/ssd2/29o_rya/datasets/iqa/QualiSR-Set120/lr/ava_images___953752.png,train,-2.3804646,-0.7359451499999999,-0.26199997999999997,0.11028349999999998,0.17545336999999994
QualiSR-Set120/RealESRGAN/ava_images___953752.npy.gz,RealESRGAN,ava_images___953752.png,../../../mnt/ssd2/29o_rya/datasets/iqa/QualiSR-Set120/sr/RealESRGAN/ava_images___953752.png,QualiSR-Set120,ava_images___953752,RealESRGAN/ava_images___953752.png,../../../mnt/ssd2/29o_rya/datasets/iqa/QualiSR-Set120/hr/ava_images___953752.png,../../../mnt/ssd2/29o_rya/datasets/iqa/QualiSR-Set120/lr/ava_images___953752.png,train,-2.09251543,-0.7150850999999999,-0.48969471,0.011929499999999926,0.4214293
QualiSR-Set120/SUPIR/ava_images___953752.npy.gz,SUPIR,ava_images___953752.png,../../../mnt/ssd2/29o_rya/datasets/iqa/QualiSR-Set120/sr/SUPIR/ava_images___953752.png,QualiSR-Set120,ava_images___953752,SUPIR/ava_images___953752.png,../../../mnt/ssd2/29o_rya/datasets/iqa/QualiSR-Set120/hr/ava_images___953752.png,../../../mnt/ssd2/29o_rya/datasets/iqa/QualiSR-Set120/lr/ava_images___953752.png,train,-2.20161805,-0.7397501,-0.47360714,-0.030316699999999974,0.3248614999999999
QualiSR-Set120/PASD/blur_dataset___out_of_focus0685.npy.gz,PASD,blur_dataset___out_of_focus0685.png,../../../mnt/ssd2/29o_rya/datasets/iqa/QualiSR-Set120/sr/PASD/blur_dataset___out_of_focus0685.png,QualiSR-Set120,blur_dataset___out_of_focus0685,PASD/blur_dataset___out_of_focus0685.png,../../../mnt/ssd2/29o_rya/datasets/iqa/QualiSR-Set120/hr/blur_dataset___out_of_focus0685.png,../../../mnt/ssd2/29o_rya/datasets/iqa/QualiSR-Set120/lr/blur_dataset___out_of_focus0685.png,train,-0.3968902000000001,-0.09016899999999994,0.26975870000000013,0.3977389,0.29708791
QualiSR-Set120/RealESRGAN/blur_dataset___out_of_focus0685.npy.gz,RealESRGAN,blur_dataset___out_of_focus0685.png,../../../mnt/ssd2/29o_rya/datasets/iqa/QualiSR-Set120/sr/RealESRGAN/blur_dataset___out_of_focus0685.png,QualiSR-Set120,blur_dataset___out_of_focus0685,RealESRGAN/blur_dataset___out_of_focus0685.png,../../../mnt/ssd2/29o_rya/datasets/iqa/QualiSR-Set120/hr/blur_dataset___out_of_focus0685.png,../../../mnt/ssd2/29o_rya/datasets/iqa/QualiSR-Set120/lr/blur_dataset___out_of_focus0685.png,train,-0.29545750000000015,-0.6126804999999997,-0.3317890000000001,0.8449543000000002,0.66143036
QualiSR-Set120/SUPIR/blur_dataset___out_of_focus0685.npy.gz,SUPIR,blur_dataset___out_of_focus0685.png,../../../mnt/ssd2/29o_rya/datasets/iqa/QualiSR-Set120/sr/SUPIR/blur_dataset___out_of_focus0685.png,QualiSR-Set120,blur_dataset___out_of_focus0685,SUPIR/blur_dataset___out_of_focus0685.png,../../../mnt/ssd2/29o_rya/datasets/iqa/QualiSR-Set120/hr/blur_dataset___out_of_focus0685.png,../../../mnt/ssd2/29o_rya/datasets/iqa/QualiSR-Set120/lr/blur_dataset___out_of_focus0685.png,train,-0.7346949000000003,-0.2761252999999999,-0.14508680000000007,-0.06391659999999999,-0.011297219999999997
QualiSR-Set120/PASD/voc_emotic_ava___EMOTIC__COCO_train2014_000000244530.npy.gz,PASD,voc_emotic_ava___EMOTIC__COCO_train2014_000000244530.png,../../../mnt/ssd2/29o_rya/datasets/iqa/QualiSR-Set120/sr/PASD/voc_emotic_ava___EMOTIC__COCO_train2014_000000244530.png,QualiSR-Set120,voc_emotic_ava___EMOTIC__COCO_train2014_000000244530,PASD/voc_emotic_ava___EMOTIC__COCO_train2014_000000244530.png,../../../mnt/ssd2/29o_rya/datasets/iqa/QualiSR-Set120/hr/voc_emotic_ava___EMOTIC__COCO_train2014_000000244530.png,../../../mnt/ssd2/29o_rya/datasets/iqa/QualiSR-Set120/lr/voc_emotic_ava___EMOTIC__COCO_train2014_000000244530.png,train,-5.1524852999999995,-1.79674321,-1.2426560000000002,-0.11604400000000004,1.8953482
QualiSR-Set120/RealESRGAN/voc_emotic_ava___EMOTIC__COCO_train2014_000000244530.npy.gz,RealESRGAN,voc_emotic_ava___EMOTIC__COCO_train2014_000000244530.png,../../../mnt/ssd2/29o_rya/datasets/iqa/QualiSR-Set120/sr/RealESRGAN/voc_emotic_ava___EMOTIC__COCO_train2014_000000244530.png,QualiSR-Set120,voc_emotic_ava___EMOTIC__COCO_train2014_000000244530,RealESRGAN/voc_emotic_ava___EMOTIC__COCO_train2014_000000244530.png,../../../mnt/ssd2/29o_rya/datasets/iqa/QualiSR-Set120/hr/voc_emotic_ava___EMOTIC__COCO_train2014_000000244530.png,../../../mnt/ssd2/29o_rya/datasets/iqa/QualiSR-Set120/lr/voc_emotic_ava___EMOTIC__COCO_train2014_000000244530.png,train,-5.7273334999999985,-1.5118691100000001,-1.1247728000000001,-0.2095674999999999,1.5568582000000002
QualiSR-Set120/SUPIR/voc_emotic_ava___EMOTIC__COCO_train2014_000000244530.npy.gz,SUPIR,voc_emotic_ava___EMOTIC__COCO_train2014_000000244530.png,../../../mnt/ssd2/29o_rya/datasets/iqa/QualiSR-Set120/sr/SUPIR/voc_emotic_ava___EMOTIC__COCO_train2014_000000244530.png,QualiSR-Set120,voc_emotic_ava___EMOTIC__COCO_train2014_000000244530,SUPIR/voc_emotic_ava___EMOTIC__COCO_train2014_000000244530.png,../../../mnt/ssd2/29o_rya/datasets/iqa/QualiSR-Set120/hr/voc_emotic_ava___EMOTIC__COCO_train2014_000000244530.png,../../../mnt/ssd2/29o_rya/datasets/iqa/QualiSR-Set120/lr/voc_emotic_ava___EMOTIC__COCO_train2014_000000244530.png,train,-5.472708599999999,-1.62861991,-1.1047555999999998,0.05056340000000015,1.8956791000000002
QualiSR-Set120/PASD/voc_emotic_ava___EMOTIC__COCO_train2014_000000247190.npy.gz,PASD,voc_emotic_ava___EMOTIC__COCO_train2014_000000247190.png,../../../mnt/ssd2/29o_rya/datasets/iqa/QualiSR-Set120/sr/PASD/voc_emotic_ava___EMOTIC__COCO_train2014_000000247190.png,QualiSR-Set120,voc_emotic_ava___EMOTIC__COCO_train2014_000000247190,PASD/voc_emotic_ava___EMOTIC__COCO_train2014_000000247190.png,../../../mnt/ssd2/29o_rya/datasets/iqa/QualiSR-Set120/hr/voc_emotic_ava___EMOTIC__COCO_train2014_000000247190.png,../../../mnt/ssd2/29o_rya/datasets/iqa/QualiSR-Set120/lr/voc_emotic_ava___EMOTIC__COCO_train2014_000000247190.png,train,-3.40056846,-1.04575558,-0.7270975000000002,0.46399123000000003,0.9608623999999999
QualiSR-Set120/RealESRGAN/voc_emotic_ava___EMOTIC__COCO_train2014_000000247190.npy.gz,RealESRGAN,voc_emotic_ava___EMOTIC__COCO_train2014_000000247190.png,../../../mnt/ssd2/29o_rya/datasets/iqa/QualiSR-Set120/sr/RealESRGAN/voc_emotic_ava___EMOTIC__COCO_train2014_000000247190.png,QualiSR-Set120,voc_emotic_ava___EMOTIC__COCO_train2014_000000247190,RealESRGAN/voc_emotic_ava___EMOTIC__COCO_train2014_000000247190.png,../../../mnt/ssd2/29o_rya/datasets/iqa/QualiSR-Set120/hr/voc_emotic_ava___EMOTIC__COCO_train2014_000000247190.png,../../../mnt/ssd2/29o_rya/datasets/iqa/QualiSR-Set120/lr/voc_emotic_ava___EMOTIC__COCO_train2014_000000247190.png,train,-3.37670353,-0.80932125,-0.7771393999999998,0.3198415,0.8979140000000001
QualiSR-Set120/SUPIR/voc_emotic_ava___EMOTIC__COCO_train2014_000000247190.npy.gz,SUPIR,voc_emotic_ava___EMOTIC__COCO_train2014_000000247190.png,../../../mnt/ssd2/29o_rya/datasets/iqa/QualiSR-Set120/sr/SUPIR/voc_emotic_ava___EMOTIC__COCO_train2014_000000247190.png,QualiSR-Set120,voc_emotic_ava___EMOTIC__COCO_train2014_000000247190,SUPIR/voc_emotic_ava___EMOTIC__COCO_train2014_000000247190.png,../../../mnt/ssd2/29o_rya/datasets/iqa/QualiSR-Set120/hr/voc_emotic_ava___EMOTIC__COCO_train2014_000000247190.png,../../../mnt/ssd2/29o_rya/datasets/iqa/QualiSR-Set120/lr/voc_emotic_ava___EMOTIC__COCO_train2014_000000247190.png,train,-3.6185225,-0.9088921400000001,-0.6394196000000001,0.31662899,0.7314390999999998
QualiSR-Set120/PASD/voc_emotic_ava___EMOTIC__COCO_val2014_000000020598.npy.gz,PASD,voc_emotic_ava___EMOTIC__COCO_val2014_000000020598.png,../../../mnt/ssd2/29o_rya/datasets/iqa/QualiSR-Set120/sr/PASD/voc_emotic_ava___EMOTIC__COCO_val2014_000000020598.png,QualiSR-Set120,voc_emotic_ava___EMOTIC__COCO_val2014_000000020598,PASD/voc_emotic_ava___EMOTIC__COCO_val2014_000000020598.png,../../../mnt/ssd2/29o_rya/datasets/iqa/QualiSR-Set120/hr/voc_emotic_ava___EMOTIC__COCO_val2014_000000020598.png,../../../mnt/ssd2/29o_rya/datasets/iqa/QualiSR-Set120/lr/voc_emotic_ava___EMOTIC__COCO_val2014_000000020598.png,train,-5.6789060000000005,-2.52963264,-0.87891137,0.4016302999999999,0.41670180000000023
QualiSR-Set120/RealESRGAN/voc_emotic_ava___EMOTIC__COCO_val2014_000000020598.npy.gz,RealESRGAN,voc_emotic_ava___EMOTIC__COCO_val2014_000000020598.png,../../../mnt/ssd2/29o_rya/datasets/iqa/QualiSR-Set120/sr/RealESRGAN/voc_emotic_ava___EMOTIC__COCO_val2014_000000020598.png,QualiSR-Set120,voc_emotic_ava___EMOTIC__COCO_val2014_000000020598,RealESRGAN/voc_emotic_ava___EMOTIC__COCO_val2014_000000020598.png,../../../mnt/ssd2/29o_rya/datasets/iqa/QualiSR-Set120/hr/voc_emotic_ava___EMOTIC__COCO_val2014_000000020598.png,../../../mnt/ssd2/29o_rya/datasets/iqa/QualiSR-Set120/lr/voc_emotic_ava___EMOTIC__COCO_val2014_000000020598.png,train,-5.488294000000001,-2.28302184,-1.66250556,0.2977185000000002,1.3889076
QualiSR-Set120/SUPIR/voc_emotic_ava___EMOTIC__COCO_val2014_000000020598.npy.gz,SUPIR,voc_emotic_ava___EMOTIC__COCO_val2014_000000020598.png,../../../mnt/ssd2/29o_rya/datasets/iqa/QualiSR-Set120/sr/SUPIR/voc_emotic_ava___EMOTIC__COCO_val2014_000000020598.png,QualiSR-Set120,voc_emotic_ava___EMOTIC__COCO_val2014_000000020598,SUPIR/voc_emotic_ava___EMOTIC__COCO_val2014_000000020598.png,../../../mnt/ssd2/29o_rya/datasets/iqa/QualiSR-Set120/hr/voc_emotic_ava___EMOTIC__COCO_val2014_000000020598.png,../../../mnt/ssd2/29o_rya/datasets/iqa/QualiSR-Set120/lr/voc_emotic_ava___EMOTIC__COCO_val2014_000000020598.png,train,-5.956581000000001,-2.1412159400000004,-0.81760197,0.3898844000000006,0.3303940000000001
QualiSR-Set120/PASD/voc_emotic_ava___JPEGImages__2008_003883.npy.gz,PASD,voc_emotic_ava___JPEGImages__2008_003883.png,../../../mnt/ssd2/29o_rya/datasets/iqa/QualiSR-Set120/sr/PASD/voc_emotic_ava___JPEGImages__2008_003883.png,QualiSR-Set120,voc_emotic_ava___JPEGImages__2008_003883,PASD/voc_emotic_ava___JPEGImages__2008_003883.png,../../../mnt/ssd2/29o_rya/datasets/iqa/QualiSR-Set120/hr/voc_emotic_ava___JPEGImages__2008_003883.png,../../../mnt/ssd2/29o_rya/datasets/iqa/QualiSR-Set120/lr/voc_emotic_ava___JPEGImages__2008_003883.png,test,-7.8716826,-2.9322513,-2.0764972299999997,1.16627895,1.70755827
QualiSR-Set120/RealESRGAN/voc_emotic_ava___JPEGImages__2008_003883.npy.gz,RealESRGAN,voc_emotic_ava___JPEGImages__2008_003883.png,../../../mnt/ssd2/29o_rya/datasets/iqa/QualiSR-Set120/sr/RealESRGAN/voc_emotic_ava___JPEGImages__2008_003883.png,QualiSR-Set120,voc_emotic_ava___JPEGImages__2008_003883,RealESRGAN/voc_emotic_ava___JPEGImages__2008_003883.png,../../../mnt/ssd2/29o_rya/datasets/iqa/QualiSR-Set120/hr/voc_emotic_ava___JPEGImages__2008_003883.png,../../../mnt/ssd2/29o_rya/datasets/iqa/QualiSR-Set120/lr/voc_emotic_ava___JPEGImages__2008_003883.png,test,-6.584552200000001,-2.9244567000000004,-2.15895091,0.83293598,2.3545806999999996
QualiSR-Set120/SUPIR/voc_emotic_ava___JPEGImages__2008_003883.npy.gz,SUPIR,voc_emotic_ava___JPEGImages__2008_003883.png,../../../mnt/ssd2/29o_rya/datasets/iqa/QualiSR-Set120/sr/SUPIR/voc_emotic_ava___JPEGImages__2008_003883.png,QualiSR-Set120,voc_emotic_ava___JPEGImages__2008_003883,SUPIR/voc_emotic_ava___JPEGImages__2008_003883.png,../../../mnt/ssd2/29o_rya/datasets/iqa/QualiSR-Set120/hr/voc_emotic_ava___JPEGImages__2008_003883.png,../../../mnt/ssd2/29o_rya/datasets/iqa/QualiSR-Set120/lr/voc_emotic_ava___JPEGImages__2008_003883.png,test,-7.2901179,-3.180357,-1.94692463,1.1689909,2.0972136
QualiSR-Set120/PASD/voc_emotic_ava___VOC2012__2010_004399.npy.gz,PASD,voc_emotic_ava___VOC2012__2010_004399.png,../../../mnt/ssd2/29o_rya/datasets/iqa/QualiSR-Set120/sr/PASD/voc_emotic_ava___VOC2012__2010_004399.png,QualiSR-Set120,voc_emotic_ava___VOC2012__2010_004399,PASD/voc_emotic_ava___VOC2012__2010_004399.png,../../../mnt/ssd2/29o_rya/datasets/iqa/QualiSR-Set120/hr/voc_emotic_ava___VOC2012__2010_004399.png,../../../mnt/ssd2/29o_rya/datasets/iqa/QualiSR-Set120/lr/voc_emotic_ava___VOC2012__2010_004399.png,train,-3.4736826,-0.26352198,-0.6570091000000002,-0.12628079999999997,0.9918524999999998
QualiSR-Set120/RealESRGAN/voc_emotic_ava___VOC2012__2010_004399.npy.gz,RealESRGAN,voc_emotic_ava___VOC2012__2010_004399.png,../../../mnt/ssd2/29o_rya/datasets/iqa/QualiSR-Set120/sr/RealESRGAN/voc_emotic_ava___VOC2012__2010_004399.png,QualiSR-Set120,voc_emotic_ava___VOC2012__2010_004399,RealESRGAN/voc_emotic_ava___VOC2012__2010_004399.png,../../../mnt/ssd2/29o_rya/datasets/iqa/QualiSR-Set120/hr/voc_emotic_ava___VOC2012__2010_004399.png,../../../mnt/ssd2/29o_rya/datasets/iqa/QualiSR-Set120/lr/voc_emotic_ava___VOC2012__2010_004399.png,train,-3.2572981,-0.6311815999999999,-0.8425874999999998,0.15729060000000006,0.3384749
QualiSR-Set120/SUPIR/voc_emotic_ava___VOC2012__2010_004399.npy.gz,SUPIR,voc_emotic_ava___VOC2012__2010_004399.png,../../../mnt/ssd2/29o_rya/datasets/iqa/QualiSR-Set120/sr/SUPIR/voc_emotic_ava___VOC2012__2010_004399.png,QualiSR-Set120,voc_emotic_ava___VOC2012__2010_004399,SUPIR/voc_emotic_ava___VOC2012__2010_004399.png,../../../mnt/ssd2/29o_rya/datasets/iqa/QualiSR-Set120/hr/voc_emotic_ava___VOC2012__2010_004399.png,../../../mnt/ssd2/29o_rya/datasets/iqa/QualiSR-Set120/lr/voc_emotic_ava___VOC2012__2010_004399.png,train,-3.5860833,-0.17377324,-0.7751668,-0.05376686999999991,1.0085232
QualiSR-Set120/PASD/voc_emotic_ava___VOC2012__2012_004043.npy.gz,PASD,voc_emotic_ava___VOC2012__2012_004043.png,../../../mnt/ssd2/29o_rya/datasets/iqa/QualiSR-Set120/sr/PASD/voc_emotic_ava___VOC2012__2012_004043.png,QualiSR-Set120,voc_emotic_ava___VOC2012__2012_004043,PASD/voc_emotic_ava___VOC2012__2012_004043.png,../../../mnt/ssd2/29o_rya/datasets/iqa/QualiSR-Set120/hr/voc_emotic_ava___VOC2012__2012_004043.png,../../../mnt/ssd2/29o_rya/datasets/iqa/QualiSR-Set120/lr/voc_emotic_ava___VOC2012__2012_004043.png,train,-7.447282399999999,-1.26016504,-1.5537268999999998,-0.005906709999999982,2.1434113000000004
QualiSR-Set120/RealESRGAN/voc_emotic_ava___VOC2012__2012_004043.npy.gz,RealESRGAN,voc_emotic_ava___VOC2012__2012_004043.png,../../../mnt/ssd2/29o_rya/datasets/iqa/QualiSR-Set120/sr/RealESRGAN/voc_emotic_ava___VOC2012__2012_004043.png,QualiSR-Set120,voc_emotic_ava___VOC2012__2012_004043,RealESRGAN/voc_emotic_ava___VOC2012__2012_004043.png,../../../mnt/ssd2/29o_rya/datasets/iqa/QualiSR-Set120/hr/voc_emotic_ava___VOC2012__2012_004043.png,../../../mnt/ssd2/29o_rya/datasets/iqa/QualiSR-Set120/lr/voc_emotic_ava___VOC2012__2012_004043.png,train,-6.8972698,-1.4620647999999998,-1.6377095,0.418986,1.7915079999999999
QualiSR-Set120/SUPIR/voc_emotic_ava___VOC2012__2012_004043.npy.gz,SUPIR,voc_emotic_ava___VOC2012__2012_004043.png,../../../mnt/ssd2/29o_rya/datasets/iqa/QualiSR-Set120/sr/SUPIR/voc_emotic_ava___VOC2012__2012_004043.png,QualiSR-Set120,voc_emotic_ava___VOC2012__2012_004043,SUPIR/voc_emotic_ava___VOC2012__2012_004043.png,../../../mnt/ssd2/29o_rya/datasets/iqa/QualiSR-Set120/hr/voc_emotic_ava___VOC2012__2012_004043.png,../../../mnt/ssd2/29o_rya/datasets/iqa/QualiSR-Set120/lr/voc_emotic_ava___VOC2012__2012_004043.png,train,-7.2428599999999985,-1.26632948,-1.1032454999999999,0.24251665000000006,1.9866325000000002
