sample_id,sr_method,sr_filename,sr_path,dataset,test_case,rel_path,gt_path,lr_path,content_fidelity,perceptual_enhancement,final_rr_score
QualiSR-Set120/PASD/1024x768___4962875195.npy.gz,PASD,1024x768___4962875195.png,../../../mnt/ssd2/29o_rya/datasets/iqa/QualiSR-Set120/sr/PASD/1024x768___4962875195.png,QualiSR-Set120,1024x768___4962875195,PASD/1024x768___4962875195.png,../../../mnt/ssd2/29o_rya/datasets/iqa/QualiSR-Set120/hr/1024x768___4962875195.png,../../../mnt/ssd2/29o_rya/datasets/iqa/QualiSR-Set120/lr/1024x768___4962875195.png,0.9562805891036987,0.9620441198348999,0.9591623544692993
QualiSR-Set120/RealESRGAN/1024x768___4962875195.npy.gz,RealESRGAN,1024x768___4962875195.png,../../../mnt/ssd2/29o_rya/datasets/iqa/QualiSR-Set120/sr/RealESRGAN/1024x768___4962875195.png,QualiSR-Set120,1024x768___4962875195,RealESRGAN/1024x768___4962875195.png,../../../mnt/ssd2/29o_rya/datasets/iqa/QualiSR-Set120/hr/1024x768___4962875195.png,../../../mnt/ssd2/29o_rya/datasets/iqa/QualiSR-Set120/lr/1024x768___4962875195.png,0.9577292203903198,0.960362434387207,0.9590458273887634
QualiSR-Set120/SUPIR/1024x768___4962875195.npy.gz,SUPIR,1024x768___4962875195.png,../../../mnt/ssd2/29o_rya/datasets/iqa/QualiSR-Set120/sr/SUPIR/1024x768___4962875195.png,QualiSR-Set120,1024x768___4962875195,SUPIR/1024x768___4962875195.png,../../../mnt/ssd2/29o_rya/datasets/iqa/QualiSR-Set120/hr/1024x768___4962875195.png,../../../mnt/ssd2/29o_rya/datasets/iqa/QualiSR-Set120/lr/1024x768___4962875195.png,0.9640392065048218,0.9683592319488525,0.9661992192268372
QualiSR-Set120/PASD/ava_images___101816.npy.gz,PASD,ava_images___101816.png,../../../mnt/ssd2/29o_rya/datasets/iqa/QualiSR-Set120/sr/PASD/ava_images___101816.png,QualiSR-Set120,ava_images___101816,PASD/ava_images___101816.png,../../../mnt/ssd2/29o_rya/datasets/iqa/QualiSR-Set120/hr/ava_images___101816.png,../../../mnt/ssd2/29o_rya/datasets/iqa/QualiSR-Set120/lr/ava_images___101816.png,0.8800148963928223,0.8905376195907593,0.8852762579917908
QualiSR-Set120/RealESRGAN/ava_images___101816.npy.gz,RealESRGAN,ava_images___101816.png,../../../mnt/ssd2/29o_rya/datasets/iqa/QualiSR-Set120/sr/RealESRGAN/ava_images___101816.png,QualiSR-Set120,ava_images___101816,RealESRGAN/ava_images___101816.png,../../../mnt/ssd2/29o_rya/datasets/iqa/QualiSR-Set120/hr/ava_images___101816.png,../../../mnt/ssd2/29o_rya/datasets/iqa/QualiSR-Set120/lr/ava_images___101816.png,0.9014478921890259,0.9044820666313171,0.9029649794101715
QualiSR-Set120/SUPIR/ava_images___101816.npy.gz,SUPIR,ava_images___101816.png,../../../mnt/ssd2/29o_rya/datasets/iqa/QualiSR-Set120/sr/SUPIR/ava_images___101816.png,QualiSR-Set120,ava_images___101816,SUPIR/ava_images___101816.png,../../../mnt/ssd2/29o_rya/datasets/iqa/QualiSR-Set120/hr/ava_images___101816.png,../../../mnt/ssd2/29o_rya/datasets/iqa/QualiSR-Set120/lr/ava_images___101816.png,0.8924229741096497,0.9075101613998413,0.8999665677547455
QualiSR-Set120/PASD/ava_images___158174.npy.gz,PASD,ava_images___158174.png,../../../mnt/ssd2/29o_rya/datasets/iqa/QualiSR-Set120/sr/PASD/ava_images___158174.png,QualiSR-Set120,ava_images___158174,PASD/ava_images___158174.png,../../../mnt/ssd2/29o_rya/datasets/iqa/QualiSR-Set120/hr/ava_images___158174.png,../../../mnt/ssd2/29o_rya/datasets/iqa/QualiSR-Set120/lr/ava_images___158174.png,0.923895001411438,0.9348785281181335,0.9293867647647858
QualiSR-Set120/RealESRGAN/ava_images___158174.npy.gz,RealESRGAN,ava_images___158174.png,../../../mnt/ssd2/29o_rya/datasets/iqa/QualiSR-Set120/sr/RealESRGAN/ava_images___158174.png,QualiSR-Set120,ava_images___158174,RealESRGAN/ava_images___158174.png,../../../mnt/ssd2/29o_rya/datasets/iqa/QualiSR-Set120/hr/ava_images___158174.png,../../../mnt/ssd2/29o_rya/datasets/iqa/QualiSR-Set120/lr/ava_images___158174.png,0.8745543956756592,0.884163498878479,0.8793589472770691
QualiSR-Set120/SUPIR/ava_images___158174.npy.gz,SUPIR,ava_images___158174.png,../../../mnt/ssd2/29o_rya/datasets/iqa/QualiSR-Set120/sr/SUPIR/ava_images___158174.png,QualiSR-Set120,ava_images___158174,SUPIR/ava_images___158174.png,../../../mnt/ssd2/29o_rya/datasets/iqa/QualiSR-Set120/hr/ava_images___158174.png,../../../mnt/ssd2/29o_rya/datasets/iqa/QualiSR-Set120/lr/ava_images___158174.png,0.9472684860229492,0.9508752822875977,0.9490718841552734
QualiSR-Set120/PASD/ava_images___18037.npy.gz,PASD,ava_images___18037.png,../../../mnt/ssd2/29o_rya/datasets/iqa/QualiSR-Set120/sr/PASD/ava_images___18037.png,QualiSR-Set120,ava_images___18037,PASD/ava_images___18037.png,../../../mnt/ssd2/29o_rya/datasets/iqa/QualiSR-Set120/hr/ava_images___18037.png,../../../mnt/ssd2/29o_rya/datasets/iqa/QualiSR-Set120/lr/ava_images___18037.png,0.9586648344993591,0.9497929811477661,0.9542289078235626
QualiSR-Set120/RealESRGAN/ava_images___18037.npy.gz,RealESRGAN,ava_images___18037.png,../../../mnt/ssd2/29o_rya/datasets/iqa/QualiSR-Set120/sr/RealESRGAN/ava_images___18037.png,QualiSR-Set120,ava_images___18037,RealESRGAN/ava_images___18037.png,../../../mnt/ssd2/29o_rya/datasets/iqa/QualiSR-Set120/hr/ava_images___18037.png,../../../mnt/ssd2/29o_rya/datasets/iqa/QualiSR-Set120/lr/ava_images___18037.png,0.9175472259521484,0.9273810386657715,0.92246413230896
QualiSR-Set120/SUPIR/ava_images___18037.npy.gz,SUPIR,ava_images___18037.png,../../../mnt/ssd2/29o_rya/datasets/iqa/QualiSR-Set120/sr/SUPIR/ava_images___18037.png,QualiSR-Set120,ava_images___18037,SUPIR/ava_images___18037.png,../../../mnt/ssd2/29o_rya/datasets/iqa/QualiSR-Set120/hr/ava_images___18037.png,../../../mnt/ssd2/29o_rya/datasets/iqa/QualiSR-Set120/lr/ava_images___18037.png,0.9061868190765381,0.9233084917068481,0.9147476553916931
QualiSR-Set120/PASD/ava_images___217590.npy.gz,PASD,ava_images___217590.png,../../../mnt/ssd2/29o_rya/datasets/iqa/QualiSR-Set120/sr/PASD/ava_images___217590.png,QualiSR-Set120,ava_images___217590,PASD/ava_images___217590.png,../../../mnt/ssd2/29o_rya/datasets/iqa/QualiSR-Set120/hr/ava_images___217590.png,../../../mnt/ssd2/29o_rya/datasets/iqa/QualiSR-Set120/lr/ava_images___217590.png,0.9428558349609375,0.9432713985443115,0.9430636167526245
QualiSR-Set120/RealESRGAN/ava_images___217590.npy.gz,RealESRGAN,ava_images___217590.png,../../../mnt/ssd2/29o_rya/datasets/iqa/QualiSR-Set120/sr/RealESRGAN/ava_images___217590.png,QualiSR-Set120,ava_images___217590,RealESRGAN/ava_images___217590.png,../../../mnt/ssd2/29o_rya/datasets/iqa/QualiSR-Set120/hr/ava_images___217590.png,../../../mnt/ssd2/29o_rya/datasets/iqa/QualiSR-Set120/lr/ava_images___217590.png,0.938568651676178,0.9359004497528076,0.9372345507144928
QualiSR-Set120/SUPIR/ava_images___217590.npy.gz,SUPIR,ava_images___217590.png,../../../mnt/ssd2/29o_rya/datasets/iqa/QualiSR-Set120/sr/SUPIR/ava_images___217590.png,QualiSR-Set120,ava_images___217590,SUPIR/ava_images___217590.png,../../../mnt/ssd2/29o_rya/datasets/iqa/QualiSR-Set120/hr/ava_images___217590.png,../../../mnt/ssd2/29o_rya/datasets/iqa/QualiSR-Set120/lr/ava_images___217590.png,0.9367272257804871,0.9363661408424377,0.9365466833114624
QualiSR-Set120/PASD/ava_images___251530.npy.gz,PASD,ava_images___251530.png,../../../mnt/ssd2/29o_rya/datasets/iqa/QualiSR-Set120/sr/PASD/ava_images___251530.png,QualiSR-Set120,ava_images___251530,PASD/ava_images___251530.png,../../../mnt/ssd2/29o_rya/datasets/iqa/QualiSR-Set120/hr/ava_images___251530.png,../../../mnt/ssd2/29o_rya/datasets/iqa/QualiSR-Set120/lr/ava_images___251530.png,0.8903803825378418,0.9174228310585022,0.903901606798172
QualiSR-Set120/RealESRGAN/ava_images___251530.npy.gz,RealESRGAN,ava_images___251530.png,../../../mnt/ssd2/29o_rya/datasets/iqa/QualiSR-Set120/sr/RealESRGAN/ava_images___251530.png,QualiSR-Set120,ava_images___251530,RealESRGAN/ava_images___251530.png,../../../mnt/ssd2/29o_rya/datasets/iqa/QualiSR-Set120/hr/ava_images___251530.png,../../../mnt/ssd2/29o_rya/datasets/iqa/QualiSR-Set120/lr/ava_images___251530.png,0.9292879104614258,0.951162576675415,0.9402252435684204
QualiSR-Set120/SUPIR/ava_images___251530.npy.gz,SUPIR,ava_images___251530.png,../../../mnt/ssd2/29o_rya/datasets/iqa/QualiSR-Set120/sr/SUPIR/ava_images___251530.png,QualiSR-Set120,ava_images___251530,SUPIR/ava_images___251530.png,../../../mnt/ssd2/29o_rya/datasets/iqa/QualiSR-Set120/hr/ava_images___251530.png,../../../mnt/ssd2/29o_rya/datasets/iqa/QualiSR-Set120/lr/ava_images___251530.png,0.919611930847168,0.9426511526107788,0.9311315417289734
QualiSR-Set120/PASD/ava_images___253900.npy.gz,PASD,ava_images___253900.png,../../../mnt/ssd2/29o_rya/datasets/iqa/QualiSR-Set120/sr/PASD/ava_images___253900.png,QualiSR-Set120,ava_images___253900,PASD/ava_images___253900.png,../../../mnt/ssd2/29o_rya/datasets/iqa/QualiSR-Set120/hr/ava_images___253900.png,../../../mnt/ssd2/29o_rya/datasets/iqa/QualiSR-Set120/lr/ava_images___253900.png,0.9533849358558655,0.9660913944244385,0.959738165140152
QualiSR-Set120/RealESRGAN/ava_images___253900.npy.gz,RealESRGAN,ava_images___253900.png,../../../mnt/ssd2/29o_rya/datasets/iqa/QualiSR-Set120/sr/RealESRGAN/ava_images___253900.png,QualiSR-Set120,ava_images___253900,RealESRGAN/ava_images___253900.png,../../../mnt/ssd2/29o_rya/datasets/iqa/QualiSR-Set120/hr/ava_images___253900.png,../../../mnt/ssd2/29o_rya/datasets/iqa/QualiSR-Set120/lr/ava_images___253900.png,0.9361788034439087,0.9473717212677002,0.9417752623558044
QualiSR-Set120/SUPIR/ava_images___253900.npy.gz,SUPIR,ava_images___253900.png,../../../mnt/ssd2/29o_rya/datasets/iqa/QualiSR-Set120/sr/SUPIR/ava_images___253900.png,QualiSR-Set120,ava_images___253900,SUPIR/ava_images___253900.png,../../../mnt/ssd2/29o_rya/datasets/iqa/QualiSR-Set120/hr/ava_images___253900.png,../../../mnt/ssd2/29o_rya/datasets/iqa/QualiSR-Set120/lr/ava_images___253900.png,0.9367473721504211,0.9548351168632507,0.9457912445068359
QualiSR-Set120/PASD/ava_images___273810.npy.gz,PASD,ava_images___273810.png,../../../mnt/ssd2/29o_rya/datasets/iqa/QualiSR-Set120/sr/PASD/ava_images___273810.png,QualiSR-Set120,ava_images___273810,PASD/ava_images___273810.png,../../../mnt/ssd2/29o_rya/datasets/iqa/QualiSR-Set120/hr/ava_images___273810.png,../../../mnt/ssd2/29o_rya/datasets/iqa/QualiSR-Set120/lr/ava_images___273810.png,0.9289954900741577,0.9265167713165283,0.927756130695343
QualiSR-Set120/RealESRGAN/ava_images___273810.npy.gz,RealESRGAN,ava_images___273810.png,../../../mnt/ssd2/29o_rya/datasets/iqa/QualiSR-Set120/sr/RealESRGAN/ava_images___273810.png,QualiSR-Set120,ava_images___273810,RealESRGAN/ava_images___273810.png,../../../mnt/ssd2/29o_rya/datasets/iqa/QualiSR-Set120/hr/ava_images___273810.png,../../../mnt/ssd2/29o_rya/datasets/iqa/QualiSR-Set120/lr/ava_images___273810.png,0.8917434215545654,0.8968853950500488,0.8943144083023071
QualiSR-Set120/SUPIR/ava_images___273810.npy.gz,SUPIR,ava_images___273810.png,../../../mnt/ssd2/29o_rya/datasets/iqa/QualiSR-Set120/sr/SUPIR/ava_images___273810.png,QualiSR-Set120,ava_images___273810,SUPIR/ava_images___273810.png,../../../mnt/ssd2/29o_rya/datasets/iqa/QualiSR-Set120/hr/ava_images___273810.png,../../../mnt/ssd2/29o_rya/datasets/iqa/QualiSR-Set120/lr/ava_images___273810.png,0.9295071959495544,0.9312329888343811,0.9303700923919678
QualiSR-Set120/PASD/ava_images___295451.npy.gz,PASD,ava_images___295451.png,../../../mnt/ssd2/29o_rya/datasets/iqa/QualiSR-Set120/sr/PASD/ava_images___295451.png,QualiSR-Set120,ava_images___295451,PASD/ava_images___295451.png,../../../mnt/ssd2/29o_rya/datasets/iqa/QualiSR-Set120/hr/ava_images___295451.png,../../../mnt/ssd2/29o_rya/datasets/iqa/QualiSR-Set120/lr/ava_images___295451.png,0.7906875014305115,0.8018981218338013,0.7962928116321564
QualiSR-Set120/RealESRGAN/ava_images___295451.npy.gz,RealESRGAN,ava_images___295451.png,../../../mnt/ssd2/29o_rya/datasets/iqa/QualiSR-Set120/sr/RealESRGAN/ava_images___295451.png,QualiSR-Set120,ava_images___295451,RealESRGAN/ava_images___295451.png,../../../mnt/ssd2/29o_rya/datasets/iqa/QualiSR-Set120/hr/ava_images___295451.png,../../../mnt/ssd2/29o_rya/datasets/iqa/QualiSR-Set120/lr/ava_images___295451.png,0.8541926145553589,0.8656061291694641,0.8598993718624115
QualiSR-Set120/SUPIR/ava_images___295451.npy.gz,SUPIR,ava_images___295451.png,../../../mnt/ssd2/29o_rya/datasets/iqa/QualiSR-Set120/sr/SUPIR/ava_images___295451.png,QualiSR-Set120,ava_images___295451,SUPIR/ava_images___295451.png,../../../mnt/ssd2/29o_rya/datasets/iqa/QualiSR-Set120/hr/ava_images___295451.png,../../../mnt/ssd2/29o_rya/datasets/iqa/QualiSR-Set120/lr/ava_images___295451.png,0.8267571926116943,0.8435952663421631,0.8351762294769287
QualiSR-Set120/PASD/ava_images___308473.npy.gz,PASD,ava_images___308473.png,../../../mnt/ssd2/29o_rya/datasets/iqa/QualiSR-Set120/sr/PASD/ava_images___308473.png,QualiSR-Set120,ava_images___308473,PASD/ava_images___308473.png,../../../mnt/ssd2/29o_rya/datasets/iqa/QualiSR-Set120/hr/ava_images___308473.png,../../../mnt/ssd2/29o_rya/datasets/iqa/QualiSR-Set120/lr/ava_images___308473.png,0.9213612079620361,0.9303610324859619,0.925861120223999
QualiSR-Set120/RealESRGAN/ava_images___308473.npy.gz,RealESRGAN,ava_images___308473.png,../../../mnt/ssd2/29o_rya/datasets/iqa/QualiSR-Set120/sr/RealESRGAN/ava_images___308473.png,QualiSR-Set120,ava_images___308473,RealESRGAN/ava_images___308473.png,../../../mnt/ssd2/29o_rya/datasets/iqa/QualiSR-Set120/hr/ava_images___308473.png,../../../mnt/ssd2/29o_rya/datasets/iqa/QualiSR-Set120/lr/ava_images___308473.png,0.927943229675293,0.943343997001648,0.9356436133384705
QualiSR-Set120/SUPIR/ava_images___308473.npy.gz,SUPIR,ava_images___308473.png,../../../mnt/ssd2/29o_rya/datasets/iqa/QualiSR-Set120/sr/SUPIR/ava_images___308473.png,QualiSR-Set120,ava_images___308473,SUPIR/ava_images___308473.png,../../../mnt/ssd2/29o_rya/datasets/iqa/QualiSR-Set120/hr/ava_images___308473.png,../../../mnt/ssd2/29o_rya/datasets/iqa/QualiSR-Set120/lr/ava_images___308473.png,0.9423006772994995,0.9498461484909058,0.9460734128952026
QualiSR-Set120/PASD/ava_images___321917.npy.gz,PASD,ava_images___321917.png,../../../mnt/ssd2/29o_rya/datasets/iqa/QualiSR-Set120/sr/PASD/ava_images___321917.png,QualiSR-Set120,ava_images___321917,PASD/ava_images___321917.png,../../../mnt/ssd2/29o_rya/datasets/iqa/QualiSR-Set120/hr/ava_images___321917.png,../../../mnt/ssd2/29o_rya/datasets/iqa/QualiSR-Set120/lr/ava_images___321917.png,0.9026102423667908,0.9107776880264282,0.9066939651966095
QualiSR-Set120/RealESRGAN/ava_images___321917.npy.gz,RealESRGAN,ava_images___321917.png,../../../mnt/ssd2/29o_rya/datasets/iqa/QualiSR-Set120/sr/RealESRGAN/ava_images___321917.png,QualiSR-Set120,ava_images___321917,RealESRGAN/ava_images___321917.png,../../../mnt/ssd2/29o_rya/datasets/iqa/QualiSR-Set120/hr/ava_images___321917.png,../../../mnt/ssd2/29o_rya/datasets/iqa/QualiSR-Set120/lr/ava_images___321917.png,0.9128814935684204,0.9256045818328857,0.9192430377006531
QualiSR-Set120/SUPIR/ava_images___321917.npy.gz,SUPIR,ava_images___321917.png,../../../mnt/ssd2/29o_rya/datasets/iqa/QualiSR-Set120/sr/SUPIR/ava_images___321917.png,QualiSR-Set120,ava_images___321917,SUPIR/ava_images___321917.png,../../../mnt/ssd2/29o_rya/datasets/iqa/QualiSR-Set120/hr/ava_images___321917.png,../../../mnt/ssd2/29o_rya/datasets/iqa/QualiSR-Set120/lr/ava_images___321917.png,0.9074938297271729,0.9202483892440796,0.9138711094856262
QualiSR-Set120/PASD/ava_images___360165.npy.gz,PASD,ava_images___360165.png,../../../mnt/ssd2/29o_rya/datasets/iqa/QualiSR-Set120/sr/PASD/ava_images___360165.png,QualiSR-Set120,ava_images___360165,PASD/ava_images___360165.png,../../../mnt/ssd2/29o_rya/datasets/iqa/QualiSR-Set120/hr/ava_images___360165.png,../../../mnt/ssd2/29o_rya/datasets/iqa/QualiSR-Set120/lr/ava_images___360165.png,0.9429135322570801,0.9481611251831055,0.9455373287200928
QualiSR-Set120/RealESRGAN/ava_images___360165.npy.gz,RealESRGAN,ava_images___360165.png,../../../mnt/ssd2/29o_rya/datasets/iqa/QualiSR-Set120/sr/RealESRGAN/ava_images___360165.png,QualiSR-Set120,ava_images___360165,RealESRGAN/ava_images___360165.png,../../../mnt/ssd2/29o_rya/datasets/iqa/QualiSR-Set120/hr/ava_images___360165.png,../../../mnt/ssd2/29o_rya/datasets/iqa/QualiSR-Set120/lr/ava_images___360165.png,0.9582041501998901,0.9629079699516296,0.9605560600757599
QualiSR-Set120/SUPIR/ava_images___360165.npy.gz,SUPIR,ava_images___360165.png,../../../mnt/ssd2/29o_rya/datasets/iqa/QualiSR-Set120/sr/SUPIR/ava_images___360165.png,QualiSR-Set120,ava_images___360165,SUPIR/ava_images___360165.png,../../../mnt/ssd2/29o_rya/datasets/iqa/QualiSR-Set120/hr/ava_images___360165.png,../../../mnt/ssd2/29o_rya/datasets/iqa/QualiSR-Set120/lr/ava_images___360165.png,0.9365777969360352,0.9469782710075378,0.9417780339717865
QualiSR-Set120/PASD/ava_images___426629.npy.gz,PASD,ava_images___426629.png,../../../mnt/ssd2/29o_rya/datasets/iqa/QualiSR-Set120/sr/PASD/ava_images___426629.png,QualiSR-Set120,ava_images___426629,PASD/ava_images___426629.png,../../../mnt/ssd2/29o_rya/datasets/iqa/QualiSR-Set120/hr/ava_images___426629.png,../../../mnt/ssd2/29o_rya/datasets/iqa/QualiSR-Set120/lr/ava_images___426629.png,0.8922502994537354,0.8792808651924133,0.8857655823230743
QualiSR-Set120/RealESRGAN/ava_images___426629.npy.gz,RealESRGAN,ava_images___426629.png,../../../mnt/ssd2/29o_rya/datasets/iqa/QualiSR-Set120/sr/RealESRGAN/ava_images___426629.png,QualiSR-Set120,ava_images___426629,RealESRGAN/ava_images___426629.png,../../../mnt/ssd2/29o_rya/datasets/iqa/QualiSR-Set120/hr/ava_images___426629.png,../../../mnt/ssd2/29o_rya/datasets/iqa/QualiSR-Set120/lr/ava_images___426629.png,0.923882007598877,0.9122219085693359,0.9180519580841064
QualiSR-Set120/SUPIR/ava_images___426629.npy.gz,SUPIR,ava_images___426629.png,../../../mnt/ssd2/29o_rya/datasets/iqa/QualiSR-Set120/sr/SUPIR/ava_images___426629.png,QualiSR-Set120,ava_images___426629,SUPIR/ava_images___426629.png,../../../mnt/ssd2/29o_rya/datasets/iqa/QualiSR-Set120/hr/ava_images___426629.png,../../../mnt/ssd2/29o_rya/datasets/iqa/QualiSR-Set120/lr/ava_images___426629.png,0.9105215072631836,0.9003292322158813,0.9054253697395325
QualiSR-Set120/PASD/ava_images___436880.npy.gz,PASD,ava_images___436880.png,../../../mnt/ssd2/29o_rya/datasets/iqa/QualiSR-Set120/sr/PASD/ava_images___436880.png,QualiSR-Set120,ava_images___436880,PASD/ava_images___436880.png,../../../mnt/ssd2/29o_rya/datasets/iqa/QualiSR-Set120/hr/ava_images___436880.png,../../../mnt/ssd2/29o_rya/datasets/iqa/QualiSR-Set120/lr/ava_images___436880.png,0.8791902661323547,0.8805831670761108,0.8798867166042328
QualiSR-Set120/RealESRGAN/ava_images___436880.npy.gz,RealESRGAN,ava_images___436880.png,../../../mnt/ssd2/29o_rya/datasets/iqa/QualiSR-Set120/sr/RealESRGAN/ava_images___436880.png,QualiSR-Set120,ava_images___436880,RealESRGAN/ava_images___436880.png,../../../mnt/ssd2/29o_rya/datasets/iqa/QualiSR-Set120/hr/ava_images___436880.png,../../../mnt/ssd2/29o_rya/datasets/iqa/QualiSR-Set120/lr/ava_images___436880.png,0.9000270366668701,0.9026373624801636,0.9013321995735168
QualiSR-Set120/SUPIR/ava_images___436880.npy.gz,SUPIR,ava_images___436880.png,../../../mnt/ssd2/29o_rya/datasets/iqa/QualiSR-Set120/sr/SUPIR/ava_images___436880.png,QualiSR-Set120,ava_images___436880,SUPIR/ava_images___436880.png,../../../mnt/ssd2/29o_rya/datasets/iqa/QualiSR-Set120/hr/ava_images___436880.png,../../../mnt/ssd2/29o_rya/datasets/iqa/QualiSR-Set120/lr/ava_images___436880.png,0.8953190445899963,0.8972288966178894,0.8962739706039429
QualiSR-Set120/PASD/ava_images___46021.npy.gz,PASD,ava_images___46021.png,../../../mnt/ssd2/29o_rya/datasets/iqa/QualiSR-Set120/sr/PASD/ava_images___46021.png,QualiSR-Set120,ava_images___46021,PASD/ava_images___46021.png,../../../mnt/ssd2/29o_rya/datasets/iqa/QualiSR-Set120/hr/ava_images___46021.png,../../../mnt/ssd2/29o_rya/datasets/iqa/QualiSR-Set120/lr/ava_images___46021.png,0.965679407119751,0.9656356573104858,0.9656575322151184
QualiSR-Set120/RealESRGAN/ava_images___46021.npy.gz,RealESRGAN,ava_images___46021.png,../../../mnt/ssd2/29o_rya/datasets/iqa/QualiSR-Set120/sr/RealESRGAN/ava_images___46021.png,QualiSR-Set120,ava_images___46021,RealESRGAN/ava_images___46021.png,../../../mnt/ssd2/29o_rya/datasets/iqa/QualiSR-Set120/hr/ava_images___46021.png,../../../mnt/ssd2/29o_rya/datasets/iqa/QualiSR-Set120/lr/ava_images___46021.png,0.9541638493537903,0.9640173316001892,0.9590905904769897
QualiSR-Set120/SUPIR/ava_images___46021.npy.gz,SUPIR,ava_images___46021.png,../../../mnt/ssd2/29o_rya/datasets/iqa/QualiSR-Set120/sr/SUPIR/ava_images___46021.png,QualiSR-Set120,ava_images___46021,SUPIR/ava_images___46021.png,../../../mnt/ssd2/29o_rya/datasets/iqa/QualiSR-Set120/hr/ava_images___46021.png,../../../mnt/ssd2/29o_rya/datasets/iqa/QualiSR-Set120/lr/ava_images___46021.png,0.9513075947761536,0.9535436630249023,0.952425628900528
QualiSR-Set120/PASD/ava_images___472713.npy.gz,PASD,ava_images___472713.png,../../../mnt/ssd2/29o_rya/datasets/iqa/QualiSR-Set120/sr/PASD/ava_images___472713.png,QualiSR-Set120,ava_images___472713,PASD/ava_images___472713.png,../../../mnt/ssd2/29o_rya/datasets/iqa/QualiSR-Set120/hr/ava_images___472713.png,../../../mnt/ssd2/29o_rya/datasets/iqa/QualiSR-Set120/lr/ava_images___472713.png,0.893296480178833,0.8937618136405945,0.8935291469097137
QualiSR-Set120/RealESRGAN/ava_images___472713.npy.gz,RealESRGAN,ava_images___472713.png,../../../mnt/ssd2/29o_rya/datasets/iqa/QualiSR-Set120/sr/RealESRGAN/ava_images___472713.png,QualiSR-Set120,ava_images___472713,RealESRGAN/ava_images___472713.png,../../../mnt/ssd2/29o_rya/datasets/iqa/QualiSR-Set120/hr/ava_images___472713.png,../../../mnt/ssd2/29o_rya/datasets/iqa/QualiSR-Set120/lr/ava_images___472713.png,0.8284615874290466,0.8364313840866089,0.8324464857578278
QualiSR-Set120/SUPIR/ava_images___472713.npy.gz,SUPIR,ava_images___472713.png,../../../mnt/ssd2/29o_rya/datasets/iqa/QualiSR-Set120/sr/SUPIR/ava_images___472713.png,QualiSR-Set120,ava_images___472713,SUPIR/ava_images___472713.png,../../../mnt/ssd2/29o_rya/datasets/iqa/QualiSR-Set120/hr/ava_images___472713.png,../../../mnt/ssd2/29o_rya/datasets/iqa/QualiSR-Set120/lr/ava_images___472713.png,0.9091867804527283,0.9106544852256775,0.9099206328392029
QualiSR-Set120/PASD/ava_images___501777.npy.gz,PASD,ava_images___501777.png,../../../mnt/ssd2/29o_rya/datasets/iqa/QualiSR-Set120/sr/PASD/ava_images___501777.png,QualiSR-Set120,ava_images___501777,PASD/ava_images___501777.png,../../../mnt/ssd2/29o_rya/datasets/iqa/QualiSR-Set120/hr/ava_images___501777.png,../../../mnt/ssd2/29o_rya/datasets/iqa/QualiSR-Set120/lr/ava_images___501777.png,0.8462599515914917,0.8288609981536865,0.8375604748725891
QualiSR-Set120/RealESRGAN/ava_images___501777.npy.gz,RealESRGAN,ava_images___501777.png,../../../mnt/ssd2/29o_rya/datasets/iqa/QualiSR-Set120/sr/RealESRGAN/ava_images___501777.png,QualiSR-Set120,ava_images___501777,RealESRGAN/ava_images___501777.png,../../../mnt/ssd2/29o_rya/datasets/iqa/QualiSR-Set120/hr/ava_images___501777.png,../../../mnt/ssd2/29o_rya/datasets/iqa/QualiSR-Set120/lr/ava_images___501777.png,0.9469354152679443,0.9566713571548462,0.9518033862113953
QualiSR-Set120/SUPIR/ava_images___501777.npy.gz,SUPIR,ava_images___501777.png,../../../mnt/ssd2/29o_rya/datasets/iqa/QualiSR-Set120/sr/SUPIR/ava_images___501777.png,QualiSR-Set120,ava_images___501777,SUPIR/ava_images___501777.png,../../../mnt/ssd2/29o_rya/datasets/iqa/QualiSR-Set120/hr/ava_images___501777.png,../../../mnt/ssd2/29o_rya/datasets/iqa/QualiSR-Set120/lr/ava_images___501777.png,0.8517854809761047,0.8472639322280884,0.8495247066020966
QualiSR-Set120/PASD/ava_images___564572.npy.gz,PASD,ava_images___564572.png,../../../mnt/ssd2/29o_rya/datasets/iqa/QualiSR-Set120/sr/PASD/ava_images___564572.png,QualiSR-Set120,ava_images___564572,PASD/ava_images___564572.png,../../../mnt/ssd2/29o_rya/datasets/iqa/QualiSR-Set120/hr/ava_images___564572.png,../../../mnt/ssd2/29o_rya/datasets/iqa/QualiSR-Set120/lr/ava_images___564572.png,0.9248414635658264,0.9367788434028625,0.9308101534843445
QualiSR-Set120/RealESRGAN/ava_images___564572.npy.gz,RealESRGAN,ava_images___564572.png,../../../mnt/ssd2/29o_rya/datasets/iqa/QualiSR-Set120/sr/RealESRGAN/ava_images___564572.png,QualiSR-Set120,ava_images___564572,RealESRGAN/ava_images___564572.png,../../../mnt/ssd2/29o_rya/datasets/iqa/QualiSR-Set120/hr/ava_images___564572.png,../../../mnt/ssd2/29o_rya/datasets/iqa/QualiSR-Set120/lr/ava_images___564572.png,0.9444559216499329,0.9690503478050232,0.956753134727478
QualiSR-Set120/SUPIR/ava_images___564572.npy.gz,SUPIR,ava_images___564572.png,../../../mnt/ssd2/29o_rya/datasets/iqa/QualiSR-Set120/sr/SUPIR/ava_images___564572.png,QualiSR-Set120,ava_images___564572,SUPIR/ava_images___564572.png,../../../mnt/ssd2/29o_rya/datasets/iqa/QualiSR-Set120/hr/ava_images___564572.png,../../../mnt/ssd2/29o_rya/datasets/iqa/QualiSR-Set120/lr/ava_images___564572.png,0.9658647775650024,0.9779694080352783,0.9719170928001404
QualiSR-Set120/PASD/ava_images___588008.npy.gz,PASD,ava_images___588008.png,../../../mnt/ssd2/29o_rya/datasets/iqa/QualiSR-Set120/sr/PASD/ava_images___588008.png,QualiSR-Set120,ava_images___588008,PASD/ava_images___588008.png,../../../mnt/ssd2/29o_rya/datasets/iqa/QualiSR-Set120/hr/ava_images___588008.png,../../../mnt/ssd2/29o_rya/datasets/iqa/QualiSR-Set120/lr/ava_images___588008.png,0.9669009447097778,0.9648629426956177,0.9658819437026978
QualiSR-Set120/RealESRGAN/ava_images___588008.npy.gz,RealESRGAN,ava_images___588008.png,../../../mnt/ssd2/29o_rya/datasets/iqa/QualiSR-Set120/sr/RealESRGAN/ava_images___588008.png,QualiSR-Set120,ava_images___588008,RealESRGAN/ava_images___588008.png,../../../mnt/ssd2/29o_rya/datasets/iqa/QualiSR-Set120/hr/ava_images___588008.png,../../../mnt/ssd2/29o_rya/datasets/iqa/QualiSR-Set120/lr/ava_images___588008.png,0.9431246519088745,0.9412834644317627,0.9422040581703186
QualiSR-Set120/SUPIR/ava_images___588008.npy.gz,SUPIR,ava_images___588008.png,../../../mnt/ssd2/29o_rya/datasets/iqa/QualiSR-Set120/sr/SUPIR/ava_images___588008.png,QualiSR-Set120,ava_images___588008,SUPIR/ava_images___588008.png,../../../mnt/ssd2/29o_rya/datasets/iqa/QualiSR-Set120/hr/ava_images___588008.png,../../../mnt/ssd2/29o_rya/datasets/iqa/QualiSR-Set120/lr/ava_images___588008.png,0.9562075138092041,0.9624534845352173,0.9593304991722107
QualiSR-Set120/PASD/ava_images___645845.npy.gz,PASD,ava_images___645845.png,../../../mnt/ssd2/29o_rya/datasets/iqa/QualiSR-Set120/sr/PASD/ava_images___645845.png,QualiSR-Set120,ava_images___645845,PASD/ava_images___645845.png,../../../mnt/ssd2/29o_rya/datasets/iqa/QualiSR-Set120/hr/ava_images___645845.png,../../../mnt/ssd2/29o_rya/datasets/iqa/QualiSR-Set120/lr/ava_images___645845.png,0.9246781468391418,0.933498740196228,0.9290884435176849
QualiSR-Set120/RealESRGAN/ava_images___645845.npy.gz,RealESRGAN,ava_images___645845.png,../../../mnt/ssd2/29o_rya/datasets/iqa/QualiSR-Set120/sr/RealESRGAN/ava_images___645845.png,QualiSR-Set120,ava_images___645845,RealESRGAN/ava_images___645845.png,../../../mnt/ssd2/29o_rya/datasets/iqa/QualiSR-Set120/hr/ava_images___645845.png,../../../mnt/ssd2/29o_rya/datasets/iqa/QualiSR-Set120/lr/ava_images___645845.png,0.9580352306365967,0.9557693004608154,0.956902265548706
QualiSR-Set120/SUPIR/ava_images___645845.npy.gz,SUPIR,ava_images___645845.png,../../../mnt/ssd2/29o_rya/datasets/iqa/QualiSR-Set120/sr/SUPIR/ava_images___645845.png,QualiSR-Set120,ava_images___645845,SUPIR/ava_images___645845.png,../../../mnt/ssd2/29o_rya/datasets/iqa/QualiSR-Set120/hr/ava_images___645845.png,../../../mnt/ssd2/29o_rya/datasets/iqa/QualiSR-Set120/lr/ava_images___645845.png,0.9462709426879883,0.9484249949455261,0.9473479688167572
QualiSR-Set120/PASD/ava_images___699615.npy.gz,PASD,ava_images___699615.png,../../../mnt/ssd2/29o_rya/datasets/iqa/QualiSR-Set120/sr/PASD/ava_images___699615.png,QualiSR-Set120,ava_images___699615,PASD/ava_images___699615.png,../../../mnt/ssd2/29o_rya/datasets/iqa/QualiSR-Set120/hr/ava_images___699615.png,../../../mnt/ssd2/29o_rya/datasets/iqa/QualiSR-Set120/lr/ava_images___699615.png,0.9221149682998657,0.9265241622924805,0.9243195652961731
QualiSR-Set120/RealESRGAN/ava_images___699615.npy.gz,RealESRGAN,ava_images___699615.png,../../../mnt/ssd2/29o_rya/datasets/iqa/QualiSR-Set120/sr/RealESRGAN/ava_images___699615.png,QualiSR-Set120,ava_images___699615,RealESRGAN/ava_images___699615.png,../../../mnt/ssd2/29o_rya/datasets/iqa/QualiSR-Set120/hr/ava_images___699615.png,../../../mnt/ssd2/29o_rya/datasets/iqa/QualiSR-Set120/lr/ava_images___699615.png,0.915679931640625,0.9035601615905762,0.9096200466156006
QualiSR-Set120/SUPIR/ava_images___699615.npy.gz,SUPIR,ava_images___699615.png,../../../mnt/ssd2/29o_rya/datasets/iqa/QualiSR-Set120/sr/SUPIR/ava_images___699615.png,QualiSR-Set120,ava_images___699615,SUPIR/ava_images___699615.png,../../../mnt/ssd2/29o_rya/datasets/iqa/QualiSR-Set120/hr/ava_images___699615.png,../../../mnt/ssd2/29o_rya/datasets/iqa/QualiSR-Set120/lr/ava_images___699615.png,0.9387080669403076,0.9442941546440125,0.94150111079216
QualiSR-Set120/PASD/ava_images___710191.npy.gz,PASD,ava_images___710191.png,../../../mnt/ssd2/29o_rya/datasets/iqa/QualiSR-Set120/sr/PASD/ava_images___710191.png,QualiSR-Set120,ava_images___710191,PASD/ava_images___710191.png,../../../mnt/ssd2/29o_rya/datasets/iqa/QualiSR-Set120/hr/ava_images___710191.png,../../../mnt/ssd2/29o_rya/datasets/iqa/QualiSR-Set120/lr/ava_images___710191.png,0.9638707637786865,0.9657248854637146,0.9647978246212006
QualiSR-Set120/RealESRGAN/ava_images___710191.npy.gz,RealESRGAN,ava_images___710191.png,../../../mnt/ssd2/29o_rya/datasets/iqa/QualiSR-Set120/sr/RealESRGAN/ava_images___710191.png,QualiSR-Set120,ava_images___710191,RealESRGAN/ava_images___710191.png,../../../mnt/ssd2/29o_rya/datasets/iqa/QualiSR-Set120/hr/ava_images___710191.png,../../../mnt/ssd2/29o_rya/datasets/iqa/QualiSR-Set120/lr/ava_images___710191.png,0.9683073163032532,0.9678397178649902,0.9680735170841217
QualiSR-Set120/SUPIR/ava_images___710191.npy.gz,SUPIR,ava_images___710191.png,../../../mnt/ssd2/29o_rya/datasets/iqa/QualiSR-Set120/sr/SUPIR/ava_images___710191.png,QualiSR-Set120,ava_images___710191,SUPIR/ava_images___710191.png,../../../mnt/ssd2/29o_rya/datasets/iqa/QualiSR-Set120/hr/ava_images___710191.png,../../../mnt/ssd2/29o_rya/datasets/iqa/QualiSR-Set120/lr/ava_images___710191.png,0.9625872373580933,0.9633899927139282,0.9629886150360107
QualiSR-Set120/PASD/ava_images___737450.npy.gz,PASD,ava_images___737450.png,../../../mnt/ssd2/29o_rya/datasets/iqa/QualiSR-Set120/sr/PASD/ava_images___737450.png,QualiSR-Set120,ava_images___737450,PASD/ava_images___737450.png,../../../mnt/ssd2/29o_rya/datasets/iqa/QualiSR-Set120/hr/ava_images___737450.png,../../../mnt/ssd2/29o_rya/datasets/iqa/QualiSR-Set120/lr/ava_images___737450.png,0.9632592797279358,0.9692512154579163,0.966255247592926
QualiSR-Set120/RealESRGAN/ava_images___737450.npy.gz,RealESRGAN,ava_images___737450.png,../../../mnt/ssd2/29o_rya/datasets/iqa/QualiSR-Set120/sr/RealESRGAN/ava_images___737450.png,QualiSR-Set120,ava_images___737450,RealESRGAN/ava_images___737450.png,../../../mnt/ssd2/29o_rya/datasets/iqa/QualiSR-Set120/hr/ava_images___737450.png,../../../mnt/ssd2/29o_rya/datasets/iqa/QualiSR-Set120/lr/ava_images___737450.png,0.9588387608528137,0.9568263292312622,0.957832545042038
QualiSR-Set120/SUPIR/ava_images___737450.npy.gz,SUPIR,ava_images___737450.png,../../../mnt/ssd2/29o_rya/datasets/iqa/QualiSR-Set120/sr/SUPIR/ava_images___737450.png,QualiSR-Set120,ava_images___737450,SUPIR/ava_images___737450.png,../../../mnt/ssd2/29o_rya/datasets/iqa/QualiSR-Set120/hr/ava_images___737450.png,../../../mnt/ssd2/29o_rya/datasets/iqa/QualiSR-Set120/lr/ava_images___737450.png,0.9771363735198975,0.9790173768997192,0.9780768752098083
QualiSR-Set120/PASD/ava_images___74410.npy.gz,PASD,ava_images___74410.png,../../../mnt/ssd2/29o_rya/datasets/iqa/QualiSR-Set120/sr/PASD/ava_images___74410.png,QualiSR-Set120,ava_images___74410,PASD/ava_images___74410.png,../../../mnt/ssd2/29o_rya/datasets/iqa/QualiSR-Set120/hr/ava_images___74410.png,../../../mnt/ssd2/29o_rya/datasets/iqa/QualiSR-Set120/lr/ava_images___74410.png,0.7886156439781189,0.8449571132659912,0.816786378622055
QualiSR-Set120/RealESRGAN/ava_images___74410.npy.gz,RealESRGAN,ava_images___74410.png,../../../mnt/ssd2/29o_rya/datasets/iqa/QualiSR-Set120/sr/RealESRGAN/ava_images___74410.png,QualiSR-Set120,ava_images___74410,RealESRGAN/ava_images___74410.png,../../../mnt/ssd2/29o_rya/datasets/iqa/QualiSR-Set120/hr/ava_images___74410.png,../../../mnt/ssd2/29o_rya/datasets/iqa/QualiSR-Set120/lr/ava_images___74410.png,0.8869983553886414,0.9237329959869385,0.9053656756877899
QualiSR-Set120/SUPIR/ava_images___74410.npy.gz,SUPIR,ava_images___74410.png,../../../mnt/ssd2/29o_rya/datasets/iqa/QualiSR-Set120/sr/SUPIR/ava_images___74410.png,QualiSR-Set120,ava_images___74410,SUPIR/ava_images___74410.png,../../../mnt/ssd2/29o_rya/datasets/iqa/QualiSR-Set120/hr/ava_images___74410.png,../../../mnt/ssd2/29o_rya/datasets/iqa/QualiSR-Set120/lr/ava_images___74410.png,0.8773844838142395,0.9253677129745483,0.9013760983943939
QualiSR-Set120/PASD/ava_images___751927.npy.gz,PASD,ava_images___751927.png,../../../mnt/ssd2/29o_rya/datasets/iqa/QualiSR-Set120/sr/PASD/ava_images___751927.png,QualiSR-Set120,ava_images___751927,PASD/ava_images___751927.png,../../../mnt/ssd2/29o_rya/datasets/iqa/QualiSR-Set120/hr/ava_images___751927.png,../../../mnt/ssd2/29o_rya/datasets/iqa/QualiSR-Set120/lr/ava_images___751927.png,0.9578924179077148,0.9682769179344177,0.9630846679210663
QualiSR-Set120/RealESRGAN/ava_images___751927.npy.gz,RealESRGAN,ava_images___751927.png,../../../mnt/ssd2/29o_rya/datasets/iqa/QualiSR-Set120/sr/RealESRGAN/ava_images___751927.png,QualiSR-Set120,ava_images___751927,RealESRGAN/ava_images___751927.png,../../../mnt/ssd2/29o_rya/datasets/iqa/QualiSR-Set120/hr/ava_images___751927.png,../../../mnt/ssd2/29o_rya/datasets/iqa/QualiSR-Set120/lr/ava_images___751927.png,0.9644558429718018,0.9597529768943787,0.9621044099330902
QualiSR-Set120/SUPIR/ava_images___751927.npy.gz,SUPIR,ava_images___751927.png,../../../mnt/ssd2/29o_rya/datasets/iqa/QualiSR-Set120/sr/SUPIR/ava_images___751927.png,QualiSR-Set120,ava_images___751927,SUPIR/ava_images___751927.png,../../../mnt/ssd2/29o_rya/datasets/iqa/QualiSR-Set120/hr/ava_images___751927.png,../../../mnt/ssd2/29o_rya/datasets/iqa/QualiSR-Set120/lr/ava_images___751927.png,0.9540088772773743,0.9669471979141235,0.9604780375957489
QualiSR-Set120/PASD/ava_images___773899.npy.gz,PASD,ava_images___773899.png,../../../mnt/ssd2/29o_rya/datasets/iqa/QualiSR-Set120/sr/PASD/ava_images___773899.png,QualiSR-Set120,ava_images___773899,PASD/ava_images___773899.png,../../../mnt/ssd2/29o_rya/datasets/iqa/QualiSR-Set120/hr/ava_images___773899.png,../../../mnt/ssd2/29o_rya/datasets/iqa/QualiSR-Set120/lr/ava_images___773899.png,0.8824333548545837,0.8739725351333618,0.8782029449939728
QualiSR-Set120/RealESRGAN/ava_images___773899.npy.gz,RealESRGAN,ava_images___773899.png,../../../mnt/ssd2/29o_rya/datasets/iqa/QualiSR-Set120/sr/RealESRGAN/ava_images___773899.png,QualiSR-Set120,ava_images___773899,RealESRGAN/ava_images___773899.png,../../../mnt/ssd2/29o_rya/datasets/iqa/QualiSR-Set120/hr/ava_images___773899.png,../../../mnt/ssd2/29o_rya/datasets/iqa/QualiSR-Set120/lr/ava_images___773899.png,0.8947855234146118,0.8968279361724854,0.8958067297935486
QualiSR-Set120/SUPIR/ava_images___773899.npy.gz,SUPIR,ava_images___773899.png,../../../mnt/ssd2/29o_rya/datasets/iqa/QualiSR-Set120/sr/SUPIR/ava_images___773899.png,QualiSR-Set120,ava_images___773899,SUPIR/ava_images___773899.png,../../../mnt/ssd2/29o_rya/datasets/iqa/QualiSR-Set120/hr/ava_images___773899.png,../../../mnt/ssd2/29o_rya/datasets/iqa/QualiSR-Set120/lr/ava_images___773899.png,0.9033876061439514,0.9046846032142639,0.9040361046791077
QualiSR-Set120/PASD/ava_images___827653.npy.gz,PASD,ava_images___827653.png,../../../mnt/ssd2/29o_rya/datasets/iqa/QualiSR-Set120/sr/PASD/ava_images___827653.png,QualiSR-Set120,ava_images___827653,PASD/ava_images___827653.png,../../../mnt/ssd2/29o_rya/datasets/iqa/QualiSR-Set120/hr/ava_images___827653.png,../../../mnt/ssd2/29o_rya/datasets/iqa/QualiSR-Set120/lr/ava_images___827653.png,0.9018502831459045,0.9092583060264587,0.9055542945861816
QualiSR-Set120/RealESRGAN/ava_images___827653.npy.gz,RealESRGAN,ava_images___827653.png,../../../mnt/ssd2/29o_rya/datasets/iqa/QualiSR-Set120/sr/RealESRGAN/ava_images___827653.png,QualiSR-Set120,ava_images___827653,RealESRGAN/ava_images___827653.png,../../../mnt/ssd2/29o_rya/datasets/iqa/QualiSR-Set120/hr/ava_images___827653.png,../../../mnt/ssd2/29o_rya/datasets/iqa/QualiSR-Set120/lr/ava_images___827653.png,0.9165533185005188,0.9167037606239319,0.9166285395622253
QualiSR-Set120/SUPIR/ava_images___827653.npy.gz,SUPIR,ava_images___827653.png,../../../mnt/ssd2/29o_rya/datasets/iqa/QualiSR-Set120/sr/SUPIR/ava_images___827653.png,QualiSR-Set120,ava_images___827653,SUPIR/ava_images___827653.png,../../../mnt/ssd2/29o_rya/datasets/iqa/QualiSR-Set120/hr/ava_images___827653.png,../../../mnt/ssd2/29o_rya/datasets/iqa/QualiSR-Set120/lr/ava_images___827653.png,0.9267115592956543,0.9394233822822571,0.9330674707889557
QualiSR-Set120/PASD/ava_images___842206.npy.gz,PASD,ava_images___842206.png,../../../mnt/ssd2/29o_rya/datasets/iqa/QualiSR-Set120/sr/PASD/ava_images___842206.png,QualiSR-Set120,ava_images___842206,PASD/ava_images___842206.png,../../../mnt/ssd2/29o_rya/datasets/iqa/QualiSR-Set120/hr/ava_images___842206.png,../../../mnt/ssd2/29o_rya/datasets/iqa/QualiSR-Set120/lr/ava_images___842206.png,0.9497082233428955,0.9636530876159668,0.9566806554794312
QualiSR-Set120/RealESRGAN/ava_images___842206.npy.gz,RealESRGAN,ava_images___842206.png,../../../mnt/ssd2/29o_rya/datasets/iqa/QualiSR-Set120/sr/RealESRGAN/ava_images___842206.png,QualiSR-Set120,ava_images___842206,RealESRGAN/ava_images___842206.png,../../../mnt/ssd2/29o_rya/datasets/iqa/QualiSR-Set120/hr/ava_images___842206.png,../../../mnt/ssd2/29o_rya/datasets/iqa/QualiSR-Set120/lr/ava_images___842206.png,0.9303452968597412,0.9376883506774902,0.9340168237686157
QualiSR-Set120/SUPIR/ava_images___842206.npy.gz,SUPIR,ava_images___842206.png,../../../mnt/ssd2/29o_rya/datasets/iqa/QualiSR-Set120/sr/SUPIR/ava_images___842206.png,QualiSR-Set120,ava_images___842206,SUPIR/ava_images___842206.png,../../../mnt/ssd2/29o_rya/datasets/iqa/QualiSR-Set120/hr/ava_images___842206.png,../../../mnt/ssd2/29o_rya/datasets/iqa/QualiSR-Set120/lr/ava_images___842206.png,0.9642407894134521,0.9748967885971069,0.9695687890052795
QualiSR-Set120/PASD/ava_images___846773.npy.gz,PASD,ava_images___846773.png,../../../mnt/ssd2/29o_rya/datasets/iqa/QualiSR-Set120/sr/PASD/ava_images___846773.png,QualiSR-Set120,ava_images___846773,PASD/ava_images___846773.png,../../../mnt/ssd2/29o_rya/datasets/iqa/QualiSR-Set120/hr/ava_images___846773.png,../../../mnt/ssd2/29o_rya/datasets/iqa/QualiSR-Set120/lr/ava_images___846773.png,0.9498059749603271,0.9514739513397217,0.9506399631500244
QualiSR-Set120/RealESRGAN/ava_images___846773.npy.gz,RealESRGAN,ava_images___846773.png,../../../mnt/ssd2/29o_rya/datasets/iqa/QualiSR-Set120/sr/RealESRGAN/ava_images___846773.png,QualiSR-Set120,ava_images___846773,RealESRGAN/ava_images___846773.png,../../../mnt/ssd2/29o_rya/datasets/iqa/QualiSR-Set120/hr/ava_images___846773.png,../../../mnt/ssd2/29o_rya/datasets/iqa/QualiSR-Set120/lr/ava_images___846773.png,0.9315383434295654,0.9240908622741699,0.9278146028518677
QualiSR-Set120/SUPIR/ava_images___846773.npy.gz,SUPIR,ava_images___846773.png,../../../mnt/ssd2/29o_rya/datasets/iqa/QualiSR-Set120/sr/SUPIR/ava_images___846773.png,QualiSR-Set120,ava_images___846773,SUPIR/ava_images___846773.png,../../../mnt/ssd2/29o_rya/datasets/iqa/QualiSR-Set120/hr/ava_images___846773.png,../../../mnt/ssd2/29o_rya/datasets/iqa/QualiSR-Set120/lr/ava_images___846773.png,0.9624929428100586,0.9666870832443237,0.9645900130271912
QualiSR-Set120/PASD/ava_images___857447.npy.gz,PASD,ava_images___857447.png,../../../mnt/ssd2/29o_rya/datasets/iqa/QualiSR-Set120/sr/PASD/ava_images___857447.png,QualiSR-Set120,ava_images___857447,PASD/ava_images___857447.png,../../../mnt/ssd2/29o_rya/datasets/iqa/QualiSR-Set120/hr/ava_images___857447.png,../../../mnt/ssd2/29o_rya/datasets/iqa/QualiSR-Set120/lr/ava_images___857447.png,0.924553632736206,0.9247026443481445,0.9246281385421753
QualiSR-Set120/RealESRGAN/ava_images___857447.npy.gz,RealESRGAN,ava_images___857447.png,../../../mnt/ssd2/29o_rya/datasets/iqa/QualiSR-Set120/sr/RealESRGAN/ava_images___857447.png,QualiSR-Set120,ava_images___857447,RealESRGAN/ava_images___857447.png,../../../mnt/ssd2/29o_rya/datasets/iqa/QualiSR-Set120/hr/ava_images___857447.png,../../../mnt/ssd2/29o_rya/datasets/iqa/QualiSR-Set120/lr/ava_images___857447.png,0.9221656918525696,0.9226270914077759,0.9223963916301727
QualiSR-Set120/SUPIR/ava_images___857447.npy.gz,SUPIR,ava_images___857447.png,../../../mnt/ssd2/29o_rya/datasets/iqa/QualiSR-Set120/sr/SUPIR/ava_images___857447.png,QualiSR-Set120,ava_images___857447,SUPIR/ava_images___857447.png,../../../mnt/ssd2/29o_rya/datasets/iqa/QualiSR-Set120/hr/ava_images___857447.png,../../../mnt/ssd2/29o_rya/datasets/iqa/QualiSR-Set120/lr/ava_images___857447.png,0.9274415969848633,0.9282891154289246,0.9278653562068939
QualiSR-Set120/PASD/ava_images___864250.npy.gz,PASD,ava_images___864250.png,../../../mnt/ssd2/29o_rya/datasets/iqa/QualiSR-Set120/sr/PASD/ava_images___864250.png,QualiSR-Set120,ava_images___864250,PASD/ava_images___864250.png,../../../mnt/ssd2/29o_rya/datasets/iqa/QualiSR-Set120/hr/ava_images___864250.png,../../../mnt/ssd2/29o_rya/datasets/iqa/QualiSR-Set120/lr/ava_images___864250.png,0.9231590032577515,0.942629337310791,0.9328941702842712
QualiSR-Set120/RealESRGAN/ava_images___864250.npy.gz,RealESRGAN,ava_images___864250.png,../../../mnt/ssd2/29o_rya/datasets/iqa/QualiSR-Set120/sr/RealESRGAN/ava_images___864250.png,QualiSR-Set120,ava_images___864250,RealESRGAN/ava_images___864250.png,../../../mnt/ssd2/29o_rya/datasets/iqa/QualiSR-Set120/hr/ava_images___864250.png,../../../mnt/ssd2/29o_rya/datasets/iqa/QualiSR-Set120/lr/ava_images___864250.png,0.9039293527603149,0.9157699346542358,0.9098496437072754
QualiSR-Set120/SUPIR/ava_images___864250.npy.gz,SUPIR,ava_images___864250.png,../../../mnt/ssd2/29o_rya/datasets/iqa/QualiSR-Set120/sr/SUPIR/ava_images___864250.png,QualiSR-Set120,ava_images___864250,SUPIR/ava_images___864250.png,../../../mnt/ssd2/29o_rya/datasets/iqa/QualiSR-Set120/hr/ava_images___864250.png,../../../mnt/ssd2/29o_rya/datasets/iqa/QualiSR-Set120/lr/ava_images___864250.png,0.920261025428772,0.9385086894035339,0.929384857416153
QualiSR-Set120/PASD/ava_images___865616.npy.gz,PASD,ava_images___865616.png,../../../mnt/ssd2/29o_rya/datasets/iqa/QualiSR-Set120/sr/PASD/ava_images___865616.png,QualiSR-Set120,ava_images___865616,PASD/ava_images___865616.png,../../../mnt/ssd2/29o_rya/datasets/iqa/QualiSR-Set120/hr/ava_images___865616.png,../../../mnt/ssd2/29o_rya/datasets/iqa/QualiSR-Set120/lr/ava_images___865616.png,0.93038010597229,0.9420474767684937,0.9362137913703918
QualiSR-Set120/RealESRGAN/ava_images___865616.npy.gz,RealESRGAN,ava_images___865616.png,../../../mnt/ssd2/29o_rya/datasets/iqa/QualiSR-Set120/sr/RealESRGAN/ava_images___865616.png,QualiSR-Set120,ava_images___865616,RealESRGAN/ava_images___865616.png,../../../mnt/ssd2/29o_rya/datasets/iqa/QualiSR-Set120/hr/ava_images___865616.png,../../../mnt/ssd2/29o_rya/datasets/iqa/QualiSR-Set120/lr/ava_images___865616.png,0.9565154314041138,0.9647830128669739,0.9606492221355438
QualiSR-Set120/SUPIR/ava_images___865616.npy.gz,SUPIR,ava_images___865616.png,../../../mnt/ssd2/29o_rya/datasets/iqa/QualiSR-Set120/sr/SUPIR/ava_images___865616.png,QualiSR-Set120,ava_images___865616,SUPIR/ava_images___865616.png,../../../mnt/ssd2/29o_rya/datasets/iqa/QualiSR-Set120/hr/ava_images___865616.png,../../../mnt/ssd2/29o_rya/datasets/iqa/QualiSR-Set120/lr/ava_images___865616.png,0.9362308979034424,0.9450758099555969,0.9406533539295197
QualiSR-Set120/PASD/ava_images___953752.npy.gz,PASD,ava_images___953752.png,../../../mnt/ssd2/29o_rya/datasets/iqa/QualiSR-Set120/sr/PASD/ava_images___953752.png,QualiSR-Set120,ava_images___953752,PASD/ava_images___953752.png,../../../mnt/ssd2/29o_rya/datasets/iqa/QualiSR-Set120/hr/ava_images___953752.png,../../../mnt/ssd2/29o_rya/datasets/iqa/QualiSR-Set120/lr/ava_images___953752.png,0.9457033276557922,0.951295793056488,0.9484995603561401
QualiSR-Set120/RealESRGAN/ava_images___953752.npy.gz,RealESRGAN,ava_images___953752.png,../../../mnt/ssd2/29o_rya/datasets/iqa/QualiSR-Set120/sr/RealESRGAN/ava_images___953752.png,QualiSR-Set120,ava_images___953752,RealESRGAN/ava_images___953752.png,../../../mnt/ssd2/29o_rya/datasets/iqa/QualiSR-Set120/hr/ava_images___953752.png,../../../mnt/ssd2/29o_rya/datasets/iqa/QualiSR-Set120/lr/ava_images___953752.png,0.9462976455688477,0.9506826996803284,0.948490172624588
QualiSR-Set120/SUPIR/ava_images___953752.npy.gz,SUPIR,ava_images___953752.png,../../../mnt/ssd2/29o_rya/datasets/iqa/QualiSR-Set120/sr/SUPIR/ava_images___953752.png,QualiSR-Set120,ava_images___953752,SUPIR/ava_images___953752.png,../../../mnt/ssd2/29o_rya/datasets/iqa/QualiSR-Set120/hr/ava_images___953752.png,../../../mnt/ssd2/29o_rya/datasets/iqa/QualiSR-Set120/lr/ava_images___953752.png,0.9646727442741394,0.9739856719970703,0.9693292081356049
QualiSR-Set120/PASD/blur_dataset___out_of_focus0685.npy.gz,PASD,blur_dataset___out_of_focus0685.png,../../../mnt/ssd2/29o_rya/datasets/iqa/QualiSR-Set120/sr/PASD/blur_dataset___out_of_focus0685.png,QualiSR-Set120,blur_dataset___out_of_focus0685,PASD/blur_dataset___out_of_focus0685.png,../../../mnt/ssd2/29o_rya/datasets/iqa/QualiSR-Set120/hr/blur_dataset___out_of_focus0685.png,../../../mnt/ssd2/29o_rya/datasets/iqa/QualiSR-Set120/lr/blur_dataset___out_of_focus0685.png,0.8895736336708069,0.8986724019050598,0.8941230177879333
QualiSR-Set120/RealESRGAN/blur_dataset___out_of_focus0685.npy.gz,RealESRGAN,blur_dataset___out_of_focus0685.png,../../../mnt/ssd2/29o_rya/datasets/iqa/QualiSR-Set120/sr/RealESRGAN/blur_dataset___out_of_focus0685.png,QualiSR-Set120,blur_dataset___out_of_focus0685,RealESRGAN/blur_dataset___out_of_focus0685.png,../../../mnt/ssd2/29o_rya/datasets/iqa/QualiSR-Set120/hr/blur_dataset___out_of_focus0685.png,../../../mnt/ssd2/29o_rya/datasets/iqa/QualiSR-Set120/lr/blur_dataset___out_of_focus0685.png,0.9059469699859619,0.90850430727005,0.907225638628006
QualiSR-Set120/SUPIR/blur_dataset___out_of_focus0685.npy.gz,SUPIR,blur_dataset___out_of_focus0685.png,../../../mnt/ssd2/29o_rya/datasets/iqa/QualiSR-Set120/sr/SUPIR/blur_dataset___out_of_focus0685.png,QualiSR-Set120,blur_dataset___out_of_focus0685,SUPIR/blur_dataset___out_of_focus0685.png,../../../mnt/ssd2/29o_rya/datasets/iqa/QualiSR-Set120/hr/blur_dataset___out_of_focus0685.png,../../../mnt/ssd2/29o_rya/datasets/iqa/QualiSR-Set120/lr/blur_dataset___out_of_focus0685.png,0.9231340885162354,0.9171708822250366,0.920152485370636
QualiSR-Set120/PASD/voc_emotic_ava___EMOTIC__COCO_train2014_000000244530.npy.gz,PASD,voc_emotic_ava___EMOTIC__COCO_train2014_000000244530.png,../../../mnt/ssd2/29o_rya/datasets/iqa/QualiSR-Set120/sr/PASD/voc_emotic_ava___EMOTIC__COCO_train2014_000000244530.png,QualiSR-Set120,voc_emotic_ava___EMOTIC__COCO_train2014_000000244530,PASD/voc_emotic_ava___EMOTIC__COCO_train2014_000000244530.png,../../../mnt/ssd2/29o_rya/datasets/iqa/QualiSR-Set120/hr/voc_emotic_ava___EMOTIC__COCO_train2014_000000244530.png,../../../mnt/ssd2/29o_rya/datasets/iqa/QualiSR-Set120/lr/voc_emotic_ava___EMOTIC__COCO_train2014_000000244530.png,0.8869717717170715,0.877045750617981,0.8820087611675262
QualiSR-Set120/RealESRGAN/voc_emotic_ava___EMOTIC__COCO_train2014_000000244530.npy.gz,RealESRGAN,voc_emotic_ava___EMOTIC__COCO_train2014_000000244530.png,../../../mnt/ssd2/29o_rya/datasets/iqa/QualiSR-Set120/sr/RealESRGAN/voc_emotic_ava___EMOTIC__COCO_train2014_000000244530.png,QualiSR-Set120,voc_emotic_ava___EMOTIC__COCO_train2014_000000244530,RealESRGAN/voc_emotic_ava___EMOTIC__COCO_train2014_000000244530.png,../../../mnt/ssd2/29o_rya/datasets/iqa/QualiSR-Set120/hr/voc_emotic_ava___EMOTIC__COCO_train2014_000000244530.png,../../../mnt/ssd2/29o_rya/datasets/iqa/QualiSR-Set120/lr/voc_emotic_ava___EMOTIC__COCO_train2014_000000244530.png,0.8987029194831848,0.8792753219604492,0.888989120721817
QualiSR-Set120/SUPIR/voc_emotic_ava___EMOTIC__COCO_train2014_000000244530.npy.gz,SUPIR,voc_emotic_ava___EMOTIC__COCO_train2014_000000244530.png,../../../mnt/ssd2/29o_rya/datasets/iqa/QualiSR-Set120/sr/SUPIR/voc_emotic_ava___EMOTIC__COCO_train2014_000000244530.png,QualiSR-Set120,voc_emotic_ava___EMOTIC__COCO_train2014_000000244530,SUPIR/voc_emotic_ava___EMOTIC__COCO_train2014_000000244530.png,../../../mnt/ssd2/29o_rya/datasets/iqa/QualiSR-Set120/hr/voc_emotic_ava___EMOTIC__COCO_train2014_000000244530.png,../../../mnt/ssd2/29o_rya/datasets/iqa/QualiSR-Set120/lr/voc_emotic_ava___EMOTIC__COCO_train2014_000000244530.png,0.906627893447876,0.8956316709518433,0.9011297821998596
QualiSR-Set120/PASD/voc_emotic_ava___EMOTIC__COCO_train2014_000000247190.npy.gz,PASD,voc_emotic_ava___EMOTIC__COCO_train2014_000000247190.png,../../../mnt/ssd2/29o_rya/datasets/iqa/QualiSR-Set120/sr/PASD/voc_emotic_ava___EMOTIC__COCO_train2014_000000247190.png,QualiSR-Set120,voc_emotic_ava___EMOTIC__COCO_train2014_000000247190,PASD/voc_emotic_ava___EMOTIC__COCO_train2014_000000247190.png,../../../mnt/ssd2/29o_rya/datasets/iqa/QualiSR-Set120/hr/voc_emotic_ava___EMOTIC__COCO_train2014_000000247190.png,../../../mnt/ssd2/29o_rya/datasets/iqa/QualiSR-Set120/lr/voc_emotic_ava___EMOTIC__COCO_train2014_000000247190.png,0.936720609664917,0.9446290731430054,0.9406748414039612
QualiSR-Set120/RealESRGAN/voc_emotic_ava___EMOTIC__COCO_train2014_000000247190.npy.gz,RealESRGAN,voc_emotic_ava___EMOTIC__COCO_train2014_000000247190.png,../../../mnt/ssd2/29o_rya/datasets/iqa/QualiSR-Set120/sr/RealESRGAN/voc_emotic_ava___EMOTIC__COCO_train2014_000000247190.png,QualiSR-Set120,voc_emotic_ava___EMOTIC__COCO_train2014_000000247190,RealESRGAN/voc_emotic_ava___EMOTIC__COCO_train2014_000000247190.png,../../../mnt/ssd2/29o_rya/datasets/iqa/QualiSR-Set120/hr/voc_emotic_ava___EMOTIC__COCO_train2014_000000247190.png,../../../mnt/ssd2/29o_rya/datasets/iqa/QualiSR-Set120/lr/voc_emotic_ava___EMOTIC__COCO_train2014_000000247190.png,0.9498679041862488,0.9581670761108398,0.9540174901485443
QualiSR-Set120/SUPIR/voc_emotic_ava___EMOTIC__COCO_train2014_000000247190.npy.gz,SUPIR,voc_emotic_ava___EMOTIC__COCO_train2014_000000247190.png,../../../mnt/ssd2/29o_rya/datasets/iqa/QualiSR-Set120/sr/SUPIR/voc_emotic_ava___EMOTIC__COCO_train2014_000000247190.png,QualiSR-Set120,voc_emotic_ava___EMOTIC__COCO_train2014_000000247190,SUPIR/voc_emotic_ava___EMOTIC__COCO_train2014_000000247190.png,../../../mnt/ssd2/29o_rya/datasets/iqa/QualiSR-Set120/hr/voc_emotic_ava___EMOTIC__COCO_train2014_000000247190.png,../../../mnt/ssd2/29o_rya/datasets/iqa/QualiSR-Set120/lr/voc_emotic_ava___EMOTIC__COCO_train2014_000000247190.png,0.9425493478775024,0.9537262916564941,0.9481378197669983
QualiSR-Set120/PASD/voc_emotic_ava___EMOTIC__COCO_val2014_000000020598.npy.gz,PASD,voc_emotic_ava___EMOTIC__COCO_val2014_000000020598.png,../../../mnt/ssd2/29o_rya/datasets/iqa/QualiSR-Set120/sr/PASD/voc_emotic_ava___EMOTIC__COCO_val2014_000000020598.png,QualiSR-Set120,voc_emotic_ava___EMOTIC__COCO_val2014_000000020598,PASD/voc_emotic_ava___EMOTIC__COCO_val2014_000000020598.png,../../../mnt/ssd2/29o_rya/datasets/iqa/QualiSR-Set120/hr/voc_emotic_ava___EMOTIC__COCO_val2014_000000020598.png,../../../mnt/ssd2/29o_rya/datasets/iqa/QualiSR-Set120/lr/voc_emotic_ava___EMOTIC__COCO_val2014_000000020598.png,0.9308350086212158,0.9281370639801025,0.9294860363006592
QualiSR-Set120/RealESRGAN/voc_emotic_ava___EMOTIC__COCO_val2014_000000020598.npy.gz,RealESRGAN,voc_emotic_ava___EMOTIC__COCO_val2014_000000020598.png,../../../mnt/ssd2/29o_rya/datasets/iqa/QualiSR-Set120/sr/RealESRGAN/voc_emotic_ava___EMOTIC__COCO_val2014_000000020598.png,QualiSR-Set120,voc_emotic_ava___EMOTIC__COCO_val2014_000000020598,RealESRGAN/voc_emotic_ava___EMOTIC__COCO_val2014_000000020598.png,../../../mnt/ssd2/29o_rya/datasets/iqa/QualiSR-Set120/hr/voc_emotic_ava___EMOTIC__COCO_val2014_000000020598.png,../../../mnt/ssd2/29o_rya/datasets/iqa/QualiSR-Set120/lr/voc_emotic_ava___EMOTIC__COCO_val2014_000000020598.png,0.9389718770980835,0.9330363273620605,0.936004102230072
QualiSR-Set120/SUPIR/voc_emotic_ava___EMOTIC__COCO_val2014_000000020598.npy.gz,SUPIR,voc_emotic_ava___EMOTIC__COCO_val2014_000000020598.png,../../../mnt/ssd2/29o_rya/datasets/iqa/QualiSR-Set120/sr/SUPIR/voc_emotic_ava___EMOTIC__COCO_val2014_000000020598.png,QualiSR-Set120,voc_emotic_ava___EMOTIC__COCO_val2014_000000020598,SUPIR/voc_emotic_ava___EMOTIC__COCO_val2014_000000020598.png,../../../mnt/ssd2/29o_rya/datasets/iqa/QualiSR-Set120/hr/voc_emotic_ava___EMOTIC__COCO_val2014_000000020598.png,../../../mnt/ssd2/29o_rya/datasets/iqa/QualiSR-Set120/lr/voc_emotic_ava___EMOTIC__COCO_val2014_000000020598.png,0.9489601850509644,0.946367621421814,0.9476639032363892
QualiSR-Set120/PASD/voc_emotic_ava___JPEGImages__2008_003883.npy.gz,PASD,voc_emotic_ava___JPEGImages__2008_003883.png,../../../mnt/ssd2/29o_rya/datasets/iqa/QualiSR-Set120/sr/PASD/voc_emotic_ava___JPEGImages__2008_003883.png,QualiSR-Set120,voc_emotic_ava___JPEGImages__2008_003883,PASD/voc_emotic_ava___JPEGImages__2008_003883.png,../../../mnt/ssd2/29o_rya/datasets/iqa/QualiSR-Set120/hr/voc_emotic_ava___JPEGImages__2008_003883.png,../../../mnt/ssd2/29o_rya/datasets/iqa/QualiSR-Set120/lr/voc_emotic_ava___JPEGImages__2008_003883.png,0.8651469945907593,0.8690345287322998,0.8670907616615295
QualiSR-Set120/RealESRGAN/voc_emotic_ava___JPEGImages__2008_003883.npy.gz,RealESRGAN,voc_emotic_ava___JPEGImages__2008_003883.png,../../../mnt/ssd2/29o_rya/datasets/iqa/QualiSR-Set120/sr/RealESRGAN/voc_emotic_ava___JPEGImages__2008_003883.png,QualiSR-Set120,voc_emotic_ava___JPEGImages__2008_003883,RealESRGAN/voc_emotic_ava___JPEGImages__2008_003883.png,../../../mnt/ssd2/29o_rya/datasets/iqa/QualiSR-Set120/hr/voc_emotic_ava___JPEGImages__2008_003883.png,../../../mnt/ssd2/29o_rya/datasets/iqa/QualiSR-Set120/lr/voc_emotic_ava___JPEGImages__2008_003883.png,0.8340641260147095,0.8497366905212402,0.8419004082679749
QualiSR-Set120/SUPIR/voc_emotic_ava___JPEGImages__2008_003883.npy.gz,SUPIR,voc_emotic_ava___JPEGImages__2008_003883.png,../../../mnt/ssd2/29o_rya/datasets/iqa/QualiSR-Set120/sr/SUPIR/voc_emotic_ava___JPEGImages__2008_003883.png,QualiSR-Set120,voc_emotic_ava___JPEGImages__2008_003883,SUPIR/voc_emotic_ava___JPEGImages__2008_003883.png,../../../mnt/ssd2/29o_rya/datasets/iqa/QualiSR-Set120/hr/voc_emotic_ava___JPEGImages__2008_003883.png,../../../mnt/ssd2/29o_rya/datasets/iqa/QualiSR-Set120/lr/voc_emotic_ava___JPEGImages__2008_003883.png,0.8805702924728394,0.8889837265014648,0.8847770094871521
QualiSR-Set120/PASD/voc_emotic_ava___VOC2012__2010_004399.npy.gz,PASD,voc_emotic_ava___VOC2012__2010_004399.png,../../../mnt/ssd2/29o_rya/datasets/iqa/QualiSR-Set120/sr/PASD/voc_emotic_ava___VOC2012__2010_004399.png,QualiSR-Set120,voc_emotic_ava___VOC2012__2010_004399,PASD/voc_emotic_ava___VOC2012__2010_004399.png,../../../mnt/ssd2/29o_rya/datasets/iqa/QualiSR-Set120/hr/voc_emotic_ava___VOC2012__2010_004399.png,../../../mnt/ssd2/29o_rya/datasets/iqa/QualiSR-Set120/lr/voc_emotic_ava___VOC2012__2010_004399.png,0.9137777090072632,0.9230214953422546,0.9183996021747589
QualiSR-Set120/RealESRGAN/voc_emotic_ava___VOC2012__2010_004399.npy.gz,RealESRGAN,voc_emotic_ava___VOC2012__2010_004399.png,../../../mnt/ssd2/29o_rya/datasets/iqa/QualiSR-Set120/sr/RealESRGAN/voc_emotic_ava___VOC2012__2010_004399.png,QualiSR-Set120,voc_emotic_ava___VOC2012__2010_004399,RealESRGAN/voc_emotic_ava___VOC2012__2010_004399.png,../../../mnt/ssd2/29o_rya/datasets/iqa/QualiSR-Set120/hr/voc_emotic_ava___VOC2012__2010_004399.png,../../../mnt/ssd2/29o_rya/datasets/iqa/QualiSR-Set120/lr/voc_emotic_ava___VOC2012__2010_004399.png,0.920391321182251,0.9182369709014893,0.9193141460418701
QualiSR-Set120/SUPIR/voc_emotic_ava___VOC2012__2010_004399.npy.gz,SUPIR,voc_emotic_ava___VOC2012__2010_004399.png,../../../mnt/ssd2/29o_rya/datasets/iqa/QualiSR-Set120/sr/SUPIR/voc_emotic_ava___VOC2012__2010_004399.png,QualiSR-Set120,voc_emotic_ava___VOC2012__2010_004399,SUPIR/voc_emotic_ava___VOC2012__2010_004399.png,../../../mnt/ssd2/29o_rya/datasets/iqa/QualiSR-Set120/hr/voc_emotic_ava___VOC2012__2010_004399.png,../../../mnt/ssd2/29o_rya/datasets/iqa/QualiSR-Set120/lr/voc_emotic_ava___VOC2012__2010_004399.png,0.9111517071723938,0.9182782173156738,0.9147149622440338
QualiSR-Set120/PASD/voc_emotic_ava___VOC2012__2012_004043.npy.gz,PASD,voc_emotic_ava___VOC2012__2012_004043.png,../../../mnt/ssd2/29o_rya/datasets/iqa/QualiSR-Set120/sr/PASD/voc_emotic_ava___VOC2012__2012_004043.png,QualiSR-Set120,voc_emotic_ava___VOC2012__2012_004043,PASD/voc_emotic_ava___VOC2012__2012_004043.png,../../../mnt/ssd2/29o_rya/datasets/iqa/QualiSR-Set120/hr/voc_emotic_ava___VOC2012__2012_004043.png,../../../mnt/ssd2/29o_rya/datasets/iqa/QualiSR-Set120/lr/voc_emotic_ava___VOC2012__2012_004043.png,0.9014030694961548,0.9025770425796509,0.9019900560379028
QualiSR-Set120/RealESRGAN/voc_emotic_ava___VOC2012__2012_004043.npy.gz,RealESRGAN,voc_emotic_ava___VOC2012__2012_004043.png,../../../mnt/ssd2/29o_rya/datasets/iqa/QualiSR-Set120/sr/RealESRGAN/voc_emotic_ava___VOC2012__2012_004043.png,QualiSR-Set120,voc_emotic_ava___VOC2012__2012_004043,RealESRGAN/voc_emotic_ava___VOC2012__2012_004043.png,../../../mnt/ssd2/29o_rya/datasets/iqa/QualiSR-Set120/hr/voc_emotic_ava___VOC2012__2012_004043.png,../../../mnt/ssd2/29o_rya/datasets/iqa/QualiSR-Set120/lr/voc_emotic_ava___VOC2012__2012_004043.png,0.9296127557754517,0.9215936064720154,0.9256031811237335
QualiSR-Set120/SUPIR/voc_emotic_ava___VOC2012__2012_004043.npy.gz,SUPIR,voc_emotic_ava___VOC2012__2012_004043.png,../../../mnt/ssd2/29o_rya/datasets/iqa/QualiSR-Set120/sr/SUPIR/voc_emotic_ava___VOC2012__2012_004043.png,QualiSR-Set120,voc_emotic_ava___VOC2012__2012_004043,SUPIR/voc_emotic_ava___VOC2012__2012_004043.png,../../../mnt/ssd2/29o_rya/datasets/iqa/QualiSR-Set120/hr/voc_emotic_ava___VOC2012__2012_004043.png,../../../mnt/ssd2/29o_rya/datasets/iqa/QualiSR-Set120/lr/voc_emotic_ava___VOC2012__2012_004043.png,0.9155663251876831,0.9161919355392456,0.9158791303634644
