sample_id,sr_method,sr_filename,sr_path,dataset,test_case,rel_path,gt_path,lr_path,set_type,vgg_diff_000,vgg_diff_001,vgg_diff_002,vgg_diff_003,vgg_diff_004
QualiSR-Set120/PASD/1024x768___4962875195.npy.gz,PASD,1024x768___4962875195.png,../../../mnt/ssd2/29o_rya/datasets/iqa/QualiSR-Set120/sr/PASD/1024x768___4962875195.png,QualiSR-Set120,1024x768___4962875195,PASD/1024x768___4962875195.png,../../../mnt/ssd2/29o_rya/datasets/iqa/QualiSR-Set120/hr/1024x768___4962875195.png,../../../mnt/ssd2/29o_rya/datasets/iqa/QualiSR-Set120/lr/1024x768___4962875195.png,train,0.14692170000000004,-1.1199579999999996,-0.49412149999999944,0.12427150000000076,0.6849107000000005
QualiSR-Set120/RealESRGAN/1024x768___4962875195.npy.gz,RealESRGAN,1024x768___4962875195.png,../../../mnt/ssd2/29o_rya/datasets/iqa/QualiSR-Set120/sr/RealESRGAN/1024x768___4962875195.png,QualiSR-Set120,1024x768___4962875195,RealESRGAN/1024x768___4962875195.png,../../../mnt/ssd2/29o_rya/datasets/iqa/QualiSR-Set120/hr/1024x768___4962875195.png,../../../mnt/ssd2/29o_rya/datasets/iqa/QualiSR-Set120/lr/1024x768___4962875195.png,train,0.3487682999999997,-0.4878569999999991,0.8810673000000007,-0.012470000000000425,2.3736906
QualiSR-Set120/SUPIR/1024x768___4962875195.npy.gz,SUPIR,1024x768___4962875195.png,../../../mnt/ssd2/29o_rya/datasets/iqa/QualiSR-Set120/sr/SUPIR/1024x768___4962875195.png,QualiSR-Set120,1024x768___4962875195,SUPIR/1024x768___4962875195.png,../../../mnt/ssd2/29o_rya/datasets/iqa/QualiSR-Set120/hr/1024x768___4962875195.png,../../../mnt/ssd2/29o_rya/datasets/iqa/QualiSR-Set120/lr/1024x768___4962875195.png,train,0.17567359999999965,-0.15219700000000014,-0.5339292999999996,-0.6133609999999994,0.09105770000000035
QualiSR-Set120/PASD/ava_images___101816.npy.gz,PASD,ava_images___101816.png,../../../mnt/ssd2/29o_rya/datasets/iqa/QualiSR-Set120/sr/PASD/ava_images___101816.png,QualiSR-Set120,ava_images___101816,PASD/ava_images___101816.png,../../../mnt/ssd2/29o_rya/datasets/iqa/QualiSR-Set120/hr/ava_images___101816.png,../../../mnt/ssd2/29o_rya/datasets/iqa/QualiSR-Set120/lr/ava_images___101816.png,train,10.9202746,28.563586700000002,-1.7613525,1.0795136000000003,-6.351667000000003
QualiSR-Set120/RealESRGAN/ava_images___101816.npy.gz,RealESRGAN,ava_images___101816.png,../../../mnt/ssd2/29o_rya/datasets/iqa/QualiSR-Set120/sr/RealESRGAN/ava_images___101816.png,QualiSR-Set120,ava_images___101816,RealESRGAN/ava_images___101816.png,../../../mnt/ssd2/29o_rya/datasets/iqa/QualiSR-Set120/hr/ava_images___101816.png,../../../mnt/ssd2/29o_rya/datasets/iqa/QualiSR-Set120/lr/ava_images___101816.png,train,1.1479594000000004,4.178205500000001,-1.5948979999999988,-0.9792128,-1.8504300000000011
QualiSR-Set120/SUPIR/ava_images___101816.npy.gz,SUPIR,ava_images___101816.png,../../../mnt/ssd2/29o_rya/datasets/iqa/QualiSR-Set120/sr/SUPIR/ava_images___101816.png,QualiSR-Set120,ava_images___101816,SUPIR/ava_images___101816.png,../../../mnt/ssd2/29o_rya/datasets/iqa/QualiSR-Set120/hr/ava_images___101816.png,../../../mnt/ssd2/29o_rya/datasets/iqa/QualiSR-Set120/lr/ava_images___101816.png,train,9.4804295,24.8212687,-0.973384499999999,-0.06477639999999951,-4.19284
QualiSR-Set120/PASD/ava_images___158174.npy.gz,PASD,ava_images___158174.png,../../../mnt/ssd2/29o_rya/datasets/iqa/QualiSR-Set120/sr/PASD/ava_images___158174.png,QualiSR-Set120,ava_images___158174,PASD/ava_images___158174.png,../../../mnt/ssd2/29o_rya/datasets/iqa/QualiSR-Set120/hr/ava_images___158174.png,../../../mnt/ssd2/29o_rya/datasets/iqa/QualiSR-Set120/lr/ava_images___158174.png,train,-1.5276610000000002,-0.6445790000000002,2.9976444499999997,-8.970840000000003,35.45983000000001
QualiSR-Set120/RealESRGAN/ava_images___158174.npy.gz,RealESRGAN,ava_images___158174.png,../../../mnt/ssd2/29o_rya/datasets/iqa/QualiSR-Set120/sr/RealESRGAN/ava_images___158174.png,QualiSR-Set120,ava_images___158174,RealESRGAN/ava_images___158174.png,../../../mnt/ssd2/29o_rya/datasets/iqa/QualiSR-Set120/hr/ava_images___158174.png,../../../mnt/ssd2/29o_rya/datasets/iqa/QualiSR-Set120/lr/ava_images___158174.png,train,3.0547010000000014,1.4068740000000002,2.99945548,-7.085074999999996,38.09476000000001
QualiSR-Set120/SUPIR/ava_images___158174.npy.gz,SUPIR,ava_images___158174.png,../../../mnt/ssd2/29o_rya/datasets/iqa/QualiSR-Set120/sr/SUPIR/ava_images___158174.png,QualiSR-Set120,ava_images___158174,SUPIR/ava_images___158174.png,../../../mnt/ssd2/29o_rya/datasets/iqa/QualiSR-Set120/hr/ava_images___158174.png,../../../mnt/ssd2/29o_rya/datasets/iqa/QualiSR-Set120/lr/ava_images___158174.png,train,0.5339240000000007,0.5626549999999995,0.6701802999999997,-8.611015000000002,32.11089000000001
QualiSR-Set120/PASD/ava_images___18037.npy.gz,PASD,ava_images___18037.png,../../../mnt/ssd2/29o_rya/datasets/iqa/QualiSR-Set120/sr/PASD/ava_images___18037.png,QualiSR-Set120,ava_images___18037,PASD/ava_images___18037.png,../../../mnt/ssd2/29o_rya/datasets/iqa/QualiSR-Set120/hr/ava_images___18037.png,../../../mnt/ssd2/29o_rya/datasets/iqa/QualiSR-Set120/lr/ava_images___18037.png,train,0.31951000000000107,-0.14921099999999932,-0.1669520000000002,-0.30367619999999995,-0.2668280000000003
QualiSR-Set120/RealESRGAN/ava_images___18037.npy.gz,RealESRGAN,ava_images___18037.png,../../../mnt/ssd2/29o_rya/datasets/iqa/QualiSR-Set120/sr/RealESRGAN/ava_images___18037.png,QualiSR-Set120,ava_images___18037,RealESRGAN/ava_images___18037.png,../../../mnt/ssd2/29o_rya/datasets/iqa/QualiSR-Set120/hr/ava_images___18037.png,../../../mnt/ssd2/29o_rya/datasets/iqa/QualiSR-Set120/lr/ava_images___18037.png,train,-0.06266149999999904,0.31445399999999957,0.06312899999999999,0.3166646000000002,-0.024595000000001477
QualiSR-Set120/SUPIR/ava_images___18037.npy.gz,SUPIR,ava_images___18037.png,../../../mnt/ssd2/29o_rya/datasets/iqa/QualiSR-Set120/sr/SUPIR/ava_images___18037.png,QualiSR-Set120,ava_images___18037,SUPIR/ava_images___18037.png,../../../mnt/ssd2/29o_rya/datasets/iqa/QualiSR-Set120/hr/ava_images___18037.png,../../../mnt/ssd2/29o_rya/datasets/iqa/QualiSR-Set120/lr/ava_images___18037.png,train,0.6264610000000008,0.20712900000000012,-0.1486730000000005,0.15070020000000017,0.08216099999999926
QualiSR-Set120/PASD/ava_images___217590.npy.gz,PASD,ava_images___217590.png,../../../mnt/ssd2/29o_rya/datasets/iqa/QualiSR-Set120/sr/PASD/ava_images___217590.png,QualiSR-Set120,ava_images___217590,PASD/ava_images___217590.png,../../../mnt/ssd2/29o_rya/datasets/iqa/QualiSR-Set120/hr/ava_images___217590.png,../../../mnt/ssd2/29o_rya/datasets/iqa/QualiSR-Set120/lr/ava_images___217590.png,test,0.0716285000000001,0.374899000000001,0.010241999999999862,-0.05359570000000069,-0.23379299999999859
QualiSR-Set120/RealESRGAN/ava_images___217590.npy.gz,RealESRGAN,ava_images___217590.png,../../../mnt/ssd2/29o_rya/datasets/iqa/QualiSR-Set120/sr/RealESRGAN/ava_images___217590.png,QualiSR-Set120,ava_images___217590,RealESRGAN/ava_images___217590.png,../../../mnt/ssd2/29o_rya/datasets/iqa/QualiSR-Set120/hr/ava_images___217590.png,../../../mnt/ssd2/29o_rya/datasets/iqa/QualiSR-Set120/lr/ava_images___217590.png,test,0.6763848999999995,0.8067890000000002,-0.18202999999999925,-0.47470070000000053,-0.02300999999999931
QualiSR-Set120/SUPIR/ava_images___217590.npy.gz,SUPIR,ava_images___217590.png,../../../mnt/ssd2/29o_rya/datasets/iqa/QualiSR-Set120/sr/SUPIR/ava_images___217590.png,QualiSR-Set120,ava_images___217590,SUPIR/ava_images___217590.png,../../../mnt/ssd2/29o_rya/datasets/iqa/QualiSR-Set120/hr/ava_images___217590.png,../../../mnt/ssd2/29o_rya/datasets/iqa/QualiSR-Set120/lr/ava_images___217590.png,test,-0.22188349999999968,0.6299970000000013,0.14767299999999928,-0.24735700000000005,-0.29897499999999866
QualiSR-Set120/PASD/ava_images___251530.npy.gz,PASD,ava_images___251530.png,../../../mnt/ssd2/29o_rya/datasets/iqa/QualiSR-Set120/sr/PASD/ava_images___251530.png,QualiSR-Set120,ava_images___251530,PASD/ava_images___251530.png,../../../mnt/ssd2/29o_rya/datasets/iqa/QualiSR-Set120/hr/ava_images___251530.png,../../../mnt/ssd2/29o_rya/datasets/iqa/QualiSR-Set120/lr/ava_images___251530.png,train,2.804668500000001,1.5644310000000008,0.2487750000000002,-0.18683730000000054,-1.3979309999999998
QualiSR-Set120/RealESRGAN/ava_images___251530.npy.gz,RealESRGAN,ava_images___251530.png,../../../mnt/ssd2/29o_rya/datasets/iqa/QualiSR-Set120/sr/RealESRGAN/ava_images___251530.png,QualiSR-Set120,ava_images___251530,RealESRGAN/ava_images___251530.png,../../../mnt/ssd2/29o_rya/datasets/iqa/QualiSR-Set120/hr/ava_images___251530.png,../../../mnt/ssd2/29o_rya/datasets/iqa/QualiSR-Set120/lr/ava_images___251530.png,train,0.39111399999999996,0.4131400000000003,-0.11156850000000063,0.011851499999999682,-0.4228860000000001
QualiSR-Set120/SUPIR/ava_images___251530.npy.gz,SUPIR,ava_images___251530.png,../../../mnt/ssd2/29o_rya/datasets/iqa/QualiSR-Set120/sr/SUPIR/ava_images___251530.png,QualiSR-Set120,ava_images___251530,SUPIR/ava_images___251530.png,../../../mnt/ssd2/29o_rya/datasets/iqa/QualiSR-Set120/hr/ava_images___251530.png,../../../mnt/ssd2/29o_rya/datasets/iqa/QualiSR-Set120/lr/ava_images___251530.png,train,1.3416750000000004,0.06781400000000026,-0.2592049999999997,0.23758929999999978,-0.3461949999999998
QualiSR-Set120/PASD/ava_images___253900.npy.gz,PASD,ava_images___253900.png,../../../mnt/ssd2/29o_rya/datasets/iqa/QualiSR-Set120/sr/PASD/ava_images___253900.png,QualiSR-Set120,ava_images___253900,PASD/ava_images___253900.png,../../../mnt/ssd2/29o_rya/datasets/iqa/QualiSR-Set120/hr/ava_images___253900.png,../../../mnt/ssd2/29o_rya/datasets/iqa/QualiSR-Set120/lr/ava_images___253900.png,train,7.4372127,0.16471899999999984,2.6207176,0.17860819999999977,1.2533370000000001
QualiSR-Set120/RealESRGAN/ava_images___253900.npy.gz,RealESRGAN,ava_images___253900.png,../../../mnt/ssd2/29o_rya/datasets/iqa/QualiSR-Set120/sr/RealESRGAN/ava_images___253900.png,QualiSR-Set120,ava_images___253900,RealESRGAN/ava_images___253900.png,../../../mnt/ssd2/29o_rya/datasets/iqa/QualiSR-Set120/hr/ava_images___253900.png,../../../mnt/ssd2/29o_rya/datasets/iqa/QualiSR-Set120/lr/ava_images___253900.png,train,4.7855368,0.47920300000000005,-0.02990769999999987,-0.7196796999999999,1.3469055
QualiSR-Set120/SUPIR/ava_images___253900.npy.gz,SUPIR,ava_images___253900.png,../../../mnt/ssd2/29o_rya/datasets/iqa/QualiSR-Set120/sr/SUPIR/ava_images___253900.png,QualiSR-Set120,ava_images___253900,SUPIR/ava_images___253900.png,../../../mnt/ssd2/29o_rya/datasets/iqa/QualiSR-Set120/hr/ava_images___253900.png,../../../mnt/ssd2/29o_rya/datasets/iqa/QualiSR-Set120/lr/ava_images___253900.png,train,4.0469437,-0.40157699999999963,-1.5501937000000003,-0.6958864,0.23302400000000034
QualiSR-Set120/PASD/ava_images___273810.npy.gz,PASD,ava_images___273810.png,../../../mnt/ssd2/29o_rya/datasets/iqa/QualiSR-Set120/sr/PASD/ava_images___273810.png,QualiSR-Set120,ava_images___273810,PASD/ava_images___273810.png,../../../mnt/ssd2/29o_rya/datasets/iqa/QualiSR-Set120/hr/ava_images___273810.png,../../../mnt/ssd2/29o_rya/datasets/iqa/QualiSR-Set120/lr/ava_images___273810.png,train,-1.503971,1.572880734,3.873027999999998,-3.128491000000002,4.726744999999999
QualiSR-Set120/RealESRGAN/ava_images___273810.npy.gz,RealESRGAN,ava_images___273810.png,../../../mnt/ssd2/29o_rya/datasets/iqa/QualiSR-Set120/sr/RealESRGAN/ava_images___273810.png,QualiSR-Set120,ava_images___273810,RealESRGAN/ava_images___273810.png,../../../mnt/ssd2/29o_rya/datasets/iqa/QualiSR-Set120/hr/ava_images___273810.png,../../../mnt/ssd2/29o_rya/datasets/iqa/QualiSR-Set120/lr/ava_images___273810.png,train,0.5366689999999998,0.37622069999999996,5.061095999999999,-1.847353,5.303929
QualiSR-Set120/SUPIR/ava_images___273810.npy.gz,SUPIR,ava_images___273810.png,../../../mnt/ssd2/29o_rya/datasets/iqa/QualiSR-Set120/sr/SUPIR/ava_images___273810.png,QualiSR-Set120,ava_images___273810,SUPIR/ava_images___273810.png,../../../mnt/ssd2/29o_rya/datasets/iqa/QualiSR-Set120/hr/ava_images___273810.png,../../../mnt/ssd2/29o_rya/datasets/iqa/QualiSR-Set120/lr/ava_images___273810.png,train,-2.312232999999999,2.17683123,3.778652000000001,-0.9686760000000003,3.498513000000001
QualiSR-Set120/PASD/ava_images___295451.npy.gz,PASD,ava_images___295451.png,../../../mnt/ssd2/29o_rya/datasets/iqa/QualiSR-Set120/sr/PASD/ava_images___295451.png,QualiSR-Set120,ava_images___295451,PASD/ava_images___295451.png,../../../mnt/ssd2/29o_rya/datasets/iqa/QualiSR-Set120/hr/ava_images___295451.png,../../../mnt/ssd2/29o_rya/datasets/iqa/QualiSR-Set120/lr/ava_images___295451.png,train,-0.6922329999999999,-0.722157000000001,1.0050822,1.6939459999999995,1.6062045999999999
QualiSR-Set120/RealESRGAN/ava_images___295451.npy.gz,RealESRGAN,ava_images___295451.png,../../../mnt/ssd2/29o_rya/datasets/iqa/QualiSR-Set120/sr/RealESRGAN/ava_images___295451.png,QualiSR-Set120,ava_images___295451,RealESRGAN/ava_images___295451.png,../../../mnt/ssd2/29o_rya/datasets/iqa/QualiSR-Set120/hr/ava_images___295451.png,../../../mnt/ssd2/29o_rya/datasets/iqa/QualiSR-Set120/lr/ava_images___295451.png,train,-0.4616429999999987,-0.8600329999999996,-0.33708570000000027,-0.21995469999999973,2.4092355000000003
QualiSR-Set120/SUPIR/ava_images___295451.npy.gz,SUPIR,ava_images___295451.png,../../../mnt/ssd2/29o_rya/datasets/iqa/QualiSR-Set120/sr/SUPIR/ava_images___295451.png,QualiSR-Set120,ava_images___295451,SUPIR/ava_images___295451.png,../../../mnt/ssd2/29o_rya/datasets/iqa/QualiSR-Set120/hr/ava_images___295451.png,../../../mnt/ssd2/29o_rya/datasets/iqa/QualiSR-Set120/lr/ava_images___295451.png,train,-0.3895110000000006,-0.6153250000000003,0.1733652000000001,0.3808859999999994,1.7400479000000004
QualiSR-Set120/PASD/ava_images___308473.npy.gz,PASD,ava_images___308473.png,../../../mnt/ssd2/29o_rya/datasets/iqa/QualiSR-Set120/sr/PASD/ava_images___308473.png,QualiSR-Set120,ava_images___308473,PASD/ava_images___308473.png,../../../mnt/ssd2/29o_rya/datasets/iqa/QualiSR-Set120/hr/ava_images___308473.png,../../../mnt/ssd2/29o_rya/datasets/iqa/QualiSR-Set120/lr/ava_images___308473.png,train,3.1281605900000002,0.6419940000000004,-1.6043456000000003,0.1436219999999988,0.9683480000000007
QualiSR-Set120/RealESRGAN/ava_images___308473.npy.gz,RealESRGAN,ava_images___308473.png,../../../mnt/ssd2/29o_rya/datasets/iqa/QualiSR-Set120/sr/RealESRGAN/ava_images___308473.png,QualiSR-Set120,ava_images___308473,RealESRGAN/ava_images___308473.png,../../../mnt/ssd2/29o_rya/datasets/iqa/QualiSR-Set120/hr/ava_images___308473.png,../../../mnt/ssd2/29o_rya/datasets/iqa/QualiSR-Set120/lr/ava_images___308473.png,train,0.8083525000000003,0.42524599999999957,-0.8532919999999997,0.9472339999999999,1.3810300000000009
QualiSR-Set120/SUPIR/ava_images___308473.npy.gz,SUPIR,ava_images___308473.png,../../../mnt/ssd2/29o_rya/datasets/iqa/QualiSR-Set120/sr/SUPIR/ava_images___308473.png,QualiSR-Set120,ava_images___308473,SUPIR/ava_images___308473.png,../../../mnt/ssd2/29o_rya/datasets/iqa/QualiSR-Set120/hr/ava_images___308473.png,../../../mnt/ssd2/29o_rya/datasets/iqa/QualiSR-Set120/lr/ava_images___308473.png,train,2.75561058,0.01845000000000141,-0.25302060000000015,-0.9311620000000005,1.2479140000000015
QualiSR-Set120/PASD/ava_images___321917.npy.gz,PASD,ava_images___321917.png,../../../mnt/ssd2/29o_rya/datasets/iqa/QualiSR-Set120/sr/PASD/ava_images___321917.png,QualiSR-Set120,ava_images___321917,PASD/ava_images___321917.png,../../../mnt/ssd2/29o_rya/datasets/iqa/QualiSR-Set120/hr/ava_images___321917.png,../../../mnt/ssd2/29o_rya/datasets/iqa/QualiSR-Set120/lr/ava_images___321917.png,train,9.5850484,0.028570999999999458,1.0816890000000008,-0.09304189999999934,-2.757337999999999
QualiSR-Set120/RealESRGAN/ava_images___321917.npy.gz,RealESRGAN,ava_images___321917.png,../../../mnt/ssd2/29o_rya/datasets/iqa/QualiSR-Set120/sr/RealESRGAN/ava_images___321917.png,QualiSR-Set120,ava_images___321917,RealESRGAN/ava_images___321917.png,../../../mnt/ssd2/29o_rya/datasets/iqa/QualiSR-Set120/hr/ava_images___321917.png,../../../mnt/ssd2/29o_rya/datasets/iqa/QualiSR-Set120/lr/ava_images___321917.png,train,5.6534964,0.572830999999999,-0.051715999999998985,0.2578051000000001,-0.7204769999999989
QualiSR-Set120/SUPIR/ava_images___321917.npy.gz,SUPIR,ava_images___321917.png,../../../mnt/ssd2/29o_rya/datasets/iqa/QualiSR-Set120/sr/SUPIR/ava_images___321917.png,QualiSR-Set120,ava_images___321917,SUPIR/ava_images___321917.png,../../../mnt/ssd2/29o_rya/datasets/iqa/QualiSR-Set120/hr/ava_images___321917.png,../../../mnt/ssd2/29o_rya/datasets/iqa/QualiSR-Set120/lr/ava_images___321917.png,train,4.11567086,-0.054120000000001056,-0.6320489999999985,-0.33056919999999934,-2.042358
QualiSR-Set120/PASD/ava_images___360165.npy.gz,PASD,ava_images___360165.png,../../../mnt/ssd2/29o_rya/datasets/iqa/QualiSR-Set120/sr/PASD/ava_images___360165.png,QualiSR-Set120,ava_images___360165,PASD/ava_images___360165.png,../../../mnt/ssd2/29o_rya/datasets/iqa/QualiSR-Set120/hr/ava_images___360165.png,../../../mnt/ssd2/29o_rya/datasets/iqa/QualiSR-Set120/lr/ava_images___360165.png,train,14.098429200000002,-9.248505000000002,84.42378,29.121864000000002,13.3682945
QualiSR-Set120/RealESRGAN/ava_images___360165.npy.gz,RealESRGAN,ava_images___360165.png,../../../mnt/ssd2/29o_rya/datasets/iqa/QualiSR-Set120/sr/RealESRGAN/ava_images___360165.png,QualiSR-Set120,ava_images___360165,RealESRGAN/ava_images___360165.png,../../../mnt/ssd2/29o_rya/datasets/iqa/QualiSR-Set120/hr/ava_images___360165.png,../../../mnt/ssd2/29o_rya/datasets/iqa/QualiSR-Set120/lr/ava_images___360165.png,train,4.7955890000000005,-5.474184000000001,30.632949999999994,11.221989,5.176023200000001
QualiSR-Set120/SUPIR/ava_images___360165.npy.gz,SUPIR,ava_images___360165.png,../../../mnt/ssd2/29o_rya/datasets/iqa/QualiSR-Set120/sr/SUPIR/ava_images___360165.png,QualiSR-Set120,ava_images___360165,SUPIR/ava_images___360165.png,../../../mnt/ssd2/29o_rya/datasets/iqa/QualiSR-Set120/hr/ava_images___360165.png,../../../mnt/ssd2/29o_rya/datasets/iqa/QualiSR-Set120/lr/ava_images___360165.png,train,8.246389,-7.992401000000001,46.09634,14.818816999999996,7.3479075
QualiSR-Set120/PASD/ava_images___426629.npy.gz,PASD,ava_images___426629.png,../../../mnt/ssd2/29o_rya/datasets/iqa/QualiSR-Set120/sr/PASD/ava_images___426629.png,QualiSR-Set120,ava_images___426629,PASD/ava_images___426629.png,../../../mnt/ssd2/29o_rya/datasets/iqa/QualiSR-Set120/hr/ava_images___426629.png,../../../mnt/ssd2/29o_rya/datasets/iqa/QualiSR-Set120/lr/ava_images___426629.png,test,-0.11820100000000089,3.492617,1.0360569999999996,-0.2636151,0.1059770000000011
QualiSR-Set120/RealESRGAN/ava_images___426629.npy.gz,RealESRGAN,ava_images___426629.png,../../../mnt/ssd2/29o_rya/datasets/iqa/QualiSR-Set120/sr/RealESRGAN/ava_images___426629.png,QualiSR-Set120,ava_images___426629,RealESRGAN/ava_images___426629.png,../../../mnt/ssd2/29o_rya/datasets/iqa/QualiSR-Set120/hr/ava_images___426629.png,../../../mnt/ssd2/29o_rya/datasets/iqa/QualiSR-Set120/lr/ava_images___426629.png,test,0.3573979999999999,7.004749200000001,1.5849598999999994,-0.31265690000000035,0.9952909999999999
QualiSR-Set120/SUPIR/ava_images___426629.npy.gz,SUPIR,ava_images___426629.png,../../../mnt/ssd2/29o_rya/datasets/iqa/QualiSR-Set120/sr/SUPIR/ava_images___426629.png,QualiSR-Set120,ava_images___426629,SUPIR/ava_images___426629.png,../../../mnt/ssd2/29o_rya/datasets/iqa/QualiSR-Set120/hr/ava_images___426629.png,../../../mnt/ssd2/29o_rya/datasets/iqa/QualiSR-Set120/lr/ava_images___426629.png,test,0.6936070000000001,5.116407000000001,1.0900032999999993,-0.20890559999999958,1.2189390000000007
QualiSR-Set120/PASD/ava_images___436880.npy.gz,PASD,ava_images___436880.png,../../../mnt/ssd2/29o_rya/datasets/iqa/QualiSR-Set120/sr/PASD/ava_images___436880.png,QualiSR-Set120,ava_images___436880,PASD/ava_images___436880.png,../../../mnt/ssd2/29o_rya/datasets/iqa/QualiSR-Set120/hr/ava_images___436880.png,../../../mnt/ssd2/29o_rya/datasets/iqa/QualiSR-Set120/lr/ava_images___436880.png,train,2.8296733000000005,5.860835099999999,-0.30430899999999994,-0.04787200000000169,0.661778
QualiSR-Set120/RealESRGAN/ava_images___436880.npy.gz,RealESRGAN,ava_images___436880.png,../../../mnt/ssd2/29o_rya/datasets/iqa/QualiSR-Set120/sr/RealESRGAN/ava_images___436880.png,QualiSR-Set120,ava_images___436880,RealESRGAN/ava_images___436880.png,../../../mnt/ssd2/29o_rya/datasets/iqa/QualiSR-Set120/hr/ava_images___436880.png,../../../mnt/ssd2/29o_rya/datasets/iqa/QualiSR-Set120/lr/ava_images___436880.png,train,4.5721431,4.8413553,-0.9846810000000001,1.2316819999999993,4.188536400000001
QualiSR-Set120/SUPIR/ava_images___436880.npy.gz,SUPIR,ava_images___436880.png,../../../mnt/ssd2/29o_rya/datasets/iqa/QualiSR-Set120/sr/SUPIR/ava_images___436880.png,QualiSR-Set120,ava_images___436880,SUPIR/ava_images___436880.png,../../../mnt/ssd2/29o_rya/datasets/iqa/QualiSR-Set120/hr/ava_images___436880.png,../../../mnt/ssd2/29o_rya/datasets/iqa/QualiSR-Set120/lr/ava_images___436880.png,train,0.5072057000000001,2.168335,-1.3517290000000006,-1.783064000000003,-0.42485099999999854
QualiSR-Set120/PASD/ava_images___46021.npy.gz,PASD,ava_images___46021.png,../../../mnt/ssd2/29o_rya/datasets/iqa/QualiSR-Set120/sr/PASD/ava_images___46021.png,QualiSR-Set120,ava_images___46021,PASD/ava_images___46021.png,../../../mnt/ssd2/29o_rya/datasets/iqa/QualiSR-Set120/hr/ava_images___46021.png,../../../mnt/ssd2/29o_rya/datasets/iqa/QualiSR-Set120/lr/ava_images___46021.png,train,2.859686,0.5269630000000003,0.8910286000000003,1.9455546999999997,0.9579319999999996
QualiSR-Set120/RealESRGAN/ava_images___46021.npy.gz,RealESRGAN,ava_images___46021.png,../../../mnt/ssd2/29o_rya/datasets/iqa/QualiSR-Set120/sr/RealESRGAN/ava_images___46021.png,QualiSR-Set120,ava_images___46021,RealESRGAN/ava_images___46021.png,../../../mnt/ssd2/29o_rya/datasets/iqa/QualiSR-Set120/hr/ava_images___46021.png,../../../mnt/ssd2/29o_rya/datasets/iqa/QualiSR-Set120/lr/ava_images___46021.png,train,3.038818000000001,0.8991579999999999,0.6333773000000003,3.7095117,0.5305559999999998
QualiSR-Set120/SUPIR/ava_images___46021.npy.gz,SUPIR,ava_images___46021.png,../../../mnt/ssd2/29o_rya/datasets/iqa/QualiSR-Set120/sr/SUPIR/ava_images___46021.png,QualiSR-Set120,ava_images___46021,SUPIR/ava_images___46021.png,../../../mnt/ssd2/29o_rya/datasets/iqa/QualiSR-Set120/hr/ava_images___46021.png,../../../mnt/ssd2/29o_rya/datasets/iqa/QualiSR-Set120/lr/ava_images___46021.png,train,2.418889,-0.08889100000000028,0.5699680000000003,1.8537359000000002,0.4401636
QualiSR-Set120/PASD/ava_images___472713.npy.gz,PASD,ava_images___472713.png,../../../mnt/ssd2/29o_rya/datasets/iqa/QualiSR-Set120/sr/PASD/ava_images___472713.png,QualiSR-Set120,ava_images___472713,PASD/ava_images___472713.png,../../../mnt/ssd2/29o_rya/datasets/iqa/QualiSR-Set120/hr/ava_images___472713.png,../../../mnt/ssd2/29o_rya/datasets/iqa/QualiSR-Set120/lr/ava_images___472713.png,test,1.9384385000000006,1.36241436,6.3208218,7.630449400000001,2.9426031000000004
QualiSR-Set120/RealESRGAN/ava_images___472713.npy.gz,RealESRGAN,ava_images___472713.png,../../../mnt/ssd2/29o_rya/datasets/iqa/QualiSR-Set120/sr/RealESRGAN/ava_images___472713.png,QualiSR-Set120,ava_images___472713,RealESRGAN/ava_images___472713.png,../../../mnt/ssd2/29o_rya/datasets/iqa/QualiSR-Set120/hr/ava_images___472713.png,../../../mnt/ssd2/29o_rya/datasets/iqa/QualiSR-Set120/lr/ava_images___472713.png,test,2.8369169999999997,-0.6245699000000001,5.2684608,4.165348499999999,1.5148535
QualiSR-Set120/SUPIR/ava_images___472713.npy.gz,SUPIR,ava_images___472713.png,../../../mnt/ssd2/29o_rya/datasets/iqa/QualiSR-Set120/sr/SUPIR/ava_images___472713.png,QualiSR-Set120,ava_images___472713,SUPIR/ava_images___472713.png,../../../mnt/ssd2/29o_rya/datasets/iqa/QualiSR-Set120/hr/ava_images___472713.png,../../../mnt/ssd2/29o_rya/datasets/iqa/QualiSR-Set120/lr/ava_images___472713.png,test,-0.3935917999999994,0.21245863999999992,4.3347712000000005,4.8233744,2.0080089
QualiSR-Set120/PASD/ava_images___501777.npy.gz,PASD,ava_images___501777.png,../../../mnt/ssd2/29o_rya/datasets/iqa/QualiSR-Set120/sr/PASD/ava_images___501777.png,QualiSR-Set120,ava_images___501777,PASD/ava_images___501777.png,../../../mnt/ssd2/29o_rya/datasets/iqa/QualiSR-Set120/hr/ava_images___501777.png,../../../mnt/ssd2/29o_rya/datasets/iqa/QualiSR-Set120/lr/ava_images___501777.png,test,0.5950860000000002,-0.2336159999999996,1.3713425,-2.594068499999999,2.382637
QualiSR-Set120/RealESRGAN/ava_images___501777.npy.gz,RealESRGAN,ava_images___501777.png,../../../mnt/ssd2/29o_rya/datasets/iqa/QualiSR-Set120/sr/RealESRGAN/ava_images___501777.png,QualiSR-Set120,ava_images___501777,RealESRGAN/ava_images___501777.png,../../../mnt/ssd2/29o_rya/datasets/iqa/QualiSR-Set120/hr/ava_images___501777.png,../../../mnt/ssd2/29o_rya/datasets/iqa/QualiSR-Set120/lr/ava_images___501777.png,test,2.2078255999999996,0.9044954000000001,0.9700601999999998,-1.9762959999999996,1.1944306000000005
QualiSR-Set120/SUPIR/ava_images___501777.npy.gz,SUPIR,ava_images___501777.png,../../../mnt/ssd2/29o_rya/datasets/iqa/QualiSR-Set120/sr/SUPIR/ava_images___501777.png,QualiSR-Set120,ava_images___501777,SUPIR/ava_images___501777.png,../../../mnt/ssd2/29o_rya/datasets/iqa/QualiSR-Set120/hr/ava_images___501777.png,../../../mnt/ssd2/29o_rya/datasets/iqa/QualiSR-Set120/lr/ava_images___501777.png,test,-0.6935940000000009,-0.04343699999999906,0.4891416999999998,-3.100954999999999,1.4501872000000002
QualiSR-Set120/PASD/ava_images___564572.npy.gz,PASD,ava_images___564572.png,../../../mnt/ssd2/29o_rya/datasets/iqa/QualiSR-Set120/sr/PASD/ava_images___564572.png,QualiSR-Set120,ava_images___564572,PASD/ava_images___564572.png,../../../mnt/ssd2/29o_rya/datasets/iqa/QualiSR-Set120/hr/ava_images___564572.png,../../../mnt/ssd2/29o_rya/datasets/iqa/QualiSR-Set120/lr/ava_images___564572.png,train,0.10571700000000028,-1.534206000000001,-1.4427350000000008,3.2361044000000003,2.3841410000000014
QualiSR-Set120/RealESRGAN/ava_images___564572.npy.gz,RealESRGAN,ava_images___564572.png,../../../mnt/ssd2/29o_rya/datasets/iqa/QualiSR-Set120/sr/RealESRGAN/ava_images___564572.png,QualiSR-Set120,ava_images___564572,RealESRGAN/ava_images___564572.png,../../../mnt/ssd2/29o_rya/datasets/iqa/QualiSR-Set120/hr/ava_images___564572.png,../../../mnt/ssd2/29o_rya/datasets/iqa/QualiSR-Set120/lr/ava_images___564572.png,train,1.0907330000000002,-0.49276300000000006,0.5988049999999987,1.5657386999999998,2.728383000000001
QualiSR-Set120/SUPIR/ava_images___564572.npy.gz,SUPIR,ava_images___564572.png,../../../mnt/ssd2/29o_rya/datasets/iqa/QualiSR-Set120/sr/SUPIR/ava_images___564572.png,QualiSR-Set120,ava_images___564572,SUPIR/ava_images___564572.png,../../../mnt/ssd2/29o_rya/datasets/iqa/QualiSR-Set120/hr/ava_images___564572.png,../../../mnt/ssd2/29o_rya/datasets/iqa/QualiSR-Set120/lr/ava_images___564572.png,train,0.7592920000000003,-0.10339499999999902,-2.3122360000000004,2.7725959000000007,0.9053720000000016
QualiSR-Set120/PASD/ava_images___588008.npy.gz,PASD,ava_images___588008.png,../../../mnt/ssd2/29o_rya/datasets/iqa/QualiSR-Set120/sr/PASD/ava_images___588008.png,QualiSR-Set120,ava_images___588008,PASD/ava_images___588008.png,../../../mnt/ssd2/29o_rya/datasets/iqa/QualiSR-Set120/hr/ava_images___588008.png,../../../mnt/ssd2/29o_rya/datasets/iqa/QualiSR-Set120/lr/ava_images___588008.png,train,0.3506965000000015,-0.5292560000000002,-0.1487860000000012,-0.4528289000000001,-1.233879
QualiSR-Set120/RealESRGAN/ava_images___588008.npy.gz,RealESRGAN,ava_images___588008.png,../../../mnt/ssd2/29o_rya/datasets/iqa/QualiSR-Set120/sr/RealESRGAN/ava_images___588008.png,QualiSR-Set120,ava_images___588008,RealESRGAN/ava_images___588008.png,../../../mnt/ssd2/29o_rya/datasets/iqa/QualiSR-Set120/hr/ava_images___588008.png,../../../mnt/ssd2/29o_rya/datasets/iqa/QualiSR-Set120/lr/ava_images___588008.png,train,1.5257129999999997,1.0813120000000005,-0.8205720000000003,2.0920678000000006,1.5484179999999999
QualiSR-Set120/SUPIR/ava_images___588008.npy.gz,SUPIR,ava_images___588008.png,../../../mnt/ssd2/29o_rya/datasets/iqa/QualiSR-Set120/sr/SUPIR/ava_images___588008.png,QualiSR-Set120,ava_images___588008,SUPIR/ava_images___588008.png,../../../mnt/ssd2/29o_rya/datasets/iqa/QualiSR-Set120/hr/ava_images___588008.png,../../../mnt/ssd2/29o_rya/datasets/iqa/QualiSR-Set120/lr/ava_images___588008.png,train,0.17836250000000042,-0.6995425000000015,-0.09597899999999981,0.3483646,-0.27209099999999964
QualiSR-Set120/PASD/ava_images___645845.npy.gz,PASD,ava_images___645845.png,../../../mnt/ssd2/29o_rya/datasets/iqa/QualiSR-Set120/sr/PASD/ava_images___645845.png,QualiSR-Set120,ava_images___645845,PASD/ava_images___645845.png,../../../mnt/ssd2/29o_rya/datasets/iqa/QualiSR-Set120/hr/ava_images___645845.png,../../../mnt/ssd2/29o_rya/datasets/iqa/QualiSR-Set120/lr/ava_images___645845.png,test,10.81570123,8.5826955,4.054159200000001,-0.07363499999999945,4.483426
QualiSR-Set120/RealESRGAN/ava_images___645845.npy.gz,RealESRGAN,ava_images___645845.png,../../../mnt/ssd2/29o_rya/datasets/iqa/QualiSR-Set120/sr/RealESRGAN/ava_images___645845.png,QualiSR-Set120,ava_images___645845,RealESRGAN/ava_images___645845.png,../../../mnt/ssd2/29o_rya/datasets/iqa/QualiSR-Set120/hr/ava_images___645845.png,../../../mnt/ssd2/29o_rya/datasets/iqa/QualiSR-Set120/lr/ava_images___645845.png,test,8.61533414,8.288675999999999,5.6744176,-0.01611300000000071,6.7567263109999995
QualiSR-Set120/SUPIR/ava_images___645845.npy.gz,SUPIR,ava_images___645845.png,../../../mnt/ssd2/29o_rya/datasets/iqa/QualiSR-Set120/sr/SUPIR/ava_images___645845.png,QualiSR-Set120,ava_images___645845,SUPIR/ava_images___645845.png,../../../mnt/ssd2/29o_rya/datasets/iqa/QualiSR-Set120/hr/ava_images___645845.png,../../../mnt/ssd2/29o_rya/datasets/iqa/QualiSR-Set120/lr/ava_images___645845.png,test,5.40039723,4.9770007000000005,3.5710254000000003,-0.4394480000000005,5.6358146
QualiSR-Set120/PASD/ava_images___699615.npy.gz,PASD,ava_images___699615.png,../../../mnt/ssd2/29o_rya/datasets/iqa/QualiSR-Set120/sr/PASD/ava_images___699615.png,QualiSR-Set120,ava_images___699615,PASD/ava_images___699615.png,../../../mnt/ssd2/29o_rya/datasets/iqa/QualiSR-Set120/hr/ava_images___699615.png,../../../mnt/ssd2/29o_rya/datasets/iqa/QualiSR-Set120/lr/ava_images___699615.png,train,3.597770999999999,4.1873226,-24.392303999999996,62.67284000000001,24.313373999999996
QualiSR-Set120/RealESRGAN/ava_images___699615.npy.gz,RealESRGAN,ava_images___699615.png,../../../mnt/ssd2/29o_rya/datasets/iqa/QualiSR-Set120/sr/RealESRGAN/ava_images___699615.png,QualiSR-Set120,ava_images___699615,RealESRGAN/ava_images___699615.png,../../../mnt/ssd2/29o_rya/datasets/iqa/QualiSR-Set120/hr/ava_images___699615.png,../../../mnt/ssd2/29o_rya/datasets/iqa/QualiSR-Set120/lr/ava_images___699615.png,train,4.437943999999999,0.8382845000000003,-15.743369999999999,43.936530000000005,19.324124000000005
QualiSR-Set120/SUPIR/ava_images___699615.npy.gz,SUPIR,ava_images___699615.png,../../../mnt/ssd2/29o_rya/datasets/iqa/QualiSR-Set120/sr/SUPIR/ava_images___699615.png,QualiSR-Set120,ava_images___699615,SUPIR/ava_images___699615.png,../../../mnt/ssd2/29o_rya/datasets/iqa/QualiSR-Set120/hr/ava_images___699615.png,../../../mnt/ssd2/29o_rya/datasets/iqa/QualiSR-Set120/lr/ava_images___699615.png,train,1.4658439999999988,1.9619016999999999,-15.492993999999996,42.789800000000014,16.464451000000004
QualiSR-Set120/PASD/ava_images___710191.npy.gz,PASD,ava_images___710191.png,../../../mnt/ssd2/29o_rya/datasets/iqa/QualiSR-Set120/sr/PASD/ava_images___710191.png,QualiSR-Set120,ava_images___710191,PASD/ava_images___710191.png,../../../mnt/ssd2/29o_rya/datasets/iqa/QualiSR-Set120/hr/ava_images___710191.png,../../../mnt/ssd2/29o_rya/datasets/iqa/QualiSR-Set120/lr/ava_images___710191.png,train,-0.07165700000000008,0.7659777000000005,5.4980175,-0.5987739999999988,4.060142000000001
QualiSR-Set120/RealESRGAN/ava_images___710191.npy.gz,RealESRGAN,ava_images___710191.png,../../../mnt/ssd2/29o_rya/datasets/iqa/QualiSR-Set120/sr/RealESRGAN/ava_images___710191.png,QualiSR-Set120,ava_images___710191,RealESRGAN/ava_images___710191.png,../../../mnt/ssd2/29o_rya/datasets/iqa/QualiSR-Set120/hr/ava_images___710191.png,../../../mnt/ssd2/29o_rya/datasets/iqa/QualiSR-Set120/lr/ava_images___710191.png,train,-0.6967824999999994,0.5618359999999996,2.7102670399999997,1.2725980000000003,0.9985714999999997
QualiSR-Set120/SUPIR/ava_images___710191.npy.gz,SUPIR,ava_images___710191.png,../../../mnt/ssd2/29o_rya/datasets/iqa/QualiSR-Set120/sr/SUPIR/ava_images___710191.png,QualiSR-Set120,ava_images___710191,SUPIR/ava_images___710191.png,../../../mnt/ssd2/29o_rya/datasets/iqa/QualiSR-Set120/hr/ava_images___710191.png,../../../mnt/ssd2/29o_rya/datasets/iqa/QualiSR-Set120/lr/ava_images___710191.png,train,-1.8088719999999991,2.2423780000000004,1.2970714,-2.9297520000000006,4.141103000000001
QualiSR-Set120/PASD/ava_images___737450.npy.gz,PASD,ava_images___737450.png,../../../mnt/ssd2/29o_rya/datasets/iqa/QualiSR-Set120/sr/PASD/ava_images___737450.png,QualiSR-Set120,ava_images___737450,PASD/ava_images___737450.png,../../../mnt/ssd2/29o_rya/datasets/iqa/QualiSR-Set120/hr/ava_images___737450.png,../../../mnt/ssd2/29o_rya/datasets/iqa/QualiSR-Set120/lr/ava_images___737450.png,train,-0.2694700000000019,1.2809423999999998,0.5031379999999999,6.319783000000001,-0.20507430000000015
QualiSR-Set120/RealESRGAN/ava_images___737450.npy.gz,RealESRGAN,ava_images___737450.png,../../../mnt/ssd2/29o_rya/datasets/iqa/QualiSR-Set120/sr/RealESRGAN/ava_images___737450.png,QualiSR-Set120,ava_images___737450,RealESRGAN/ava_images___737450.png,../../../mnt/ssd2/29o_rya/datasets/iqa/QualiSR-Set120/hr/ava_images___737450.png,../../../mnt/ssd2/29o_rya/datasets/iqa/QualiSR-Set120/lr/ava_images___737450.png,train,2.376792000000002,-1.1107987999999995,2.9266463,3.146227000000003,1.4035577999999997
QualiSR-Set120/SUPIR/ava_images___737450.npy.gz,SUPIR,ava_images___737450.png,../../../mnt/ssd2/29o_rya/datasets/iqa/QualiSR-Set120/sr/SUPIR/ava_images___737450.png,QualiSR-Set120,ava_images___737450,SUPIR/ava_images___737450.png,../../../mnt/ssd2/29o_rya/datasets/iqa/QualiSR-Set120/hr/ava_images___737450.png,../../../mnt/ssd2/29o_rya/datasets/iqa/QualiSR-Set120/lr/ava_images___737450.png,train,-0.4771540000000023,0.09388400000000008,0.12540500000000065,0.3143650000000022,-0.8160087000000003
QualiSR-Set120/PASD/ava_images___74410.npy.gz,PASD,ava_images___74410.png,../../../mnt/ssd2/29o_rya/datasets/iqa/QualiSR-Set120/sr/PASD/ava_images___74410.png,QualiSR-Set120,ava_images___74410,PASD/ava_images___74410.png,../../../mnt/ssd2/29o_rya/datasets/iqa/QualiSR-Set120/hr/ava_images___74410.png,../../../mnt/ssd2/29o_rya/datasets/iqa/QualiSR-Set120/lr/ava_images___74410.png,train,2.121561,0.1652149999999999,3.8678519999999996,-0.5004287000000005,2.1635240000000007
QualiSR-Set120/RealESRGAN/ava_images___74410.npy.gz,RealESRGAN,ava_images___74410.png,../../../mnt/ssd2/29o_rya/datasets/iqa/QualiSR-Set120/sr/RealESRGAN/ava_images___74410.png,QualiSR-Set120,ava_images___74410,RealESRGAN/ava_images___74410.png,../../../mnt/ssd2/29o_rya/datasets/iqa/QualiSR-Set120/hr/ava_images___74410.png,../../../mnt/ssd2/29o_rya/datasets/iqa/QualiSR-Set120/lr/ava_images___74410.png,train,0.8370820000000005,1.7595129999999983,2.9343772,0.22012039999999988,1.4889600000000005
QualiSR-Set120/SUPIR/ava_images___74410.npy.gz,SUPIR,ava_images___74410.png,../../../mnt/ssd2/29o_rya/datasets/iqa/QualiSR-Set120/sr/SUPIR/ava_images___74410.png,QualiSR-Set120,ava_images___74410,SUPIR/ava_images___74410.png,../../../mnt/ssd2/29o_rya/datasets/iqa/QualiSR-Set120/hr/ava_images___74410.png,../../../mnt/ssd2/29o_rya/datasets/iqa/QualiSR-Set120/lr/ava_images___74410.png,train,0.9233649999999987,0.7303490000000004,2.4527649999999994,1.2774516,1.3546180000000003
QualiSR-Set120/PASD/ava_images___751927.npy.gz,PASD,ava_images___751927.png,../../../mnt/ssd2/29o_rya/datasets/iqa/QualiSR-Set120/sr/PASD/ava_images___751927.png,QualiSR-Set120,ava_images___751927,PASD/ava_images___751927.png,../../../mnt/ssd2/29o_rya/datasets/iqa/QualiSR-Set120/hr/ava_images___751927.png,../../../mnt/ssd2/29o_rya/datasets/iqa/QualiSR-Set120/lr/ava_images___751927.png,train,1.5186419999999998,2.355708999999999,1.9514069,0.5543279999999999,-2.7617860000000007
QualiSR-Set120/RealESRGAN/ava_images___751927.npy.gz,RealESRGAN,ava_images___751927.png,../../../mnt/ssd2/29o_rya/datasets/iqa/QualiSR-Set120/sr/RealESRGAN/ava_images___751927.png,QualiSR-Set120,ava_images___751927,RealESRGAN/ava_images___751927.png,../../../mnt/ssd2/29o_rya/datasets/iqa/QualiSR-Set120/hr/ava_images___751927.png,../../../mnt/ssd2/29o_rya/datasets/iqa/QualiSR-Set120/lr/ava_images___751927.png,train,3.5565735,2.0262469999999997,0.6573710600000001,1.8706368000000002,1.5912480000000002
QualiSR-Set120/SUPIR/ava_images___751927.npy.gz,SUPIR,ava_images___751927.png,../../../mnt/ssd2/29o_rya/datasets/iqa/QualiSR-Set120/sr/SUPIR/ava_images___751927.png,QualiSR-Set120,ava_images___751927,SUPIR/ava_images___751927.png,../../../mnt/ssd2/29o_rya/datasets/iqa/QualiSR-Set120/hr/ava_images___751927.png,../../../mnt/ssd2/29o_rya/datasets/iqa/QualiSR-Set120/lr/ava_images___751927.png,train,1.4303460000000001,1.8449595999999993,3.489264,0.7767499999999998,-4.75037
QualiSR-Set120/PASD/ava_images___773899.npy.gz,PASD,ava_images___773899.png,../../../mnt/ssd2/29o_rya/datasets/iqa/QualiSR-Set120/sr/PASD/ava_images___773899.png,QualiSR-Set120,ava_images___773899,PASD/ava_images___773899.png,../../../mnt/ssd2/29o_rya/datasets/iqa/QualiSR-Set120/hr/ava_images___773899.png,../../../mnt/ssd2/29o_rya/datasets/iqa/QualiSR-Set120/lr/ava_images___773899.png,train,4.4453221,1.5305460000000002,1.1291816999999993,-1.2702229999999997,3.0514345
QualiSR-Set120/RealESRGAN/ava_images___773899.npy.gz,RealESRGAN,ava_images___773899.png,../../../mnt/ssd2/29o_rya/datasets/iqa/QualiSR-Set120/sr/RealESRGAN/ava_images___773899.png,QualiSR-Set120,ava_images___773899,RealESRGAN/ava_images___773899.png,../../../mnt/ssd2/29o_rya/datasets/iqa/QualiSR-Set120/hr/ava_images___773899.png,../../../mnt/ssd2/29o_rya/datasets/iqa/QualiSR-Set120/lr/ava_images___773899.png,train,-1.1787281,1.2537219999999998,2.5158954999999996,-0.2651620000000001,4.4194308
QualiSR-Set120/SUPIR/ava_images___773899.npy.gz,SUPIR,ava_images___773899.png,../../../mnt/ssd2/29o_rya/datasets/iqa/QualiSR-Set120/sr/SUPIR/ava_images___773899.png,QualiSR-Set120,ava_images___773899,SUPIR/ava_images___773899.png,../../../mnt/ssd2/29o_rya/datasets/iqa/QualiSR-Set120/hr/ava_images___773899.png,../../../mnt/ssd2/29o_rya/datasets/iqa/QualiSR-Set120/lr/ava_images___773899.png,train,0.10965730000000007,-1.1386600000000007,-0.19578830000000025,-0.032121000000000066,0.22472760000000003
QualiSR-Set120/PASD/ava_images___827653.npy.gz,PASD,ava_images___827653.png,../../../mnt/ssd2/29o_rya/datasets/iqa/QualiSR-Set120/sr/PASD/ava_images___827653.png,QualiSR-Set120,ava_images___827653,PASD/ava_images___827653.png,../../../mnt/ssd2/29o_rya/datasets/iqa/QualiSR-Set120/hr/ava_images___827653.png,../../../mnt/ssd2/29o_rya/datasets/iqa/QualiSR-Set120/lr/ava_images___827653.png,test,3.38154314,2.31959,1.2780351999999997,-0.026765500000000664,6.6462135
QualiSR-Set120/RealESRGAN/ava_images___827653.npy.gz,RealESRGAN,ava_images___827653.png,../../../mnt/ssd2/29o_rya/datasets/iqa/QualiSR-Set120/sr/RealESRGAN/ava_images___827653.png,QualiSR-Set120,ava_images___827653,RealESRGAN/ava_images___827653.png,../../../mnt/ssd2/29o_rya/datasets/iqa/QualiSR-Set120/hr/ava_images___827653.png,../../../mnt/ssd2/29o_rya/datasets/iqa/QualiSR-Set120/lr/ava_images___827653.png,test,6.3263998,2.0976090000000003,-1.6872902,-1.8033034,4.1485968
QualiSR-Set120/SUPIR/ava_images___827653.npy.gz,SUPIR,ava_images___827653.png,../../../mnt/ssd2/29o_rya/datasets/iqa/QualiSR-Set120/sr/SUPIR/ava_images___827653.png,QualiSR-Set120,ava_images___827653,SUPIR/ava_images___827653.png,../../../mnt/ssd2/29o_rya/datasets/iqa/QualiSR-Set120/hr/ava_images___827653.png,../../../mnt/ssd2/29o_rya/datasets/iqa/QualiSR-Set120/lr/ava_images___827653.png,test,0.38614270000000017,0.7241339999999994,-0.36488830000000005,-0.5834580000000003,0.0578403999999999
QualiSR-Set120/PASD/ava_images___842206.npy.gz,PASD,ava_images___842206.png,../../../mnt/ssd2/29o_rya/datasets/iqa/QualiSR-Set120/sr/PASD/ava_images___842206.png,QualiSR-Set120,ava_images___842206,PASD/ava_images___842206.png,../../../mnt/ssd2/29o_rya/datasets/iqa/QualiSR-Set120/hr/ava_images___842206.png,../../../mnt/ssd2/29o_rya/datasets/iqa/QualiSR-Set120/lr/ava_images___842206.png,test,-0.30204900000000023,2.844245,1.2774123999999998,0.8383824000000004,0.8029300000000004
QualiSR-Set120/RealESRGAN/ava_images___842206.npy.gz,RealESRGAN,ava_images___842206.png,../../../mnt/ssd2/29o_rya/datasets/iqa/QualiSR-Set120/sr/RealESRGAN/ava_images___842206.png,QualiSR-Set120,ava_images___842206,RealESRGAN/ava_images___842206.png,../../../mnt/ssd2/29o_rya/datasets/iqa/QualiSR-Set120/hr/ava_images___842206.png,../../../mnt/ssd2/29o_rya/datasets/iqa/QualiSR-Set120/lr/ava_images___842206.png,test,-0.20570400000000078,0.96394253,1.9300846999999999,2.4566375000000003,5.0531117000000005
QualiSR-Set120/SUPIR/ava_images___842206.npy.gz,SUPIR,ava_images___842206.png,../../../mnt/ssd2/29o_rya/datasets/iqa/QualiSR-Set120/sr/SUPIR/ava_images___842206.png,QualiSR-Set120,ava_images___842206,SUPIR/ava_images___842206.png,../../../mnt/ssd2/29o_rya/datasets/iqa/QualiSR-Set120/hr/ava_images___842206.png,../../../mnt/ssd2/29o_rya/datasets/iqa/QualiSR-Set120/lr/ava_images___842206.png,test,-0.13534800000000047,0.5136975999999999,0.2086714999999999,1.738257,0.8215124000000005
QualiSR-Set120/PASD/ava_images___846773.npy.gz,PASD,ava_images___846773.png,../../../mnt/ssd2/29o_rya/datasets/iqa/QualiSR-Set120/sr/PASD/ava_images___846773.png,QualiSR-Set120,ava_images___846773,PASD/ava_images___846773.png,../../../mnt/ssd2/29o_rya/datasets/iqa/QualiSR-Set120/hr/ava_images___846773.png,../../../mnt/ssd2/29o_rya/datasets/iqa/QualiSR-Set120/lr/ava_images___846773.png,train,-0.8930509999999998,0.044740999999998365,-0.1942920000000008,-0.26335049999999993,0.2570760000000014
QualiSR-Set120/RealESRGAN/ava_images___846773.npy.gz,RealESRGAN,ava_images___846773.png,../../../mnt/ssd2/29o_rya/datasets/iqa/QualiSR-Set120/sr/RealESRGAN/ava_images___846773.png,QualiSR-Set120,ava_images___846773,RealESRGAN/ava_images___846773.png,../../../mnt/ssd2/29o_rya/datasets/iqa/QualiSR-Set120/hr/ava_images___846773.png,../../../mnt/ssd2/29o_rya/datasets/iqa/QualiSR-Set120/lr/ava_images___846773.png,train,-1.0247209999999995,2.5835150000000002,2.459619,0.4002633000000001,2.3930820000000015
QualiSR-Set120/SUPIR/ava_images___846773.npy.gz,SUPIR,ava_images___846773.png,../../../mnt/ssd2/29o_rya/datasets/iqa/QualiSR-Set120/sr/SUPIR/ava_images___846773.png,QualiSR-Set120,ava_images___846773,SUPIR/ava_images___846773.png,../../../mnt/ssd2/29o_rya/datasets/iqa/QualiSR-Set120/hr/ava_images___846773.png,../../../mnt/ssd2/29o_rya/datasets/iqa/QualiSR-Set120/lr/ava_images___846773.png,train,0.014782000000000295,-0.08888400000000019,-0.05556800000000095,-0.2812433,-0.010747999999999536
QualiSR-Set120/PASD/ava_images___857447.npy.gz,PASD,ava_images___857447.png,../../../mnt/ssd2/29o_rya/datasets/iqa/QualiSR-Set120/sr/PASD/ava_images___857447.png,QualiSR-Set120,ava_images___857447,PASD/ava_images___857447.png,../../../mnt/ssd2/29o_rya/datasets/iqa/QualiSR-Set120/hr/ava_images___857447.png,../../../mnt/ssd2/29o_rya/datasets/iqa/QualiSR-Set120/lr/ava_images___857447.png,train,-1.6143990000000024,6.40522904,1.3098410999999994,-1.1069980000000008,-0.41632800000000003
QualiSR-Set120/RealESRGAN/ava_images___857447.npy.gz,RealESRGAN,ava_images___857447.png,../../../mnt/ssd2/29o_rya/datasets/iqa/QualiSR-Set120/sr/RealESRGAN/ava_images___857447.png,QualiSR-Set120,ava_images___857447,RealESRGAN/ava_images___857447.png,../../../mnt/ssd2/29o_rya/datasets/iqa/QualiSR-Set120/hr/ava_images___857447.png,../../../mnt/ssd2/29o_rya/datasets/iqa/QualiSR-Set120/lr/ava_images___857447.png,train,-2.7789220000000014,-2.6955999999999998,-0.2969090000000003,-0.02244500000000116,2.203765999999998
QualiSR-Set120/SUPIR/ava_images___857447.npy.gz,SUPIR,ava_images___857447.png,../../../mnt/ssd2/29o_rya/datasets/iqa/QualiSR-Set120/sr/SUPIR/ava_images___857447.png,QualiSR-Set120,ava_images___857447,SUPIR/ava_images___857447.png,../../../mnt/ssd2/29o_rya/datasets/iqa/QualiSR-Set120/hr/ava_images___857447.png,../../../mnt/ssd2/29o_rya/datasets/iqa/QualiSR-Set120/lr/ava_images___857447.png,train,-1.3301700000000025,3.8555569999999997,-0.3385100000000003,1.0339989999999997,-0.4370080000000023
QualiSR-Set120/PASD/ava_images___864250.npy.gz,PASD,ava_images___864250.png,../../../mnt/ssd2/29o_rya/datasets/iqa/QualiSR-Set120/sr/PASD/ava_images___864250.png,QualiSR-Set120,ava_images___864250,PASD/ava_images___864250.png,../../../mnt/ssd2/29o_rya/datasets/iqa/QualiSR-Set120/hr/ava_images___864250.png,../../../mnt/ssd2/29o_rya/datasets/iqa/QualiSR-Set120/lr/ava_images___864250.png,train,-0.749365000000001,2.19404986,1.1830580000000008,-0.5279760000000002,1.0869866
QualiSR-Set120/RealESRGAN/ava_images___864250.npy.gz,RealESRGAN,ava_images___864250.png,../../../mnt/ssd2/29o_rya/datasets/iqa/QualiSR-Set120/sr/RealESRGAN/ava_images___864250.png,QualiSR-Set120,ava_images___864250,RealESRGAN/ava_images___864250.png,../../../mnt/ssd2/29o_rya/datasets/iqa/QualiSR-Set120/hr/ava_images___864250.png,../../../mnt/ssd2/29o_rya/datasets/iqa/QualiSR-Set120/lr/ava_images___864250.png,train,0.6071482999999995,1.0224114,1.1904850000000007,1.5200619999999998,4.4804363
QualiSR-Set120/SUPIR/ava_images___864250.npy.gz,SUPIR,ava_images___864250.png,../../../mnt/ssd2/29o_rya/datasets/iqa/QualiSR-Set120/sr/SUPIR/ava_images___864250.png,QualiSR-Set120,ava_images___864250,SUPIR/ava_images___864250.png,../../../mnt/ssd2/29o_rya/datasets/iqa/QualiSR-Set120/hr/ava_images___864250.png,../../../mnt/ssd2/29o_rya/datasets/iqa/QualiSR-Set120/lr/ava_images___864250.png,train,0.5424869999999995,3.05694487,0.09816999999999965,1.0795063999999999,1.8969383299999998
QualiSR-Set120/PASD/ava_images___865616.npy.gz,PASD,ava_images___865616.png,../../../mnt/ssd2/29o_rya/datasets/iqa/QualiSR-Set120/sr/PASD/ava_images___865616.png,QualiSR-Set120,ava_images___865616,PASD/ava_images___865616.png,../../../mnt/ssd2/29o_rya/datasets/iqa/QualiSR-Set120/hr/ava_images___865616.png,../../../mnt/ssd2/29o_rya/datasets/iqa/QualiSR-Set120/lr/ava_images___865616.png,train,7.98188,-1.4098915000000005,0.5928206999999999,-1.6093509999999966,-1.2126992999999997
QualiSR-Set120/RealESRGAN/ava_images___865616.npy.gz,RealESRGAN,ava_images___865616.png,../../../mnt/ssd2/29o_rya/datasets/iqa/QualiSR-Set120/sr/RealESRGAN/ava_images___865616.png,QualiSR-Set120,ava_images___865616,RealESRGAN/ava_images___865616.png,../../../mnt/ssd2/29o_rya/datasets/iqa/QualiSR-Set120/hr/ava_images___865616.png,../../../mnt/ssd2/29o_rya/datasets/iqa/QualiSR-Set120/lr/ava_images___865616.png,train,7.087021,0.8711528999999998,1.3996639999999996,-3.608202000000002,0.6567566000000005
QualiSR-Set120/SUPIR/ava_images___865616.npy.gz,SUPIR,ava_images___865616.png,../../../mnt/ssd2/29o_rya/datasets/iqa/QualiSR-Set120/sr/SUPIR/ava_images___865616.png,QualiSR-Set120,ava_images___865616,SUPIR/ava_images___865616.png,../../../mnt/ssd2/29o_rya/datasets/iqa/QualiSR-Set120/hr/ava_images___865616.png,../../../mnt/ssd2/29o_rya/datasets/iqa/QualiSR-Set120/lr/ava_images___865616.png,train,4.831222,-2.5737238,-0.8479099000000003,-1.4774349999999998,-1.1313982999999999
QualiSR-Set120/PASD/ava_images___953752.npy.gz,PASD,ava_images___953752.png,../../../mnt/ssd2/29o_rya/datasets/iqa/QualiSR-Set120/sr/PASD/ava_images___953752.png,QualiSR-Set120,ava_images___953752,PASD/ava_images___953752.png,../../../mnt/ssd2/29o_rya/datasets/iqa/QualiSR-Set120/hr/ava_images___953752.png,../../../mnt/ssd2/29o_rya/datasets/iqa/QualiSR-Set120/lr/ava_images___953752.png,train,55.669430000000006,-2.203410000000005,2.5768237,1.3805770999999998,6.129131599999999
QualiSR-Set120/RealESRGAN/ava_images___953752.npy.gz,RealESRGAN,ava_images___953752.png,../../../mnt/ssd2/29o_rya/datasets/iqa/QualiSR-Set120/sr/RealESRGAN/ava_images___953752.png,QualiSR-Set120,ava_images___953752,RealESRGAN/ava_images___953752.png,../../../mnt/ssd2/29o_rya/datasets/iqa/QualiSR-Set120/hr/ava_images___953752.png,../../../mnt/ssd2/29o_rya/datasets/iqa/QualiSR-Set120/lr/ava_images___953752.png,train,51.44195000000002,-3.090482999999999,4.1502032,2.0103026,7.714790000000001
QualiSR-Set120/SUPIR/ava_images___953752.npy.gz,SUPIR,ava_images___953752.png,../../../mnt/ssd2/29o_rya/datasets/iqa/QualiSR-Set120/sr/SUPIR/ava_images___953752.png,QualiSR-Set120,ava_images___953752,SUPIR/ava_images___953752.png,../../../mnt/ssd2/29o_rya/datasets/iqa/QualiSR-Set120/hr/ava_images___953752.png,../../../mnt/ssd2/29o_rya/datasets/iqa/QualiSR-Set120/lr/ava_images___953752.png,train,55.17694,-3.8028740000000028,1.8059149999999997,3.1269798,5.9863105999999995
QualiSR-Set120/PASD/blur_dataset___out_of_focus0685.npy.gz,PASD,blur_dataset___out_of_focus0685.png,../../../mnt/ssd2/29o_rya/datasets/iqa/QualiSR-Set120/sr/PASD/blur_dataset___out_of_focus0685.png,QualiSR-Set120,blur_dataset___out_of_focus0685,PASD/blur_dataset___out_of_focus0685.png,../../../mnt/ssd2/29o_rya/datasets/iqa/QualiSR-Set120/hr/blur_dataset___out_of_focus0685.png,../../../mnt/ssd2/29o_rya/datasets/iqa/QualiSR-Set120/lr/blur_dataset___out_of_focus0685.png,train,5.453280400000001,-1.4563809999999986,1.0173305,-2.3938140000000008,1.7497720999999995
QualiSR-Set120/RealESRGAN/blur_dataset___out_of_focus0685.npy.gz,RealESRGAN,blur_dataset___out_of_focus0685.png,../../../mnt/ssd2/29o_rya/datasets/iqa/QualiSR-Set120/sr/RealESRGAN/blur_dataset___out_of_focus0685.png,QualiSR-Set120,blur_dataset___out_of_focus0685,RealESRGAN/blur_dataset___out_of_focus0685.png,../../../mnt/ssd2/29o_rya/datasets/iqa/QualiSR-Set120/hr/blur_dataset___out_of_focus0685.png,../../../mnt/ssd2/29o_rya/datasets/iqa/QualiSR-Set120/lr/blur_dataset___out_of_focus0685.png,train,7.2221918,-0.18283399999999972,3.6557458,0.1830160000000003,2.218936899999999
QualiSR-Set120/SUPIR/blur_dataset___out_of_focus0685.npy.gz,SUPIR,blur_dataset___out_of_focus0685.png,../../../mnt/ssd2/29o_rya/datasets/iqa/QualiSR-Set120/sr/SUPIR/blur_dataset___out_of_focus0685.png,QualiSR-Set120,blur_dataset___out_of_focus0685,SUPIR/blur_dataset___out_of_focus0685.png,../../../mnt/ssd2/29o_rya/datasets/iqa/QualiSR-Set120/hr/blur_dataset___out_of_focus0685.png,../../../mnt/ssd2/29o_rya/datasets/iqa/QualiSR-Set120/lr/blur_dataset___out_of_focus0685.png,train,1.0669336,-0.27726199999999857,0.915279,-0.11412600000000062,1.6715223999999997
QualiSR-Set120/PASD/voc_emotic_ava___EMOTIC__COCO_train2014_000000244530.npy.gz,PASD,voc_emotic_ava___EMOTIC__COCO_train2014_000000244530.png,../../../mnt/ssd2/29o_rya/datasets/iqa/QualiSR-Set120/sr/PASD/voc_emotic_ava___EMOTIC__COCO_train2014_000000244530.png,QualiSR-Set120,voc_emotic_ava___EMOTIC__COCO_train2014_000000244530,PASD/voc_emotic_ava___EMOTIC__COCO_train2014_000000244530.png,../../../mnt/ssd2/29o_rya/datasets/iqa/QualiSR-Set120/hr/voc_emotic_ava___EMOTIC__COCO_train2014_000000244530.png,../../../mnt/ssd2/29o_rya/datasets/iqa/QualiSR-Set120/lr/voc_emotic_ava___EMOTIC__COCO_train2014_000000244530.png,train,-0.6947320000000001,-2.8113325000000007,3.3432104999999996,0.7430396999999997,-1.3198739999999987
QualiSR-Set120/RealESRGAN/voc_emotic_ava___EMOTIC__COCO_train2014_000000244530.npy.gz,RealESRGAN,voc_emotic_ava___EMOTIC__COCO_train2014_000000244530.png,../../../mnt/ssd2/29o_rya/datasets/iqa/QualiSR-Set120/sr/RealESRGAN/voc_emotic_ava___EMOTIC__COCO_train2014_000000244530.png,QualiSR-Set120,voc_emotic_ava___EMOTIC__COCO_train2014_000000244530,RealESRGAN/voc_emotic_ava___EMOTIC__COCO_train2014_000000244530.png,../../../mnt/ssd2/29o_rya/datasets/iqa/QualiSR-Set120/hr/voc_emotic_ava___EMOTIC__COCO_train2014_000000244530.png,../../../mnt/ssd2/29o_rya/datasets/iqa/QualiSR-Set120/lr/voc_emotic_ava___EMOTIC__COCO_train2014_000000244530.png,train,0.2714560000000006,1.129749499999999,4.795117599999999,3.2121163,-1.766997
QualiSR-Set120/SUPIR/voc_emotic_ava___EMOTIC__COCO_train2014_000000244530.npy.gz,SUPIR,voc_emotic_ava___EMOTIC__COCO_train2014_000000244530.png,../../../mnt/ssd2/29o_rya/datasets/iqa/QualiSR-Set120/sr/SUPIR/voc_emotic_ava___EMOTIC__COCO_train2014_000000244530.png,QualiSR-Set120,voc_emotic_ava___EMOTIC__COCO_train2014_000000244530,SUPIR/voc_emotic_ava___EMOTIC__COCO_train2014_000000244530.png,../../../mnt/ssd2/29o_rya/datasets/iqa/QualiSR-Set120/hr/voc_emotic_ava___EMOTIC__COCO_train2014_000000244530.png,../../../mnt/ssd2/29o_rya/datasets/iqa/QualiSR-Set120/lr/voc_emotic_ava___EMOTIC__COCO_train2014_000000244530.png,train,-0.4846579999999996,-2.062671,0.4327489999999994,1.4555182999999996,-1.642911999999999
QualiSR-Set120/PASD/voc_emotic_ava___EMOTIC__COCO_train2014_000000247190.npy.gz,PASD,voc_emotic_ava___EMOTIC__COCO_train2014_000000247190.png,../../../mnt/ssd2/29o_rya/datasets/iqa/QualiSR-Set120/sr/PASD/voc_emotic_ava___EMOTIC__COCO_train2014_000000247190.png,QualiSR-Set120,voc_emotic_ava___EMOTIC__COCO_train2014_000000247190,PASD/voc_emotic_ava___EMOTIC__COCO_train2014_000000247190.png,../../../mnt/ssd2/29o_rya/datasets/iqa/QualiSR-Set120/hr/voc_emotic_ava___EMOTIC__COCO_train2014_000000247190.png,../../../mnt/ssd2/29o_rya/datasets/iqa/QualiSR-Set120/lr/voc_emotic_ava___EMOTIC__COCO_train2014_000000247190.png,train,9.568143000000001,32.857745,8.5936203,1.4278780999999996,-6.725530000000003
QualiSR-Set120/RealESRGAN/voc_emotic_ava___EMOTIC__COCO_train2014_000000247190.npy.gz,RealESRGAN,voc_emotic_ava___EMOTIC__COCO_train2014_000000247190.png,../../../mnt/ssd2/29o_rya/datasets/iqa/QualiSR-Set120/sr/RealESRGAN/voc_emotic_ava___EMOTIC__COCO_train2014_000000247190.png,QualiSR-Set120,voc_emotic_ava___EMOTIC__COCO_train2014_000000247190,RealESRGAN/voc_emotic_ava___EMOTIC__COCO_train2014_000000247190.png,../../../mnt/ssd2/29o_rya/datasets/iqa/QualiSR-Set120/hr/voc_emotic_ava___EMOTIC__COCO_train2014_000000247190.png,../../../mnt/ssd2/29o_rya/datasets/iqa/QualiSR-Set120/lr/voc_emotic_ava___EMOTIC__COCO_train2014_000000247190.png,train,5.497356,16.417617999999997,2.2762395,-0.6838900000000003,-2.166104999999998
QualiSR-Set120/SUPIR/voc_emotic_ava___EMOTIC__COCO_train2014_000000247190.npy.gz,SUPIR,voc_emotic_ava___EMOTIC__COCO_train2014_000000247190.png,../../../mnt/ssd2/29o_rya/datasets/iqa/QualiSR-Set120/sr/SUPIR/voc_emotic_ava___EMOTIC__COCO_train2014_000000247190.png,QualiSR-Set120,voc_emotic_ava___EMOTIC__COCO_train2014_000000247190,SUPIR/voc_emotic_ava___EMOTIC__COCO_train2014_000000247190.png,../../../mnt/ssd2/29o_rya/datasets/iqa/QualiSR-Set120/hr/voc_emotic_ava___EMOTIC__COCO_train2014_000000247190.png,../../../mnt/ssd2/29o_rya/datasets/iqa/QualiSR-Set120/lr/voc_emotic_ava___EMOTIC__COCO_train2014_000000247190.png,train,7.812391,32.838204999999995,1.6195101999999997,3.4159128699999997,-6.680299999999999
QualiSR-Set120/PASD/voc_emotic_ava___EMOTIC__COCO_val2014_000000020598.npy.gz,PASD,voc_emotic_ava___EMOTIC__COCO_val2014_000000020598.png,../../../mnt/ssd2/29o_rya/datasets/iqa/QualiSR-Set120/sr/PASD/voc_emotic_ava___EMOTIC__COCO_val2014_000000020598.png,QualiSR-Set120,voc_emotic_ava___EMOTIC__COCO_val2014_000000020598,PASD/voc_emotic_ava___EMOTIC__COCO_val2014_000000020598.png,../../../mnt/ssd2/29o_rya/datasets/iqa/QualiSR-Set120/hr/voc_emotic_ava___EMOTIC__COCO_val2014_000000020598.png,../../../mnt/ssd2/29o_rya/datasets/iqa/QualiSR-Set120/lr/voc_emotic_ava___EMOTIC__COCO_val2014_000000020598.png,train,2.952220500000001,2.9972382,-0.6485339999999997,-7.656180000000001,7.3156854
QualiSR-Set120/RealESRGAN/voc_emotic_ava___EMOTIC__COCO_val2014_000000020598.npy.gz,RealESRGAN,voc_emotic_ava___EMOTIC__COCO_val2014_000000020598.png,../../../mnt/ssd2/29o_rya/datasets/iqa/QualiSR-Set120/sr/RealESRGAN/voc_emotic_ava___EMOTIC__COCO_val2014_000000020598.png,QualiSR-Set120,voc_emotic_ava___EMOTIC__COCO_val2014_000000020598,RealESRGAN/voc_emotic_ava___EMOTIC__COCO_val2014_000000020598.png,../../../mnt/ssd2/29o_rya/datasets/iqa/QualiSR-Set120/hr/voc_emotic_ava___EMOTIC__COCO_val2014_000000020598.png,../../../mnt/ssd2/29o_rya/datasets/iqa/QualiSR-Set120/lr/voc_emotic_ava___EMOTIC__COCO_val2014_000000020598.png,train,-1.3682254999999994,0.9507323000000001,-0.24149300000000018,-1.5823295000000002,5.808207400000001
QualiSR-Set120/SUPIR/voc_emotic_ava___EMOTIC__COCO_val2014_000000020598.npy.gz,SUPIR,voc_emotic_ava___EMOTIC__COCO_val2014_000000020598.png,../../../mnt/ssd2/29o_rya/datasets/iqa/QualiSR-Set120/sr/SUPIR/voc_emotic_ava___EMOTIC__COCO_val2014_000000020598.png,QualiSR-Set120,voc_emotic_ava___EMOTIC__COCO_val2014_000000020598,SUPIR/voc_emotic_ava___EMOTIC__COCO_val2014_000000020598.png,../../../mnt/ssd2/29o_rya/datasets/iqa/QualiSR-Set120/hr/voc_emotic_ava___EMOTIC__COCO_val2014_000000020598.png,../../../mnt/ssd2/29o_rya/datasets/iqa/QualiSR-Set120/lr/voc_emotic_ava___EMOTIC__COCO_val2014_000000020598.png,train,-0.22958700000000043,4.6055747,-1.7412360000000007,0.653042000000001,4.1697197
QualiSR-Set120/PASD/voc_emotic_ava___JPEGImages__2008_003883.npy.gz,PASD,voc_emotic_ava___JPEGImages__2008_003883.png,../../../mnt/ssd2/29o_rya/datasets/iqa/QualiSR-Set120/sr/PASD/voc_emotic_ava___JPEGImages__2008_003883.png,QualiSR-Set120,voc_emotic_ava___JPEGImages__2008_003883,PASD/voc_emotic_ava___JPEGImages__2008_003883.png,../../../mnt/ssd2/29o_rya/datasets/iqa/QualiSR-Set120/hr/voc_emotic_ava___JPEGImages__2008_003883.png,../../../mnt/ssd2/29o_rya/datasets/iqa/QualiSR-Set120/lr/voc_emotic_ava___JPEGImages__2008_003883.png,test,3.96901814,1.9631290000000003,3.0555367,1.0194577999999996,3.647912
QualiSR-Set120/RealESRGAN/voc_emotic_ava___JPEGImages__2008_003883.npy.gz,RealESRGAN,voc_emotic_ava___JPEGImages__2008_003883.png,../../../mnt/ssd2/29o_rya/datasets/iqa/QualiSR-Set120/sr/RealESRGAN/voc_emotic_ava___JPEGImages__2008_003883.png,QualiSR-Set120,voc_emotic_ava___JPEGImages__2008_003883,RealESRGAN/voc_emotic_ava___JPEGImages__2008_003883.png,../../../mnt/ssd2/29o_rya/datasets/iqa/QualiSR-Set120/hr/voc_emotic_ava___JPEGImages__2008_003883.png,../../../mnt/ssd2/29o_rya/datasets/iqa/QualiSR-Set120/lr/voc_emotic_ava___JPEGImages__2008_003883.png,test,6.5672846300000005,2.1429460000000002,0.09507400000000032,0.31389719999999954,2.9934268
QualiSR-Set120/SUPIR/voc_emotic_ava___JPEGImages__2008_003883.npy.gz,SUPIR,voc_emotic_ava___JPEGImages__2008_003883.png,../../../mnt/ssd2/29o_rya/datasets/iqa/QualiSR-Set120/sr/SUPIR/voc_emotic_ava___JPEGImages__2008_003883.png,QualiSR-Set120,voc_emotic_ava___JPEGImages__2008_003883,SUPIR/voc_emotic_ava___JPEGImages__2008_003883.png,../../../mnt/ssd2/29o_rya/datasets/iqa/QualiSR-Set120/hr/voc_emotic_ava___JPEGImages__2008_003883.png,../../../mnt/ssd2/29o_rya/datasets/iqa/QualiSR-Set120/lr/voc_emotic_ava___JPEGImages__2008_003883.png,test,1.82581714,7.971001670000001,1.2762727000000003,2.9342868999999996,1.0736496999999998
QualiSR-Set120/PASD/voc_emotic_ava___VOC2012__2010_004399.npy.gz,PASD,voc_emotic_ava___VOC2012__2010_004399.png,../../../mnt/ssd2/29o_rya/datasets/iqa/QualiSR-Set120/sr/PASD/voc_emotic_ava___VOC2012__2010_004399.png,QualiSR-Set120,voc_emotic_ava___VOC2012__2010_004399,PASD/voc_emotic_ava___VOC2012__2010_004399.png,../../../mnt/ssd2/29o_rya/datasets/iqa/QualiSR-Set120/hr/voc_emotic_ava___VOC2012__2010_004399.png,../../../mnt/ssd2/29o_rya/datasets/iqa/QualiSR-Set120/lr/voc_emotic_ava___VOC2012__2010_004399.png,train,1.2071766999999998,3.280251,2.934563999999998,-0.8461668000000002,1.055804499999999
QualiSR-Set120/RealESRGAN/voc_emotic_ava___VOC2012__2010_004399.npy.gz,RealESRGAN,voc_emotic_ava___VOC2012__2010_004399.png,../../../mnt/ssd2/29o_rya/datasets/iqa/QualiSR-Set120/sr/RealESRGAN/voc_emotic_ava___VOC2012__2010_004399.png,QualiSR-Set120,voc_emotic_ava___VOC2012__2010_004399,RealESRGAN/voc_emotic_ava___VOC2012__2010_004399.png,../../../mnt/ssd2/29o_rya/datasets/iqa/QualiSR-Set120/hr/voc_emotic_ava___VOC2012__2010_004399.png,../../../mnt/ssd2/29o_rya/datasets/iqa/QualiSR-Set120/lr/voc_emotic_ava___VOC2012__2010_004399.png,train,5.1497784,14.018247000000002,2.2355360000000015,2.6487711999999997,1.5952400000000004
QualiSR-Set120/SUPIR/voc_emotic_ava___VOC2012__2010_004399.npy.gz,SUPIR,voc_emotic_ava___VOC2012__2010_004399.png,../../../mnt/ssd2/29o_rya/datasets/iqa/QualiSR-Set120/sr/SUPIR/voc_emotic_ava___VOC2012__2010_004399.png,QualiSR-Set120,voc_emotic_ava___VOC2012__2010_004399,SUPIR/voc_emotic_ava___VOC2012__2010_004399.png,../../../mnt/ssd2/29o_rya/datasets/iqa/QualiSR-Set120/hr/voc_emotic_ava___VOC2012__2010_004399.png,../../../mnt/ssd2/29o_rya/datasets/iqa/QualiSR-Set120/lr/voc_emotic_ava___VOC2012__2010_004399.png,train,-0.4915362999999999,11.501358999999997,4.746230999999998,-1.1746158000000002,-0.04993900000000018
QualiSR-Set120/PASD/voc_emotic_ava___VOC2012__2012_004043.npy.gz,PASD,voc_emotic_ava___VOC2012__2012_004043.png,../../../mnt/ssd2/29o_rya/datasets/iqa/QualiSR-Set120/sr/PASD/voc_emotic_ava___VOC2012__2012_004043.png,QualiSR-Set120,voc_emotic_ava___VOC2012__2012_004043,PASD/voc_emotic_ava___VOC2012__2012_004043.png,../../../mnt/ssd2/29o_rya/datasets/iqa/QualiSR-Set120/hr/voc_emotic_ava___VOC2012__2012_004043.png,../../../mnt/ssd2/29o_rya/datasets/iqa/QualiSR-Set120/lr/voc_emotic_ava___VOC2012__2012_004043.png,train,9.667038000000002,63.75945999999999,15.745659000000003,8.641522,8.825451000000001
QualiSR-Set120/RealESRGAN/voc_emotic_ava___VOC2012__2012_004043.npy.gz,RealESRGAN,voc_emotic_ava___VOC2012__2012_004043.png,../../../mnt/ssd2/29o_rya/datasets/iqa/QualiSR-Set120/sr/RealESRGAN/voc_emotic_ava___VOC2012__2012_004043.png,QualiSR-Set120,voc_emotic_ava___VOC2012__2012_004043,RealESRGAN/voc_emotic_ava___VOC2012__2012_004043.png,../../../mnt/ssd2/29o_rya/datasets/iqa/QualiSR-Set120/hr/voc_emotic_ava___VOC2012__2012_004043.png,../../../mnt/ssd2/29o_rya/datasets/iqa/QualiSR-Set120/lr/voc_emotic_ava___VOC2012__2012_004043.png,train,2.689286000000001,26.056810000000013,6.94997,5.8503925,9.930147000000002
QualiSR-Set120/SUPIR/voc_emotic_ava___VOC2012__2012_004043.npy.gz,SUPIR,voc_emotic_ava___VOC2012__2012_004043.png,../../../mnt/ssd2/29o_rya/datasets/iqa/QualiSR-Set120/sr/SUPIR/voc_emotic_ava___VOC2012__2012_004043.png,QualiSR-Set120,voc_emotic_ava___VOC2012__2012_004043,SUPIR/voc_emotic_ava___VOC2012__2012_004043.png,../../../mnt/ssd2/29o_rya/datasets/iqa/QualiSR-Set120/hr/voc_emotic_ava___VOC2012__2012_004043.png,../../../mnt/ssd2/29o_rya/datasets/iqa/QualiSR-Set120/lr/voc_emotic_ava___VOC2012__2012_004043.png,train,10.223292999999998,62.587379999999996,14.300125999999999,8.559262,4.365100999999999
